abs_td_error,agree,bfs_action,bfs_distance,difficulty,goal,greedy_action,maze_id,next,next_bfs_distance,path_index,pos,q_best_other,q_bfs,q_down,q_left,q_margin,q_right,q_up,shortest_len,source,start,td_error
0.15886955261231606,False,UP,8,easy,"(0, 4)",LEFT,manual_easy_0,"(5, 6)",7,0,"(6, 6)",68.56291961669922,68.20051574707031,66.06316375732422,68.56291961669922,-0.36240386962890625,67.38890075683594,68.20051574707031,8,manual,"(6, 6)",-0.15886955261231606
0.6510616302490178,False,UP,7,easy,"(0, 4)",LEFT,manual_easy_0,"(4, 6)",6,1,"(5, 6)",68.7390365600586,68.56713104248047,68.20035552978516,68.7390365600586,-0.171905517578125,67.51942443847656,68.56713104248047,8,manual,"(6, 6)",0.6510616302490178
0.6955484771728493,False,UP,6,easy,"(0, 4)",LEFT,manual_easy_0,"(3, 6)",5,2,"(4, 6)",69.9274673461914,69.20243835449219,67.69783020019531,69.9274673461914,-0.7250289916992188,68.1570816040039,69.20243835449219,8,manual,"(6, 6)",0.6955484771728493
2.0228284454345697,False,UP,5,easy,"(0, 4)",LEFT,manual_easy_0,"(2, 6)",4,3,"(3, 6)",70.61412811279297,69.12350463867188,69.04808044433594,70.61412811279297,-1.4906234741210938,68.30535888671875,69.12350463867188,8,manual,"(6, 6)",2.0228284454345697
1.0759860992431527,False,UP,4,easy,"(0, 4)",LEFT,manual_easy_0,"(1, 6)",3,4,"(2, 6)",71.87508392333984,68.12581634521484,70.21794128417969,71.87508392333984,-3.749267578125,70.01148986816406,68.12581634521484,8,manual,"(6, 6)",1.0759860992431527
3.363707427978511,False,UP,3,easy,"(0, 4)",LEFT,manual_easy_0,"(0, 6)",2,5,"(1, 6)",69.9109115600586,66.78887176513672,69.321533203125,69.9109115600586,-3.122039794921875,68.811279296875,66.78887176513672,8,manual,"(6, 6)",3.363707427978511
5.190893707275379,False,LEFT,2,easy,"(0, 4)",DOWN,manual_easy_0,"(0, 5)",1,6,"(0, 6)",70.87129211425781,60.562034606933594,70.87129211425781,60.562034606933594,-10.309257507324219,66.19634246826172,58.24549102783203,8,manual,"(6, 6)",5.190893707275379
1.431433906555176,False,LEFT,1,easy,"(0, 4)",DOWN,manual_easy_0,"(0, 4)",0,7,"(0, 5)",66.42720031738281,8.558566093444824,66.42720031738281,8.558566093444824,-57.86863422393799,54.386497497558594,16.40449333190918,8,manual,"(6, 6)",1.431433906555176
1.6696681213378923,True,DOWN,6,easy,"(2, 4)",DOWN,manual_easy_1,"(1, 0)",5,0,"(0, 0)",81.79586029052734,83.82835388183594,83.82835388183594,69.08955383300781,2.0324935913085938,81.79586029052734,71.96964263916016,6,manual,"(0, 0)",-1.6696681213378923
0.6042784118652236,False,DOWN,5,easy,"(2, 4)",RIGHT,manual_easy_1,"(2, 0)",4,1,"(1, 0)",82.99867248535156,82.87187957763672,82.87187957763672,68.3077621459961,-0.12679290771484375,82.99867248535156,80.94550323486328,6,manual,"(0, 0)",0.6042784118652236
1.1162444305419825,True,RIGHT,4,easy,"(2, 4)",RIGHT,manual_easy_1,"(2, 1)",3,2,"(2, 0)",82.69631958007812,84.32945251464844,82.69631958007812,69.28560638427734,1.6331329345703125,84.32945251464844,82.0473403930664,6,manual,"(0, 0)",1.1162444305419825
1.1741648101806703,True,RIGHT,3,easy,"(2, 4)",RIGHT,manual_easy_1,"(2, 2)",2,3,"(2, 1)",84.48997497558594,86.31888580322266,84.48997497558594,82.60814666748047,1.8289108276367188,86.31888580322266,83.3220443725586,6,manual,"(0, 0)",-1.1741648101806703
1.0344303894043065,False,RIGHT,2,easy,"(2, 4)",UP,manual_easy_1,"(2, 3)",1,4,"(2, 2)",86.0148696899414,85.8738021850586,84.28089904785156,82.9610366821289,-0.1410675048828125,85.8738021850586,86.0148696899414,6,manual,"(0, 0)",-1.0344303894043065
0.30096267700195334,False,RIGHT,1,easy,"(2, 4)",DOWN,manual_easy_1,"(2, 4)",0,5,"(2, 3)",85.70643615722656,9.689037322998047,85.70643615722656,72.7452163696289,-76.01739883422852,9.689037322998047,85.11597442626953,6,manual,"(0, 0)",0.30096267700195334
1.0884049224853527,True,RIGHT,7,easy,"(2, 7)",RIGHT,manual_easy_2,"(6, 5)",6,0,"(6, 4)",75.81381225585938,76.27079772949219,75.81381225585938,73.4482650756836,0.4569854736328125,76.27079772949219,67.39741516113281,7,manual,"(6, 4)",-1.0884049224853527
1.5563222503662075,True,UP,6,easy,"(2, 7)",UP,manual_easy_2,"(5, 5)",5,1,"(6, 5)",75.05252838134766,75.95191192626953,74.86616516113281,74.63811492919922,0.899383544921875,75.05252838134766,75.95191192626953,7,manual,"(6, 4)",1.5563222503662075
0.11876228332519645,True,UP,5,easy,"(2, 7)",UP,manual_easy_2,"(4, 5)",4,2,"(5, 5)",77.1302719116211,78.3012466430664,76.73243713378906,66.38839721679688,1.1709747314453125,77.1302719116211,78.3012466430664,7,manual,"(6, 4)",-0.11876228332519645
2.7219989013671864,True,UP,4,easy,"(2, 7)",UP,manual_easy_2,"(3, 5)",3,3,"(4, 5)",78.40879821777344,78.98230743408203,76.90087127685547,77.63643646240234,0.5735092163085938,78.40879821777344,78.98230743408203,7,manual,"(6, 4)",2.7219989013671864
0.047249603271495744,False,UP,3,easy,"(2, 7)",RIGHT,manual_easy_2,"(2, 5)",2,4,"(3, 5)",82.53970336914062,79.94707489013672,81.231201171875,81.26081848144531,-2.5926284790039062,82.53970336914062,79.94707489013672,7,manual,"(6, 4)",-0.047249603271495744
2.9324215698242284,False,RIGHT,2,easy,"(2, 7)",DOWN,manual_easy_2,"(2, 6)",1,5,"(2, 5)",80.71699523925781,79.72207641601562,80.71699523925781,75.89215087890625,-0.9949188232421875,79.72207641601562,78.96746063232422,7,manual,"(6, 4)",-2.9324215698242284
2.29631160736084,False,RIGHT,1,easy,"(2, 7)",DOWN,manual_easy_2,"(2, 7)",0,6,"(2, 6)",77.57540893554688,7.69368839263916,77.57540893554688,75.07978057861328,-69.88172054290771,7.69368839263916,72.5679702758789,7,manual,"(6, 4)",2.29631160736084
0.25855888366699276,False,DOWN,10,easy,"(7, 2)",LEFT,manual_easy_3,"(1, 5)",9,0,"(0, 5)",58.300167083740234,57.909767150878906,57.909767150878906,58.300167083740234,-0.3903999328613281,56.81197738647461,46.963600158691406,10,manual,"(0, 5)",-0.25855888366699276
0.9155958557128869,True,DOWN,9,easy,"(7, 2)",DOWN,manual_easy_3,"(2, 5)",8,1,"(1, 5)",58.15127182006836,58.24364471435547,58.24364471435547,57.296607971191406,0.09237289428710938,58.15127182006836,56.51322937011719,10,manual,"(0, 5)",-0.9155958557128869
0.22655773162841797,False,DOWN,8,easy,"(7, 2)",LEFT,manual_easy_3,"(3, 5)",7,2,"(2, 5)",57.91722106933594,57.481143951416016,57.481143951416016,57.91722106933594,-0.4360771179199219,57.825401306152344,57.81929397583008,10,manual,"(0, 5)",0.22655773162841797
0.014324264526365482,False,DOWN,7,easy,"(7, 2)",LEFT,manual_easy_3,"(4, 5)",6,3,"(3, 5)",58.30070877075195,57.54708480834961,57.54708480834961,58.30070877075195,-0.7536239624023438,57.32758331298828,58.068416595458984,10,manual,"(0, 5)",-0.014324264526365482
0.046771545410159376,False,DOWN,6,easy,"(7, 2)",UP,manual_easy_3,"(5, 5)",5,4,"(4, 5)",58.124000549316406,57.20429611206055,57.20429611206055,56.94232177734375,-0.9197044372558594,56.47075271606445,58.124000549316406,10,manual,"(0, 5)",0.046771545410159376
0.5334553527832071,False,DOWN,5,easy,"(7, 2)",UP,manual_easy_3,"(6, 5)",4,5,"(5, 5)",57.83946228027344,56.32211685180664,56.32211685180664,57.4752197265625,-1.5173454284667969,55.360660552978516,57.83946228027344,10,manual,"(0, 5)",0.5334553527832071
1.2514780807495072,False,DOWN,4,easy,"(7, 2)",LEFT,manual_easy_3,"(7, 5)",3,6,"(6, 5)",57.439971923828125,57.035865783691406,57.035865783691406,57.439971923828125,-0.40410614013671875,56.64179229736328,57.27552795410156,10,manual,"(0, 5)",-1.2514780807495072
0.7236069107055627,True,LEFT,3,easy,"(7, 2)",LEFT,manual_easy_3,"(7, 4)",2,7,"(7, 5)",55.939239501953125,56.357967376708984,45.70663833618164,56.357967376708984,0.4187278747558594,54.71516036987305,55.939239501953125,10,manual,"(0, 5)",-0.7236069107055627
1.0686565399169936,False,LEFT,2,easy,"(7, 2)",UP,manual_easy_3,"(7, 3)",1,8,"(7, 4)",56.206424713134766,55.930885314941406,46.480289459228516,55.930885314941406,-0.2755393981933594,54.18069076538086,56.206424713134766,10,manual,"(0, 5)",1.0686565399169936
0.7163045501708982,False,LEFT,1,easy,"(7, 2)",UP,manual_easy_3,"(7, 2)",0,9,"(7, 3)",57.58539581298828,10.706304550170898,43.28900146484375,10.706304550170898,-46.87909126281738,52.972408294677734,57.58539581298828,10,manual,"(0, 5)",-0.7163045501708982
0.3456337738037121,True,UP,6,easy,"(1, 2)",UP,manual_easy_4,"(3, 5)",5,0,"(4, 5)",72.19147491455078,72.67484283447266,69.9676742553711,72.19147491455078,0.483367919921875,70.48040771484375,72.67484283447266,6,manual,"(4, 5)",-0.3456337738037121
0.509686737060548,False,UP,5,easy,"(1, 2)",LEFT,manual_easy_4,"(2, 5)",4,1,"(3, 5)",73.06990814208984,71.68232727050781,70.22822570800781,73.06990814208984,-1.3875808715820312,70.14292907714844,71.68232727050781,6,manual,"(4, 5)",-0.509686737060548
0.2871480560302615,False,UP,4,easy,"(1, 2)",LEFT,manual_easy_4,"(1, 5)",3,2,"(2, 5)",71.90165710449219,69.81013488769531,70.16248321533203,71.90165710449219,-2.091522216796875,70.1265869140625,69.81013488769531,6,manual,"(4, 5)",0.2871480560302615
0.13058357238770668,True,LEFT,3,easy,"(1, 2)",LEFT,manual_easy_4,"(1, 4)",2,3,"(1, 5)",70.7159423828125,70.81543731689453,69.47093963623047,70.81543731689453,0.09949493408203125,70.7159423828125,67.82069396972656,6,manual,"(4, 5)",-0.13058357238770668
0.26815383911132074,True,LEFT,2,easy,"(1, 2)",LEFT,manual_easy_4,"(1, 3)",1,4,"(1, 4)",69.96275329589844,71.40894317626953,69.96275329589844,71.40894317626953,1.4461898803710938,68.22991943359375,69.35723114013672,6,manual,"(4, 5)",0.26815383911132074
1.5612022781372072,False,LEFT,1,easy,"(1, 2)",UP,manual_easy_4,"(1, 2)",0,5,"(1, 3)",72.41120910644531,8.428797721862793,69.84017944335938,8.428797721862793,-63.98241138458252,63.37685012817383,72.41120910644531,6,manual,"(4, 5)",1.5612022781372072
0.21852493286132812,True,UP,6,easy,"(3, 1)",UP,manual_easy_5,"(6, 3)",5,0,"(7, 3)",71.98426818847656,72.82915496826172,62.615989685058594,70.36148834228516,0.8448867797851562,71.98426818847656,72.82915496826172,6,manual,"(7, 3)",-0.21852493286132812
0.4233747100829959,False,LEFT,5,easy,"(3, 1)",RIGHT,manual_easy_5,"(6, 2)",4,1,"(6, 3)",73.35417175292969,69.393310546875,71.25203704833984,69.393310546875,-3.9608612060546875,73.35417175292969,62.919227600097656,6,manual,"(7, 3)",0.4233747100829959
2.9764936828613315,False,LEFT,4,easy,"(3, 1)",RIGHT,manual_easy_5,"(6, 1)",3,2,"(6, 2)",70.5320053100586,69.95287322998047,69.05101776123047,69.95287322998047,-0.579132080078125,70.5320053100586,55.61943054199219,6,manual,"(7, 3)",-2.9764936828613315
1.8155748748779246,False,UP,3,easy,"(3, 1)",RIGHT,manual_easy_5,"(5, 1)",2,3,"(6, 1)",67.66300964355469,65.07091522216797,67.6108627319336,67.59325408935547,-2.5920944213867188,67.66300964355469,65.07091522216797,6,manual,"(7, 3)",1.8155748748779246
3.3357027435302697,False,UP,2,easy,"(3, 1)",DOWN,manual_easy_5,"(4, 1)",1,4,"(5, 1)",67.57221221923828,61.39961242675781,67.57221221923828,65.66101837158203,-6.172599792480469,52.47146224975586,61.39961242675781,6,manual,"(7, 3)",-3.3357027435302697
9.434062728881836,False,UP,1,easy,"(3, 1)",LEFT,manual_easy_5,"(3, 1)",0,5,"(4, 1)",58.66051483154297,19.424062728881836,51.091426849365234,58.66051483154297,-39.23645210266113,48.08877944946289,19.424062728881836,6,manual,"(7, 3)",-9.434062728881836
0.5570214843749994,True,RIGHT,7,easy,"(5, 7)",RIGHT,manual_easy_6,"(6, 2)",6,0,"(6, 1)",65.16510772705078,65.46078491210938,64.84136199951172,64.15098571777344,0.29567718505859375,65.46078491210938,65.16510772705078,7,manual,"(6, 1)",-0.5570214843749994
0.8446762847900402,True,RIGHT,6,easy,"(5, 7)",RIGHT,manual_easy_6,"(6, 3)",5,1,"(6, 2)",65.1147232055664,65.5694580078125,64.55132293701172,65.1147232055664,0.45473480224609375,65.5694580078125,64.9986801147461,7,manual,"(6, 1)",0.8446762847900402
0.0007583618163948813,False,RIGHT,5,easy,"(5, 7)",UP,manual_easy_6,"(6, 4)",4,2,"(6, 3)",67.09508514404297,66.05007934570312,66.55652618408203,65.82059478759766,-1.0450057983398438,66.05007934570312,67.09508514404297,7,manual,"(6, 1)",0.0007583618163948813
1.472648773193356,False,RIGHT,4,easy,"(5, 7)",DOWN,manual_easy_6,"(6, 5)",3,3,"(6, 4)",66.72811889648438,65.1630859375,66.72811889648438,65.70735931396484,-1.565032958984375,65.1630859375,55.35675811767578,7,manual,"(6, 1)",1.472648773193356
1.123689804077145,False,RIGHT,3,easy,"(5, 7)",DOWN,manual_easy_6,"(6, 6)",2,4,"(6, 5)",67.31892395019531,67.05268859863281,67.31892395019531,66.21529388427734,-0.2662353515625,67.05268859863281,56.633663177490234,7,manual,"(6, 1)",1.123689804077145
1.0868847656250011,True,UP,2,easy,"(5, 7)",UP,manual_easy_6,"(5, 6)",1,5,"(6, 6)",68.38327026367188,68.87512969970703,68.38327026367188,67.19520568847656,0.49185943603515625,59.028690338134766,68.87512969970703,7,manual,"(6, 1)",1.0868847656250011
0.5393731689453123,False,RIGHT,1,easy,"(5, 7)",DOWN,manual_easy_6,"(5, 7)",0,6,"(5, 6)",70.67880249023438,10.529373168945312,70.67880249023438,60.27428436279297,-60.14942932128906,10.529373168945312,65.17949676513672,7,manual,"(6, 1)",-0.5393731689453123
0.3188707733154317,False,UP,11,easy,"(0, 7)",RIGHT,manual_easy_7,"(4, 1)",10,0,"(5, 1)",60.67734909057617,59.910316467285156,59.70111846923828,60.304771423339844,-0.7670326232910156,60.67734909057617,59.910316467285156,11,manual,"(5, 1)",0.3188707733154317
0.2415116500854495,False,UP,10,easy,"(0, 7)",RIGHT,manual_easy_7,"(3, 1)",9,1,"(4, 1)",60.84766387939453,59.172027587890625,60.16676712036133,59.33763885498047,-1.6756362915039062,60.84766387939453,59.172027587890625,11,manual,"(5, 1)",0.2415116500854495
0.10040393829345362,False,UP,9,easy,"(0, 7)",RIGHT,manual_easy_7,"(2, 1)",8,2,"(3, 1)",60.02377700805664,59.11216354370117,59.71676254272461,58.58331298828125,-0.9116134643554688,60.02377700805664,59.11216354370117,11,manual,"(5, 1)",-0.10040393829345362
0.22133525848389013,False,UP,8,easy,"(0, 7)",DOWN,manual_easy_7,"(1, 1)",7,3,"(2, 1)",59.61793899536133,59.230770111083984,59.61793899536133,59.05291748046875,-0.38716888427734375,59.35666275024414,59.230770111083984,11,manual,"(5, 1)",0.22133525848389013
0.8508918762207074,False,UP,7,easy,"(0, 7)",RIGHT,manual_easy_7,"(0, 1)",6,4,"(1, 1)",60.0627326965332,58.888423919677734,59.83539962768555,58.725547790527344,-1.1743087768554688,60.0627326965332,58.888423919677734,11,manual,"(5, 1)",0.8508918762207074
1.4067114639282252,False,RIGHT,6,easy,"(0, 7)",LEFT,manual_easy_7,"(0, 2)",5,5,"(0, 1)",60.35284423828125,60.305938720703125,60.11592483520508,60.35284423828125,-0.046905517578125,60.305938720703125,50.26028060913086,11,manual,"(5, 1)",1.4067114639282252
0.4959644699096657,True,RIGHT,5,easy,"(0, 7)",RIGHT,manual_easy_7,"(0, 3)",4,6,"(0, 2)",60.536800384521484,62.34611129760742,60.34104919433594,60.536800384521484,1.8093109130859375,62.34611129760742,51.20393371582031,11,manual,"(5, 1)",-0.4959644699096657
0.0638571548461897,True,RIGHT,4,easy,"(0, 7)",RIGHT,manual_easy_7,"(0, 4)",3,7,"(0, 3)",61.36235809326172,62.4849967956543,61.36235809326172,61.15213394165039,1.1226387023925781,62.4849967956543,51.31641387939453,11,manual,"(5, 1)",0.0638571548461897
0.7165171432495114,True,RIGHT,3,easy,"(0, 7)",RIGHT,manual_easy_7,"(0, 5)",2,8,"(0, 4)",63.037662506103516,63.19076156616211,63.037662506103516,61.467628479003906,0.15309906005859375,63.19076156616211,51.55690002441406,11,manual,"(5, 1)",-0.7165171432495114
1.1880747985839832,True,RIGHT,2,easy,"(0, 7)",RIGHT,manual_easy_7,"(0, 6)",1,9,"(0, 5)",61.91314697265625,63.11539840698242,61.91314697265625,61.137367248535156,1.2022514343261719,63.11539840698242,51.756248474121094,11,manual,"(5, 1)",1.1880747985839832
2.081953754425049,False,RIGHT,1,easy,"(0, 7)",DOWN,manual_easy_7,"(0, 7)",0,10,"(0, 6)",64.96310424804688,7.908046245574951,64.96310424804688,57.90696716308594,-57.055058002471924,7.908046245574951,47.55861282348633,11,manual,"(5, 1)",2.081953754425049
0.16192935943603715,False,DOWN,8,easy,"(7, 6)",RIGHT,manual_easy_8,"(6, 0)",7,0,"(5, 0)",53.80721664428711,53.7337646484375,53.7337646484375,43.56827163696289,-0.07345199584960938,53.80721664428711,53.30241012573242,8,manual,"(5, 0)",-0.16192935943603715
0.10809906005859204,False,DOWN,7,easy,"(7, 6)",RIGHT,manual_easy_8,"(7, 0)",6,1,"(6, 0)",54.12306594848633,53.76044845581055,53.76044845581055,43.813926696777344,-0.36261749267578125,54.12306594848633,54.05155944824219,8,manual,"(5, 0)",0.10809906005859204
1.932023468017583,False,RIGHT,6,easy,"(7, 6)",UP,manual_easy_8,"(7, 1)",5,2,"(7, 0)",54.42277526855469,52.38750457763672,44.32644271850586,42.631141662597656,-2.0352706909179688,52.38750457763672,54.42277526855469,8,manual,"(5, 0)",1.932023468017583
0.7818742370605491,False,RIGHT,5,easy,"(7, 6)",UP,manual_easy_8,"(7, 2)",4,3,"(7, 1)",54.87831115722656,52.9030876159668,44.4451789855957,51.761474609375,-1.9752235412597656,52.9030876159668,54.87831115722656,8,manual,"(5, 0)",0.7818742370605491
0.46346633911132784,False,RIGHT,4,easy,"(7, 6)",UP,manual_easy_8,"(7, 3)",3,4,"(7, 2)",54.237335205078125,53.19004440307617,44.60690689086914,51.897090911865234,-1.0472908020019531,53.19004440307617,54.237335205078125,8,manual,"(5, 0)",0.46346633911132784
0.5275550079345663,False,RIGHT,3,easy,"(7, 6)",UP,manual_easy_8,"(7, 4)",2,5,"(7, 3)",54.20556640625,53.746498107910156,45.8846549987793,51.90406036376953,-0.45906829833984375,53.746498107910156,54.20556640625,8,manual,"(5, 0)",-0.5275550079345663
0.629440002441406,False,RIGHT,2,easy,"(7, 6)",UP,manual_easy_8,"(7, 5)",1,6,"(7, 4)",53.76660919189453,53.04304885864258,44.95526885986328,53.42533874511719,-0.7235603332519531,53.04304885864258,53.76660919189453,8,manual,"(5, 0)",-0.629440002441406
1.9002082443237303,False,RIGHT,1,easy,"(7, 6)",UP,manual_easy_8,"(7, 6)",0,7,"(7, 5)",52.95314025878906,11.89020824432373,42.633697509765625,51.38771057128906,-41.06293201446533,11.89020824432373,52.95314025878906,8,manual,"(5, 0)",-1.9002082443237303
0.24123558044433935,False,RIGHT,7,easy,"(1, 7)",DOWN,manual_easy_9,"(1, 1)",6,0,"(1, 0)",75.38082885742188,74.46726989746094,75.38082885742188,64.4465103149414,-0.9135589599609375,74.46726989746094,73.26780700683594,7,manual,"(1, 0)",-0.24123558044433935
0.9268347167968756,False,RIGHT,6,easy,"(1, 7)",DOWN,manual_easy_9,"(1, 2)",5,1,"(1, 1)",74.98589324951172,74.90199279785156,74.98589324951172,72.62566375732422,-0.08390045166015625,74.90199279785156,72.5044937133789,7,manual,"(1, 0)",-0.9268347167968756
0.6463406372070324,False,RIGHT,5,easy,"(1, 7)",DOWN,manual_easy_9,"(1, 3)",4,2,"(1, 2)",74.73248291015625,74.4638671875,74.73248291015625,71.67913055419922,-0.26861572265625,74.4638671875,72.17203521728516,7,manual,"(1, 0)",0.6463406372070324
2.8503385925292974,True,RIGHT,4,easy,"(1, 7)",RIGHT,manual_easy_9,"(1, 4)",3,3,"(1, 3)",75.75968170166016,75.87899780273438,75.75968170166016,73.76216125488281,0.11931610107421875,75.87899780273438,72.53491973876953,7,manual,"(1, 0)",2.8503385925292974
2.588100509643567,False,RIGHT,3,easy,"(1, 7)",DOWN,manual_easy_9,"(1, 5)",2,4,"(1, 4)",79.53468322753906,77.87631225585938,79.53468322753906,74.93657684326172,-1.6583709716796875,77.87631225585938,76.86261749267578,7,manual,"(1, 0)",-2.588100509643567
4.394243927001952,False,RIGHT,2,easy,"(1, 7)",UP,manual_easy_9,"(1, 6)",1,5,"(1, 5)",76.05879974365234,75.79151153564453,68.44020080566406,74.4139404296875,-0.2672882080078125,75.79151153564453,76.05879974365234,7,manual,"(1, 0)",4.394243927001952
0.7755487060546873,False,RIGHT,1,easy,"(1, 7)",DOWN,manual_easy_9,"(1, 7)",0,6,"(1, 6)",81.00581359863281,10.765548706054688,81.00581359863281,77.75133514404297,-70.24026489257812,10.765548706054688,72.85612487792969,7,manual,"(1, 0)",-0.7755487060546873
0.18065563201904666,True,LEFT,16,medium,"(5, 6)",LEFT,manual_medium_0,"(1, 1)",15,0,"(1, 2)",53.50687026977539,54.31243133544922,47.433223724365234,54.31243133544922,0.8055610656738281,53.50687026977539,43.84996032714844,16,manual,"(1, 2)",0.18065563201904666
0.33091960906982365,False,LEFT,15,medium,"(5, 6)",RIGHT,manual_medium_0,"(1, 0)",14,1,"(1, 1)",55.05362319946289,53.55497360229492,45.98843002319336,53.55497360229492,-1.4986495971679688,55.05362319946289,39.52223205566406,16,manual,"(1, 2)",0.33091960906982365
0.5021155929565424,False,DOWN,14,medium,"(5, 6)",RIGHT,manual_medium_0,"(2, 0)",13,2,"(1, 0)",54.4402961730957,51.77206039428711,51.77206039428711,46.0393180847168,-2.6682357788085938,54.4402961730957,40.6669921875,16,manual,"(1, 2)",-0.5021155929565424
1.5992959213256839,True,DOWN,13,medium,"(5, 6)",DOWN,manual_medium_0,"(3, 0)",12,3,"(2, 0)",49.40792465209961,51.79792404174805,51.79792404174805,46.109153747558594,2.3899993896484375,46.10244369506836,49.40792465209961,16,manual,"(1, 2)",-1.5992959213256839
0.633334197998046,True,DOWN,12,medium,"(5, 6)",DOWN,manual_medium_0,"(4, 0)",11,4,"(3, 0)",49.897579193115234,50.71578598022461,50.71578598022461,46.23450469970703,0.818206787109375,46.00300216674805,49.897579193115234,16,manual,"(1, 2)",0.633334197998046
1.8803668212890656,False,DOWN,11,medium,"(5, 6)",UP,manual_medium_0,"(5, 0)",10,5,"(4, 0)",51.877899169921875,51.83962631225586,51.83962631225586,48.07740783691406,-0.038272857666015625,47.134986877441406,51.877899169921875,16,manual,"(1, 2)",1.8803668212890656
1.6426243209838916,False,DOWN,10,medium,"(5, 6)",UP,manual_medium_0,"(6, 0)",9,6,"(5, 0)",54.27272033691406,53.72650146484375,53.72650146484375,45.82913589477539,-0.5462188720703125,47.623111724853516,54.27272033691406,16,manual,"(1, 2)",1.6426243209838916
0.6630769729614272,True,DOWN,9,medium,"(5, 6)",DOWN,manual_medium_0,"(7, 0)",8,7,"(6, 0)",55.094940185546875,55.93851089477539,55.93851089477539,46.9874153137207,0.8435707092285156,48.427974700927734,55.094940185546875,16,manual,"(1, 2)",0.6630769729614272
1.574304084777836,True,RIGHT,8,medium,"(5, 6)",RIGHT,manual_medium_0,"(7, 1)",7,8,"(7, 0)",55.379150390625,57.18342208862305,45.9156379699707,46.807029724121094,1.8042716979980469,57.18342208862305,55.379150390625,16,manual,"(1, 2)",1.574304084777836
2.07529354095459,False,RIGHT,7,medium,"(5, 6)",LEFT,manual_medium_0,"(7, 2)",6,9,"(7, 1)",59.3613395690918,58.36924362182617,43.65743637084961,59.3613395690918,-0.992095947265625,58.36924362182617,46.3529167175293,16,manual,"(1, 2)",-2.07529354095459
4.176814918518069,False,RIGHT,6,medium,"(5, 6)",LEFT,manual_medium_0,"(7, 3)",5,10,"(7, 2)",56.872676849365234,53.411842346191406,40.6133918762207,56.872676849365234,-3.460834503173828,53.411842346191406,44.948184967041016,16,manual,"(1, 2)",4.176814918518069
6.1671631622314464,False,RIGHT,5,medium,"(5, 6)",LEFT,manual_medium_0,"(7, 4)",4,11,"(7, 3)",58.18046188354492,49.38636779785156,36.55794906616211,58.18046188354492,-8.79409408569336,49.38636779785156,44.190093994140625,16,manual,"(1, 2)",6.1671631622314464
8.000739135742187,False,RIGHT,4,medium,"(5, 6)",LEFT,manual_medium_0,"(7, 5)",3,12,"(7, 4)",56.124778747558594,43.36613082885742,36.1192741394043,56.124778747558594,-12.758647918701172,43.36613082885742,42.48256301879883,16,manual,"(1, 2)",8.000739135742187
0.426400337219242,False,RIGHT,3,medium,"(5, 6)",LEFT,manual_medium_0,"(7, 6)",2,13,"(7, 5)",51.89582824707031,42.87431335449219,36.494056701660156,51.89582824707031,-9.021514892578125,42.87431335449219,39.1013069152832,16,manual,"(1, 2)",0.426400337219242
5.827396812438966,False,UP,2,medium,"(5, 6)",RIGHT,manual_medium_0,"(6, 6)",1,14,"(7, 6)",43.74819564819336,31.82240867614746,24.778827667236328,41.75943374633789,-11.925786972045898,43.74819564819336,31.82240867614746,16,manual,"(1, 2)",-5.827396812438966
13.977735271453858,False,UP,1,medium,"(5, 6)",RIGHT,manual_medium_0,"(5, 6)",0,15,"(6, 6)",26.267688751220703,-3.9877352714538574,22.074382781982422,20.791790008544922,-30.25542402267456,26.267688751220703,-3.9877352714538574,16,manual,"(1, 2)",13.977735271453858
0.23359905242919865,True,DOWN,25,medium,"(7, 6)",DOWN,manual_medium_1,"(1, 0)",24,0,"(0, 0)",44.219581604003906,50.16993713378906,50.16993713378906,44.219581604003906,5.950355529785156,43.21431350708008,41.09947967529297,25,manual,"(0, 0)",0.23359905242919865
1.0560151672363247,True,DOWN,24,medium,"(7, 6)",DOWN,manual_medium_1,"(2, 0)",23,1,"(1, 0)",50.597068786621094,50.92276382446289,50.92276382446289,45.56163787841797,0.3256950378417969,43.468284606933594,50.597068786621094,25,manual,"(0, 0)",-1.0560151672363247
0.070117759704587,False,DOWN,23,medium,"(7, 6)",UP,manual_medium_1,"(3, 0)",22,2,"(2, 0)",50.38055419921875,50.025203704833984,50.025203704833984,45.20862579345703,-0.3553504943847656,43.839054107666016,50.38055419921875,25,manual,"(0, 0)",-0.070117759704587
0.9963041687011724,False,DOWN,22,medium,"(7, 6)",UP,manual_medium_1,"(4, 0)",21,3,"(3, 0)",50.469783782958984,49.65853500366211,49.65853500366211,42.92388916015625,-0.811248779296875,40.74906539916992,50.469783782958984,25,manual,"(0, 0)",0.9963041687011724
0.5453092575073271,False,DOWN,21,medium,"(7, 6)",UP,manual_medium_1,"(5, 0)",20,4,"(4, 0)",51.176605224609375,48.812137603759766,48.812137603759766,41.321807861328125,-2.3644676208496094,39.8714714050293,51.176605224609375,25,manual,"(0, 0)",0.5453092575073271
2.0626208877563457,True,RIGHT,20,medium,"(7, 6)",RIGHT,manual_medium_1,"(5, 1)",19,5,"(5, 0)",48.044532775878906,49.86610794067383,40.28011703491211,38.81547927856445,1.8215751647949219,49.86610794067383,48.044532775878906,25,manual,"(0, 0)",-2.0626208877563457
0.09528606414794893,True,RIGHT,19,medium,"(7, 6)",RIGHT,manual_medium_1,"(5, 2)",18,6,"(5, 1)",45.28655242919922,48.296451568603516,39.34511184692383,45.28655242919922,3.009899139404297,48.296451568603516,37.38563919067383,25,manual,"(0, 0)",0.09528606414794893
1.8965888214111288,False,RIGHT,18,medium,"(7, 6)",LEFT,manual_medium_1,"(5, 3)",17,7,"(5, 2)",48.89064407348633,48.54999923706055,38.511592864990234,48.89064407348633,-0.34064483642578125,48.54999923706055,37.391170501708984,25,manual,"(0, 0)",-1.8965888214111288
2.634878807067871,False,RIGHT,17,medium,"(7, 6)",LEFT,manual_medium_1,"(5, 4)",16,8,"(5, 3)",47.13475799560547,46.847904205322266,37.85427474975586,47.13475799560547,-0.2868537902832031,46.847904205322266,38.06241989135742,25,manual,"(0, 0)",2.634878807067871
3.5695235061645505,False,UP,16,medium,"(7, 6)",LEFT,manual_medium_1,"(4, 4)",15,9,"(5, 4)",49.99271011352539,42.89976119995117,40.09757614135742,49.99271011352539,-7.092948913574219,41.06367874145508,42.89976119995117,25,manual,"(0, 0)",3.5695235061645505
5.430356025695801,False,UP,15,medium,"(7, 6)",DOWN,manual_medium_1,"(3, 4)",14,10,"(4, 4)",46.94877243041992,43.83732223510742,46.94877243041992,42.30232620239258,-3.1114501953125,39.90811538696289,43.83732223510742,25,manual,"(0, 0)",5.430356025695801
0.07617469787597742,False,LEFT,14,medium,"(7, 6)",DOWN,manual_medium_1,"(3, 3)",13,11,"(3, 4)",49.77543258666992,49.40771484375,49.77543258666992,49.40771484375,-0.3677177429199219,38.02988815307617,38.02710723876953,25,manual,"(0, 0)",0.07617469787597742
0.9289500427246082,True,LEFT,13,medium,"(7, 6)",LEFT,manual_medium_1,"(3, 2)",12,12,"(3, 3)",49.70405960083008,49.99382781982422,43.5323600769043,49.99382781982422,0.2897682189941406,49.70405960083008,41.2033576965332,25,manual,"(0, 0)",0.9289500427246082
1.1906892776489215,False,UP,12,medium,"(7, 6)",RIGHT,manual_medium_1,"(2, 2)",11,13,"(3, 2)",51.44725036621094,49.475067138671875,42.68284225463867,42.098167419433594,-1.9721832275390625,51.44725036621094,49.475067138671875,25,manual,"(0, 0)",-1.1906892776489215
2.185842704772952,False,UP,11,medium,"(7, 6)",DOWN,manual_medium_1,"(1, 2)",10,14,"(2, 2)",48.78219985961914,47.90916442871094,48.78219985961914,43.068546295166016,-0.8730354309082031,43.36851119995117,47.90916442871094,25,manual,"(0, 0)",2.185842704772952
2.4503426361084024,True,RIGHT,10,medium,"(7, 6)",RIGHT,manual_medium_1,"(1, 3)",9,15,"(1, 2)",50.17304611206055,50.61111831665039,50.13294219970703,42.61833190917969,0.43807220458984375,50.61111831665039,50.17304611206055,25,manual,"(0, 0)",2.4503426361084024
1.891290130615232,True,RIGHT,9,medium,"(7, 6)",RIGHT,manual_medium_1,"(1, 4)",8,16,"(1, 3)",52.55005645751953,53.60753631591797,41.56023406982422,52.55005645751953,1.0574798583984375,53.60753631591797,49.094337463378906,25,manual,"(0, 0)",-1.891290130615232
0.9660844039917009,True,RIGHT,8,medium,"(7, 6)",RIGHT,manual_medium_1,"(1, 5)",7,17,"(1, 4)",51.89012908935547,52.24873352050781,44.88539505004883,51.89012908935547,0.35860443115234375,52.24873352050781,51.73039627075195,25,manual,"(0, 0)",-0.9660844039917009
0.38342414855956974,True,RIGHT,7,medium,"(7, 6)",RIGHT,manual_medium_1,"(1, 6)",6,18,"(1, 5)",50.18746566772461,51.81075668334961,41.08061599731445,50.18746566772461,1.623291015625,51.81075668334961,48.98334503173828,25,manual,"(0, 0)",-0.38342414855956974
0.7533406448364275,False,DOWN,6,medium,"(7, 6)",RIGHT,manual_medium_1,"(2, 6)",5,19,"(1, 6)",51.95690155029297,49.52022933959961,49.52022933959961,50.891632080078125,-2.4366722106933594,51.95690155029297,47.600181579589844,25,manual,"(0, 0)",0.7533406448364275
1.489042320251464,False,DOWN,5,medium,"(7, 6)",RIGHT,manual_medium_1,"(3, 6)",4,20,"(2, 6)",50.79148483276367,50.61123275756836,50.61123275756836,42.06512451171875,-0.1802520751953125,50.79148483276367,49.215110778808594,25,manual,"(0, 0)",-1.489042320251464
2.432811546325688,False,DOWN,4,medium,"(7, 6)",RIGHT,manual_medium_1,"(4, 6)",3,21,"(3, 6)",49.628475189208984,48.84334945678711,48.84334945678711,41.80937957763672,-0.785125732421875,49.628475189208984,46.658355712890625,25,manual,"(0, 0)",2.432811546325688
1.193163604736327,False,DOWN,3,medium,"(7, 6)",RIGHT,manual_medium_1,"(5, 6)",2,22,"(4, 6)",51.804203033447266,47.11668014526367,47.11668014526367,41.48221206665039,-4.687522888183594,51.804203033447266,48.57448959350586,25,manual,"(0, 0)",-1.193163604736327
1.2912606430053728,False,DOWN,2,medium,"(7, 6)",RIGHT,manual_medium_1,"(6, 6)",1,23,"(5, 6)",46.397491455078125,39.30017852783203,39.30017852783203,36.05071258544922,-7.097312927246094,46.397491455078125,45.952789306640625,25,manual,"(0, 0)",1.2912606430053728
2.1117379760742185,False,DOWN,1,medium,"(7, 6)",RIGHT,manual_medium_1,"(7, 6)",0,24,"(6, 6)",41.01155471801758,12.101737976074219,12.101737976074219,23.235849380493164,-28.90981674194336,41.01155471801758,35.212162017822266,25,manual,"(0, 0)",-2.1117379760742185
2.004051780700685,False,DOWN,8,medium,"(6, 7)",LEFT,manual_medium_2,"(3, 3)",7,0,"(2, 3)",59.14867401123047,57.8338508605957,57.8338508605957,59.14867401123047,-1.3148231506347656,47.33665084838867,55.28171157836914,8,manual,"(2, 3)",2.004051780700685
1.2860289001464835,True,DOWN,7,medium,"(6, 7)",DOWN,manual_medium_2,"(4, 3)",6,1,"(3, 3)",59.77294921875,60.45242691040039,60.45242691040039,59.77294921875,0.6794776916503906,49.91131591796875,58.139259338378906,8,manual,"(2, 3)",-1.2860289001464835
0.13445655822754077,True,RIGHT,6,medium,"(6, 7)",RIGHT,manual_medium_2,"(4, 4)",5,2,"(4, 3)",59.523399353027344,59.774139404296875,59.523399353027344,59.187599182128906,0.25074005126953125,59.774139404296875,58.98139953613281,8,manual,"(2, 3)",-0.13445655822754077
1.3396099472045861,True,RIGHT,5,medium,"(6, 7)",RIGHT,manual_medium_2,"(4, 5)",4,3,"(4, 4)",59.74882888793945,60.25220489501953,49.346195220947266,59.74882888793945,0.5033760070800781,60.25220489501953,49.59625244140625,8,manual,"(2, 3)",-1.3396099472045861
4.394179229736331,False,DOWN,4,medium,"(6, 7)",RIGHT,manual_medium_2,"(5, 5)",3,4,"(4, 5)",59.51777267456055,57.847660064697266,57.847660064697266,58.54145050048828,-1.6701126098632812,59.51777267456055,57.72145080566406,8,manual,"(2, 3)",4.394179229736331
2.22786334991455,False,DOWN,3,medium,"(6, 7)",RIGHT,manual_medium_2,"(6, 5)",2,5,"(5, 5)",62.880645751953125,59.42472457885742,59.42472457885742,55.72132110595703,-3.455921173095703,62.880645751953125,59.441802978515625,8,manual,"(2, 3)",2.22786334991455
0.04499481201172273,True,RIGHT,2,medium,"(6, 7)",RIGHT,manual_medium_2,"(6, 6)",1,6,"(6, 5)",60.30325698852539,62.28544235229492,59.02288055419922,50.25175857543945,1.9821853637695312,62.28544235229492,60.30325698852539,8,manual,"(2, 3)",0.04499481201172273
1.1870572662353513,False,RIGHT,1,medium,"(6, 7)",UP,manual_medium_2,"(6, 7)",0,7,"(6, 6)",62.97013854980469,11.177057266235352,61.60099411010742,62.029075622558594,-51.793081283569336,11.177057266235352,62.97013854980469,8,manual,"(2, 3)",-1.1870572662353513
0.5971347808837848,True,UP,17,medium,"(0, 0)",UP,manual_medium_3,"(6, 0)",16,0,"(7, 0)",59.1577262878418,60.294342041015625,49.15681838989258,48.162593841552734,1.1366157531738281,59.1577262878418,60.294342041015625,17,manual,"(7, 0)",-0.5971347808837848
0.34445064544677706,True,UP,16,medium,"(0, 0)",UP,manual_medium_3,"(5, 0)",15,1,"(6, 0)",58.78384017944336,60.31031036376953,58.11967849731445,48.24163818359375,1.5264701843261719,58.78384017944336,60.31031036376953,17,manual,"(7, 0)",-0.34445064544677706
1.0717120742797874,True,RIGHT,15,medium,"(0, 0)",RIGHT,manual_medium_3,"(5, 1)",14,2,"(5, 0)",60.37873458862305,60.5816764831543,60.37873458862305,48.86370086669922,0.20294189453125,60.5816764831543,51.22875213623047,17,manual,"(7, 0)",1.0717120742797874
2.937932853698726,True,RIGHT,14,medium,"(0, 0)",RIGHT,manual_medium_3,"(5, 2)",13,3,"(5, 1)",61.53586959838867,62.286251068115234,61.53586959838867,58.7396125793457,0.7503814697265625,62.286251068115234,48.54627227783203,17,manual,"(7, 0)",-2.937932853698726
3.94570152282715,False,RIGHT,13,medium,"(0, 0)",LEFT,manual_medium_3,"(5, 3)",12,4,"(5, 2)",59.9578971862793,59.026424407958984,50.2839469909668,59.9578971862793,-0.9314727783203125,59.026424407958984,45.210487365722656,17,manual,"(7, 0)",3.94570152282715
0.5348617553710966,False,RIGHT,12,medium,"(0, 0)",LEFT,manual_medium_3,"(5, 4)",11,5,"(5, 3)",63.618309020996094,61.07475280761719,52.1860237121582,63.618309020996094,-2.5435562133789062,61.07475280761719,51.08205795288086,17,manual,"(7, 0)",0.5348617553710966
0.3903708648681672,False,RIGHT,11,medium,"(0, 0)",LEFT,manual_medium_3,"(5, 5)",10,6,"(5, 4)",62.242034912109375,60.669158935546875,49.94838333129883,62.242034912109375,-1.5728759765625,60.669158935546875,46.83441925048828,17,manual,"(7, 0)",0.3903708648681672
0.19621860504150845,False,UP,10,medium,"(0, 0)",LEFT,manual_medium_3,"(4, 5)",9,7,"(5, 5)",61.68639373779297,59.568275451660156,56.644325256347656,61.68639373779297,-2.1181182861328125,54.93683624267578,59.568275451660156,17,manual,"(7, 0)",0.19621860504150845
0.43454120635986726,False,UP,9,medium,"(0, 0)",DOWN,manual_medium_3,"(3, 5)",8,8,"(4, 5)",60.37827682495117,56.690582275390625,60.37827682495117,50.081764221191406,-3.687694549560547,52.1899299621582,56.690582275390625,17,manual,"(7, 0)",0.43454120635986726
1.6142804718017558,False,LEFT,8,medium,"(0, 0)",DOWN,manual_medium_3,"(3, 4)",7,9,"(3, 5)",57.71224594116211,56.536338806152344,57.71224594116211,56.536338806152344,-1.1759071350097656,49.835147857666016,48.90196228027344,17,manual,"(7, 0)",1.6142804718017558
2.312369880676272,True,LEFT,7,medium,"(0, 0)",LEFT,manual_medium_3,"(3, 3)",6,10,"(3, 4)",57.127315521240234,58.74810028076172,43.03652572631836,58.74810028076172,1.6207847595214844,57.127315521240234,48.59168243408203,17,manual,"(7, 0)",2.312369880676272
3.044991035461422,True,LEFT,6,medium,"(0, 0)",LEFT,manual_medium_3,"(3, 2)",5,11,"(3, 3)",59.59292221069336,61.68734359741211,47.627323150634766,61.68734359741211,2.09442138671875,59.59292221069336,50.8888053894043,17,manual,"(7, 0)",-3.044991035461422
3.211858673095705,False,LEFT,5,medium,"(0, 0)",RIGHT,manual_medium_3,"(3, 1)",4,12,"(3, 2)",59.24480056762695,58.76231384277344,48.406307220458984,58.76231384277344,-0.4824867248535156,59.24480056762695,48.05500411987305,17,manual,"(7, 0)",3.211858673095705
1.5887715530395496,True,UP,4,medium,"(0, 0)",UP,manual_medium_3,"(2, 1)",3,13,"(3, 1)",61.5324592590332,62.61027526855469,50.88418197631836,46.879608154296875,1.0778160095214844,61.5324592590332,62.61027526855469,17,manual,"(7, 0)",-1.5887715530395496
2.7155301284790028,False,UP,3,medium,"(0, 0)",DOWN,manual_medium_3,"(1, 1)",2,14,"(2, 1)",61.64798355102539,56.30364990234375,61.64798355102539,46.28725051879883,-5.344333648681641,53.33761978149414,56.30364990234375,17,manual,"(7, 0)",-2.7155301284790028
2.349789619445801,False,UP,2,medium,"(0, 0)",DOWN,manual_medium_3,"(0, 1)",1,15,"(1, 1)",54.1395149230957,50.265045166015625,54.1395149230957,38.20061111450195,-3.874469757080078,52.46998977661133,50.265045166015625,17,manual,"(7, 0)",2.349789619445801
10.225624879598618,False,LEFT,1,medium,"(0, 0)",DOWN,manual_medium_3,"(0, 0)",0,16,"(0, 1)",53.15639877319336,-0.23562487959861755,53.15639877319336,-0.23562487959861755,-53.39202365279198,34.98202133178711,50.06278610229492,17,manual,"(7, 0)",10.225624879598618
0.3751257324218713,False,LEFT,16,medium,"(0, 6)",RIGHT,manual_medium_4,"(6, 3)",15,0,"(6, 4)",58.3167839050293,56.82361602783203,48.24727249145508,56.82361602783203,-1.4931678771972656,58.3167839050293,50.03620910644531,16,manual,"(6, 4)",-0.3751257324218713
2.476421928405763,True,LEFT,15,medium,"(0, 6)",LEFT,manual_medium_4,"(6, 2)",14,1,"(6, 3)",56.58462905883789,57.028778076171875,48.38142776489258,57.028778076171875,0.4441490173339844,56.58462905883789,45.33555603027344,16,manual,"(6, 4)",-2.476421928405763
0.043170051574705326,False,LEFT,14,medium,"(0, 6)",RIGHT,manual_medium_4,"(6, 1)",13,2,"(6, 2)",55.11349105834961,54.98550033569336,47.19081115722656,54.98550033569336,-0.12799072265625,55.11349105834961,43.49031066894531,16,manual,"(6, 4)",-0.043170051574705326
0.11635948181152145,False,LEFT,13,medium,"(0, 6)",RIGHT,manual_medium_4,"(6, 0)",12,3,"(6, 1)",55.50740432739258,55.373680114746094,48.24495315551758,55.373680114746094,-0.13372421264648438,55.50740432739258,42.911842346191406,16,manual,"(6, 4)",0.11635948181152145
0.6048559951782195,True,UP,12,medium,"(0, 6)",UP,manual_medium_4,"(5, 0)",11,4,"(6, 0)",55.964141845703125,56.060646057128906,49.58842849731445,48.374908447265625,0.09650421142578125,55.964141845703125,56.060646057128906,16,manual,"(6, 4)",-0.6048559951782195
0.758107719421389,False,UP,11,medium,"(0, 6)",DOWN,manual_medium_4,"(4, 0)",10,5,"(5, 0)",56.02605056762695,55.02595520019531,56.02605056762695,47.04586410522461,-1.0000953674316406,46.87714385986328,55.02595520019531,16,manual,"(6, 4)",0.758107719421389
0.5158895874023415,True,UP,10,medium,"(0, 6)",UP,manual_medium_4,"(3, 0)",9,6,"(4, 0)",52.613548278808594,56.35763931274414,52.613548278808594,47.948768615722656,3.744091033935547,46.800621032714844,56.35763931274414,16,manual,"(6, 4)",-0.5158895874023415
0.12087486267089531,True,UP,9,medium,"(0, 6)",UP,manual_medium_4,"(2, 0)",8,7,"(3, 0)",52.12199783325195,56.41590881347656,52.12199783325195,47.8115234375,4.293910980224609,47.485904693603516,56.41590881347656,16,manual,"(6, 4)",-0.12087486267089531
0.48752593994140625,True,UP,8,medium,"(0, 6)",UP,manual_medium_4,"(1, 0)",7,8,"(2, 0)",56.20316696166992,56.87377166748047,56.20316696166992,43.84878921508789,0.6706047058105469,47.08981704711914,56.87377166748047,16,manual,"(6, 4)",0.48752593994140625
0.49015834808349723,True,UP,7,medium,"(0, 6)",UP,manual_medium_4,"(0, 0)",6,9,"(1, 0)",56.17617416381836,57.9508056640625,56.17617416381836,48.61731719970703,1.7746315002441406,45.44682693481445,57.9508056640625,16,manual,"(6, 4)",-0.49015834808349723
2.3681930541992173,False,RIGHT,6,medium,"(0, 6)",DOWN,manual_medium_4,"(0, 1)",5,10,"(0, 0)",58.0511589050293,55.35920333862305,58.0511589050293,48.59677505493164,-2.69195556640625,55.35920333862305,48.746368408203125,16,manual,"(6, 4)",2.3681930541992173
0.05971111297607479,False,RIGHT,5,medium,"(0, 6)",LEFT,manual_medium_4,"(0, 2)",4,11,"(0, 1)",58.32060241699219,57.755184173583984,49.27128982543945,58.32060241699219,-0.5654182434082031,57.755184173583984,49.74388885498047,16,manual,"(6, 4)",0.05971111297607479
1.408008193969728,True,RIGHT,4,medium,"(0, 6)",RIGHT,manual_medium_4,"(0, 3)",3,12,"(0, 2)",57.024391174316406,58.40898513793945,51.19374465942383,57.024391174316406,1.3845939636230469,58.40898513793945,50.985572814941406,16,manual,"(6, 4)",-1.408008193969728
2.5256300354003898,False,RIGHT,3,medium,"(0, 6)",LEFT,manual_medium_4,"(0, 4)",2,13,"(0, 3)",57.58684539794922,57.247406005859375,49.45991134643555,57.58684539794922,-0.33943939208984375,57.247406005859375,49.286781311035156,16,manual,"(6, 4)",-2.5256300354003898
0.3879457473754897,False,RIGHT,2,medium,"(0, 6)",LEFT,manual_medium_4,"(0, 5)",1,14,"(0, 4)",55.28462219238281,54.52854537963867,48.808841705322266,55.28462219238281,-0.7560768127441406,54.52854537963867,46.51893615722656,16,manual,"(6, 4)",0.3879457473754897
7.093866338729859,False,RIGHT,1,medium,"(0, 6)",DOWN,manual_medium_4,"(0, 6)",0,15,"(0, 5)",55.48130416870117,2.8961336612701416,55.48130416870117,30.757280349731445,-52.58517050743103,2.8961336612701416,38.41868591308594,16,manual,"(6, 4)",7.093866338729859
1.6764243698120112,False,LEFT,10,medium,"(1, 7)",RIGHT,manual_medium_5,"(4, 3)",9,0,"(4, 4)",62.49416732788086,60.3226318359375,48.1972541809082,60.3226318359375,-2.1715354919433594,62.49416732788086,52.38916778564453,10,manual,"(4, 4)",1.6764243698120112
5.811078643798822,False,LEFT,9,medium,"(1, 7)",RIGHT,manual_medium_5,"(4, 2)",8,1,"(4, 3)",62.63541030883789,59.427574157714844,47.20476150512695,59.427574157714844,-3.207836151123047,62.63541030883789,56.57972717285156,10,manual,"(4, 4)",5.811078643798822
5.038825454711912,True,UP,8,medium,"(1, 7)",UP,manual_medium_5,"(3, 2)",7,2,"(4, 2)",62.18865203857422,65.90773010253906,47.473690032958984,49.23219680786133,3.7190780639648438,62.18865203857422,65.90773010253906,10,manual,"(4, 4)",-5.038825454711912
0.3582864379882835,True,UP,7,medium,"(1, 7)",UP,manual_medium_5,"(2, 2)",6,3,"(3, 2)",58.152645111083984,61.49384307861328,58.152645111083984,48.45002746582031,3.341197967529297,52.45967102050781,61.49384307861328,10,manual,"(4, 4)",0.3582864379882835
0.6812611389160139,True,RIGHT,6,medium,"(1, 7)",RIGHT,manual_medium_5,"(2, 3)",5,4,"(2, 2)",59.48248291015625,62.48699951171875,59.48248291015625,44.20979309082031,3.0045166015625,62.48699951171875,51.958892822265625,10,manual,"(4, 4)",-0.6812611389160139
1.3474717712402366,True,RIGHT,5,medium,"(1, 7)",RIGHT,manual_medium_5,"(2, 4)",4,5,"(2, 3)",59.83137512207031,62.44013977050781,46.78772735595703,59.83137512207031,2.6087646484375,62.44013977050781,55.141605377197266,10,manual,"(4, 4)",1.3474717712402366
0.8613661193847548,True,RIGHT,4,medium,"(1, 7)",RIGHT,manual_medium_5,"(2, 5)",3,6,"(2, 4)",62.003082275390625,64.44203186035156,51.4798698425293,62.003082275390625,2.4389495849609375,64.44203186035156,56.508750915527344,10,manual,"(4, 4)",0.8613661193847548
7.7277072906494055,False,RIGHT,3,medium,"(1, 7)",LEFT,manual_medium_5,"(2, 6)",2,7,"(2, 5)",65.97312927246094,65.97015380859375,50.51620101928711,65.97312927246094,-0.0029754638671875,65.97015380859375,57.80646514892578,10,manual,"(4, 4)",7.7277072906494055
9.298311767578127,True,UP,2,medium,"(1, 7)",UP,manual_medium_5,"(1, 6)",1,8,"(2, 6)",68.4560317993164,74.45238494873047,58.798152923583984,68.4560317993164,5.9963531494140625,66.49022674560547,74.45238494873047,10,manual,"(4, 4)",-9.298311767578127
3.6677071952819826,False,RIGHT,1,medium,"(1, 7)",DOWN,manual_medium_5,"(1, 7)",0,9,"(1, 6)",65.82229614257812,6.322292804718018,65.82229614257812,54.03467559814453,-59.50000333786011,6.322292804718018,60.96057891845703,10,manual,"(4, 4)",3.6677071952819826
0.33602149963378736,False,UP,10,medium,"(2, 6)",LEFT,manual_medium_6,"(6, 1)",9,0,"(7, 1)",97.45429229736328,97.03479766845703,85.67445373535156,97.45429229736328,-0.41949462890625,96.354248046875,97.03479766845703,10,manual,"(7, 1)",0.33602149963378736
0.7915986633300776,True,UP,9,medium,"(2, 6)",UP,manual_medium_6,"(5, 1)",8,1,"(6, 1)",97.95828247070312,98.36446380615234,96.2645263671875,97.40157318115234,0.40618133544921875,97.95828247070312,98.36446380615234,10,manual,"(7, 1)",0.7915986633300776
2.069671173095699,False,UP,8,medium,"(2, 6)",RIGHT,manual_medium_6,"(4, 1)",7,2,"(5, 1)",100.16773986816406,97.73632049560547,97.90412902832031,98.68650817871094,-2.4314193725585938,100.16773986816406,97.73632049560547,10,manual,"(7, 1)",2.069671173095699
1.477626647949208,False,UP,7,medium,"(2, 6)",RIGHT,manual_medium_6,"(3, 1)",6,3,"(4, 1)",100.82423400878906,97.96389770507812,97.90642547607422,99.46148681640625,-2.8603363037109375,100.82423400878906,97.96389770507812,10,manual,"(7, 1)",1.477626647949208
0.7155713653564533,True,RIGHT,6,medium,"(2, 6)",RIGHT,manual_medium_6,"(3, 2)",5,4,"(3, 1)",99.0018539428711,100.45608520507812,98.093505859375,99.0018539428711,1.4542312622070312,100.45608520507812,97.79907989501953,10,manual,"(7, 1)",-0.7155713653564533
1.292731246948236,True,RIGHT,5,medium,"(2, 6)",RIGHT,manual_medium_6,"(3, 3)",4,5,"(3, 2)",100.10652923583984,100.75809478759766,98.35691833496094,99.9875717163086,0.6515655517578125,100.75809478759766,100.10652923583984,10,manual,"(7, 1)",1.292731246948236
2.328169708251963,True,RIGHT,4,medium,"(2, 6)",RIGHT,manual_medium_6,"(3, 4)",3,6,"(3, 3)",101.33628845214844,103.09174346923828,101.33628845214844,100.88350677490234,1.7554550170898438,103.09174346923828,101.09954071044922,10,manual,"(7, 1)",-2.328169708251963
3.4660784149169928,True,RIGHT,3,medium,"(2, 6)",RIGHT,manual_medium_6,"(3, 5)",2,7,"(3, 4)",99.6673812866211,101.79148864746094,77.26997375488281,99.6673812866211,2.1241073608398438,101.79148864746094,85.2505874633789,10,manual,"(7, 1)",-3.4660784149169928
10.426367568969724,False,UP,2,medium,"(2, 6)",DOWN,manual_medium_6,"(2, 5)",1,8,"(3, 5)",99.32869720458984,93.4417495727539,99.32869720458984,89.13800811767578,-5.8869476318359375,86.48431396484375,93.4417495727539,10,manual,"(7, 1)",10.426367568969724
3.562915077209473,False,RIGHT,1,medium,"(2, 6)",UP,manual_medium_6,"(2, 6)",0,9,"(2, 5)",104.9273910522461,6.427084922790527,94.39813995361328,70.80303955078125,-98.50030612945557,6.427084922790527,104.9273910522461,10,manual,"(7, 1)",3.562915077209473
1.5456005096435632,True,DOWN,8,medium,"(7, 5)",DOWN,manual_medium_7,"(1, 4)",7,0,"(0, 4)",64.22100830078125,66.00224304199219,66.00224304199219,63.374961853027344,1.7812347412109375,64.22100830078125,53.99179458618164,8,manual,"(0, 4)",-1.5456005096435632
0.8321923065185501,False,DOWN,7,medium,"(7, 5)",RIGHT,manual_medium_7,"(2, 4)",6,1,"(1, 4)",65.1178207397461,64.48001861572266,64.48001861572266,64.2841567993164,-0.6378021240234375,65.1178207397461,62.775489807128906,8,manual,"(0, 4)",-0.8321923065185501
1.031229858398433,True,DOWN,6,medium,"(7, 5)",DOWN,manual_medium_7,"(3, 4)",5,2,"(2, 4)",61.319358825683594,64.30083465576172,64.30083465576172,52.98728561401367,2.981475830078125,55.0123405456543,61.319358825683594,8,manual,"(0, 4)",-1.031229858398433
2.509274444580072,False,DOWN,5,medium,"(7, 5)",RIGHT,manual_medium_7,"(4, 4)",4,3,"(3, 4)",63.918792724609375,62.57875442504883,62.57875442504883,62.55420684814453,-1.3400382995605469,63.918792724609375,61.471107482910156,8,manual,"(0, 4)",2.509274444580072
2.433830871582032,False,DOWN,4,medium,"(7, 5)",RIGHT,manual_medium_7,"(5, 4)",3,4,"(4, 4)",65.75558471679688,65.35049438476562,65.35049438476562,58.23460388183594,-0.40509033203125,65.75558471679688,65.32734680175781,8,manual,"(0, 4)",-2.433830871582032
0.6449584579467782,False,DOWN,3,medium,"(7, 5)",UP,manual_medium_7,"(6, 4)",2,5,"(5, 4)",63.562286376953125,62.336605072021484,62.336605072021484,57.05211639404297,-1.2256813049316406,62.97412109375,63.562286376953125,8,manual,"(0, 4)",0.6449584579467782
1.844337921142575,False,DOWN,2,medium,"(7, 5)",UP,manual_medium_7,"(7, 4)",1,6,"(6, 4)",63.62784194946289,58.2717399597168,58.2717399597168,55.11908721923828,-5.356101989746094,59.21255874633789,63.62784194946289,8,manual,"(0, 4)",-1.844337921142575
1.72751594543457,False,RIGHT,1,medium,"(7, 5)",LEFT,manual_medium_7,"(7, 5)",0,7,"(7, 4)",57.007476806640625,11.71751594543457,47.19255447387695,57.007476806640625,-45.289960861206055,11.71751594543457,55.41968536376953,8,manual,"(0, 4)",-1.72751594543457
0.8318318176269486,False,RIGHT,13,medium,"(1, 2)",DOWN,manual_medium_8,"(6, 1)",12,0,"(6, 0)",72.06877136230469,71.4084243774414,72.06877136230469,61.86473846435547,-0.6603469848632812,71.4084243774414,63.293766021728516,13,manual,"(6, 0)",0.8318318176269486
0.9786289215087862,False,RIGHT,12,medium,"(1, 2)",DOWN,manual_medium_8,"(6, 2)",11,1,"(6, 1)",72.98005676269531,71.46707916259766,72.98005676269531,69.84011840820312,-1.5129776000976562,71.46707916259766,60.29013442993164,13,manual,"(6, 0)",0.9786289215087862
0.17041839599609432,False,RIGHT,11,medium,"(1, 2)",DOWN,manual_medium_8,"(6, 3)",10,2,"(6, 2)",73.18758392333984,71.51980590820312,73.18758392333984,71.86959838867188,-1.6677780151367188,71.51980590820312,60.28144836425781,13,manual,"(6, 0)",0.17041839599609432
0.5483321380615109,False,RIGHT,10,medium,"(1, 2)",DOWN,manual_medium_8,"(6, 4)",9,3,"(6, 3)",72.42446899414062,71.62686920166016,72.42446899414062,71.57266235351562,-0.7975997924804688,71.62686920166016,61.73016357421875,13,manual,"(6, 0)",0.5483321380615109
0.3288800811767487,True,UP,9,medium,"(1, 2)",UP,manual_medium_8,"(5, 4)",8,4,"(6, 4)",71.39691162109375,72.91434478759766,71.39691162109375,70.61150360107422,1.5174331665039062,70.47728729248047,72.91434478759766,13,manual,"(6, 0)",0.3288800811767487
2.7695475769043014,True,UP,8,medium,"(1, 2)",UP,manual_medium_8,"(4, 4)",7,5,"(5, 4)",72.62686920166016,73.99315643310547,72.62686920166016,64.84806823730469,1.3662872314453125,63.93129348754883,73.99315643310547,13,manual,"(6, 0)",-2.7695475769043014
0.7069702911377078,True,UP,7,medium,"(1, 2)",UP,manual_medium_8,"(3, 4)",6,6,"(4, 4)",71.70758056640625,71.95314025878906,69.86727905273438,71.36136627197266,0.2455596923828125,71.70758056640625,71.95314025878906,13,manual,"(6, 0)",-0.7069702911377078
3.3999163055419928,True,UP,6,medium,"(1, 2)",UP,manual_medium_8,"(2, 4)",5,7,"(3, 4)",70.04367065429688,71.9759292602539,69.18440246582031,64.77734375,1.9322586059570312,70.04367065429688,71.9759292602539,13,manual,"(6, 0)",-3.3999163055419928
0.5071582794189453,True,UP,5,medium,"(1, 2)",UP,manual_medium_8,"(1, 4)",4,8,"(2, 4)",68.38272094726562,69.27880096435547,68.22160339355469,62.44377899169922,0.8960800170898438,68.38272094726562,69.27880096435547,13,manual,"(6, 0)",0.5071582794189453
1.4676173400878838,True,UP,4,medium,"(1, 2)",UP,manual_medium_8,"(0, 4)",3,9,"(1, 4)",70.17070007324219,70.50096893310547,70.17070007324219,57.43230056762695,0.33026885986328125,68.59181213378906,70.50096893310547,13,manual,"(6, 0)",1.4676173400878838
4.186338424682617,True,LEFT,3,medium,"(1, 2)",LEFT,manual_medium_8,"(0, 3)",2,10,"(0, 4)",70.65479278564453,72.70564270019531,70.65479278564453,72.70564270019531,2.0508499145507812,67.10741424560547,58.591796875,13,manual,"(6, 0)",-4.186338424682617
5.834195861816397,False,LEFT,2,medium,"(1, 2)",RIGHT,manual_medium_8,"(0, 2)",1,11,"(0, 3)",69.22151947021484,66.98926544189453,50.93089294433594,66.98926544189453,-2.2322540283203125,69.22151947021484,54.432044982910156,13,manual,"(6, 0)",5.834195861816397
12.456971893310547,False,DOWN,1,medium,"(1, 2)",RIGHT,manual_medium_8,"(1, 2)",0,12,"(0, 2)",73.56915283203125,22.446971893310547,22.446971893310547,65.4946060180664,-51.1221809387207,73.56915283203125,50.05260467529297,13,manual,"(6, 0)",-12.456971893310547
0.21698013305664432,True,LEFT,9,medium,"(6, 6)",LEFT,manual_medium_9,"(2, 2)",8,0,"(2, 3)",44.29756546020508,45.25421142578125,25.975963592529297,45.25421142578125,0.9566459655761719,44.29756546020508,35.28461837768555,9,manual,"(2, 3)",0.21698013305664432
1.213867378234859,False,DOWN,8,medium,"(6, 6)",RIGHT,manual_medium_9,"(3, 2)",7,1,"(2, 2)",45.94059753417969,43.04903030395508,43.04903030395508,36.86589431762695,-2.8915672302246094,45.94059753417969,34.14680480957031,9,manual,"(2, 3)",-1.213867378234859
4.165358428955081,True,DOWN,7,medium,"(6, 6)",DOWN,manual_medium_9,"(4, 2)",6,2,"(3, 2)",42.15068054199219,42.26784133911133,42.26784133911133,39.694984436035156,0.11716079711914062,35.02017593383789,42.15068054199219,9,manual,"(2, 3)",4.165358428955081
1.8675926208496136,False,RIGHT,6,medium,"(6, 6)",UP,manual_medium_9,"(4, 3)",5,3,"(4, 2)",46.912322998046875,42.65902328491211,32.07753372192383,39.417991638183594,-4.253299713134766,42.65902328491211,46.912322998046875,9,manual,"(2, 3)",1.8675926208496136
0.09242477416992045,False,RIGHT,5,medium,"(6, 6)",LEFT,manual_medium_9,"(4, 4)",4,4,"(4, 3)",44.986480712890625,43.82337188720703,30.071975708007812,44.986480712890625,-1.1631088256835938,43.82337188720703,37.6351318359375,9,manual,"(2, 3)",0.09242477416992045
2.166023292541503,False,RIGHT,4,medium,"(6, 6)",LEFT,manual_medium_9,"(4, 5)",3,5,"(4, 4)",44.36949157714844,42.49888610839844,30.405742645263672,44.36949157714844,-1.87060546875,42.49888610839844,32.023712158203125,9,manual,"(2, 3)",2.166023292541503
2.4516254043579124,False,RIGHT,3,medium,"(6, 6)",LEFT,manual_medium_9,"(4, 6)",2,6,"(4, 5)",45.12617111206055,43.7058219909668,33.57589340209961,45.12617111206055,-1.42034912109375,43.7058219909668,28.470928192138672,9,manual,"(2, 3)",2.4516254043579124
1.684329719543456,False,DOWN,2,medium,"(6, 6)",LEFT,manual_medium_9,"(5, 6)",1,7,"(4, 6)",46.633785247802734,40.78786849975586,40.78786849975586,46.633785247802734,-5.845916748046875,34.051143646240234,31.963247299194336,9,manual,"(2, 3)",-1.684329719543456
2.172189483642578,False,DOWN,1,medium,"(6, 6)",RIGHT,manual_medium_9,"(6, 6)",0,8,"(5, 6)",39.50862503051758,12.162189483642578,12.162189483642578,38.82231140136719,-27.346435546875,39.50862503051758,33.49739456176758,9,manual,"(2, 3)",-2.172189483642578
2.289190826416018,True,DOWN,18,hard,"(5, 4)",DOWN,manual_hard_0,"(1, 1)",17,0,"(0, 1)",59.958431243896484,59.97080612182617,59.97080612182617,59.958431243896484,0.0123748779296875,51.49250411987305,55.318878173828125,18,manual,"(0, 1)",2.289190826416018
1.611693267822261,True,RIGHT,17,hard,"(5, 4)",RIGHT,manual_hard_0,"(1, 2)",16,1,"(1, 1)",58.67334747314453,62.89898681640625,49.579994201660156,53.115135192871094,4.225639343261719,62.89898681640625,58.67334747314453,18,manual,"(0, 1)",-1.611693267822261
5.148224716186526,False,RIGHT,16,hard,"(5, 4)",LEFT,manual_hard_0,"(1, 3)",15,2,"(1, 2)",61.91645812988281,58.5338020324707,50.399539947509766,61.91645812988281,-3.3826560974121094,58.5338020324707,48.503173828125,18,manual,"(0, 1)",5.148224716186526
2.76565116882324,False,RIGHT,15,hard,"(5, 4)",LEFT,manual_hard_0,"(1, 4)",14,3,"(1, 3)",64.33538055419922,61.68277359008789,47.519386291503906,64.33538055419922,-2.652606964111328,61.68277359008789,47.68361282348633,18,manual,"(0, 1)",2.76565116882324
2.294243164062493,False,RIGHT,14,hard,"(5, 4)",LEFT,manual_hard_0,"(1, 5)",13,4,"(1, 4)",65.1095199584961,62.785160064697266,48.966548919677734,65.1095199584961,-2.324359893798828,62.785160064697266,51.16161346435547,18,manual,"(0, 1)",2.294243164062493
1.1604792404174802,False,RIGHT,13,hard,"(5, 4)",LEFT,manual_hard_0,"(1, 6)",12,5,"(1, 5)",65.74687194824219,62.00325393676758,47.404109954833984,65.74687194824219,-3.7436180114746094,62.00325393676758,45.281524658203125,18,manual,"(0, 1)",-1.1604792404174802
0.5951996612548811,False,DOWN,12,hard,"(5, 4)",LEFT,manual_hard_0,"(2, 6)",11,6,"(1, 6)",61.46744918823242,60.17102813720703,60.17102813720703,61.46744918823242,-1.2964210510253906,50.068241119384766,50.34345245361328,18,manual,"(0, 1)",0.5951996612548811
0.9470832061767567,True,DOWN,11,hard,"(5, 4)",DOWN,manual_hard_0,"(3, 6)",10,7,"(2, 6)",59.33557891845703,61.39012908935547,61.39012908935547,50.52654266357422,2.0545501708984375,48.93974685668945,59.33557891845703,18,manual,"(0, 1)",0.9470832061767567
2.271561813354495,False,LEFT,10,hard,"(5, 4)",UP,manual_hard_0,"(3, 5)",9,8,"(3, 6)",62.97698211669922,61.61474609375,50.536949157714844,61.61474609375,-1.3622360229492188,51.01887893676758,62.97698211669922,18,manual,"(0, 1)",2.271561813354495
5.398136062622058,True,LEFT,9,hard,"(5, 4)",LEFT,manual_hard_0,"(3, 4)",8,9,"(3, 5)",61.459964752197266,64.5417251586914,39.8054313659668,64.5417251586914,3.0817604064941406,61.459964752197266,44.19575881958008,18,manual,"(0, 1)",5.398136062622058
0.9815572357177729,True,LEFT,8,hard,"(5, 4)",LEFT,manual_hard_0,"(3, 3)",7,10,"(3, 4)",63.30556869506836,70.65642547607422,32.34324264526367,70.65642547607422,7.350856781005859,63.30556869506836,44.68539810180664,18,manual,"(0, 1)",-0.9815572357177729
1.8268067169189521,True,LEFT,7,hard,"(5, 4)",LEFT,manual_hard_0,"(3, 2)",6,11,"(3, 3)",65.14466857910156,70.38875579833984,49.10385513305664,70.38875579833984,5.244087219238281,65.14466857910156,50.28529357910156,18,manual,"(0, 1)",-1.8268067169189521
3.1610064697265727,True,LEFT,6,hard,"(5, 4)",LEFT,manual_hard_0,"(3, 1)",5,12,"(3, 2)",68.82097625732422,69.26459503173828,50.57581329345703,69.26459503173828,0.4436187744140625,68.82097625732422,47.84618377685547,18,manual,"(0, 1)",-3.1610064697265727
0.8704003143310501,False,DOWN,5,hard,"(5, 4)",RIGHT,manual_hard_0,"(4, 1)",4,13,"(3, 1)",66.78140258789062,65.7562026977539,65.7562026977539,57.22614288330078,-1.0251998901367188,66.78140258789062,47.61597442626953,18,manual,"(0, 1)",0.8704003143310501
2.113306808471691,True,DOWN,4,hard,"(5, 4)",DOWN,manual_hard_0,"(5, 1)",3,14,"(4, 1)",61.488956451416016,67.30970001220703,67.30970001220703,54.70875549316406,5.820743560791016,58.49038314819336,61.488956451416016,18,manual,"(0, 1)",-2.113306808471691
0.8835297393798811,False,RIGHT,3,hard,"(5, 4)",UP,manual_hard_0,"(5, 2)",2,15,"(5, 1)",65.86504364013672,64.78355407714844,54.5250358581543,48.91419982910156,-1.0814895629882812,64.78355407714844,65.86504364013672,18,manual,"(0, 1)",-0.8835297393798811
7.824146347045897,False,RIGHT,2,hard,"(5, 4)",LEFT,manual_hard_0,"(5, 3)",1,16,"(5, 2)",64.55558013916016,63.91862487792969,55.24921417236328,64.55558013916016,-0.6369552612304688,63.91862487792969,54.842437744140625,18,manual,"(0, 1)",7.824146347045897
3.106325855255127,False,RIGHT,1,hard,"(5, 4)",LEFT,manual_hard_0,"(5, 4)",0,17,"(5, 3)",72.47754669189453,6.883674144744873,50.56875228881836,72.47754669189453,-65.59387254714966,6.883674144744873,32.70560836791992,18,manual,"(0, 1)",3.106325855255127
0.8638960647583005,True,RIGHT,20,hard,"(7, 6)",RIGHT,manual_hard_1,"(1, 3)",19,0,"(1, 2)",42.04082489013672,42.448570251464844,38.08344650268555,42.04082489013672,0.407745361328125,42.448570251464844,33.78205490112305,20,manual,"(1, 2)",0.8638960647583005
0.4913331222534154,True,RIGHT,19,hard,"(7, 6)",RIGHT,manual_hard_1,"(1, 4)",18,1,"(1, 3)",43.460243225097656,43.760066986083984,35.88582992553711,43.460243225097656,0.2998237609863281,43.760066986083984,30.133302688598633,20,manual,"(1, 2)",-0.4913331222534154
1.4862594604492188,False,RIGHT,18,hard,"(7, 6)",LEFT,manual_hard_1,"(1, 5)",17,2,"(1, 4)",43.71589279174805,43.16732406616211,37.10340118408203,43.71589279174805,-0.5485687255859375,43.16732406616211,29.52381134033203,20,manual,"(1, 2)",1.4862594604492188
0.6830551528930684,False,RIGHT,17,hard,"(7, 6)",LEFT,manual_hard_1,"(1, 6)",16,3,"(1, 5)",45.11473083496094,43.13031768798828,35.372188568115234,45.11473083496094,-1.9844131469726562,43.13031768798828,27.61244010925293,20,manual,"(1, 2)",0.6830551528930684
0.5772731399536184,False,DOWN,16,hard,"(7, 6)",LEFT,manual_hard_1,"(2, 6)",15,4,"(1, 6)",44.26603317260742,44.01789093017578,44.01789093017578,44.26603317260742,-0.24814224243164062,34.68119430541992,30.31357192993164,20,manual,"(1, 2)",0.5772731399536184
3.3383427047729484,True,DOWN,15,hard,"(7, 6)",DOWN,manual_hard_1,"(3, 6)",14,5,"(2, 6)",40.427513122558594,45.055721282958984,45.055721282958984,37.68025207519531,4.628208160400391,37.87483596801758,40.427513122558594,20,manual,"(1, 2)",3.3383427047729484
3.1758696365356442,True,LEFT,14,hard,"(7, 6)",LEFT,manual_hard_1,"(3, 5)",13,6,"(3, 6)",43.71647644042969,48.89299392700195,36.17291259765625,48.89299392700195,5.176517486572266,38.25566864013672,43.71647644042969,20,manual,"(1, 2)",-3.1758696365356442
1.941385917663574,True,LEFT,13,hard,"(7, 6)",LEFT,manual_hard_1,"(3, 4)",12,7,"(3, 5)",45.86906814575195,46.18901443481445,34.36091995239258,46.18901443481445,0.3199462890625,45.86906814575195,32.877830505371094,20,manual,"(1, 2)",1.941385917663574
0.01785778045654496,True,LEFT,12,hard,"(7, 6)",LEFT,manual_hard_1,"(3, 3)",11,8,"(3, 4)",45.956485748291016,48.62666702270508,35.55857849121094,48.62666702270508,2.6701812744140625,45.956485748291016,37.3542594909668,20,manual,"(1, 2)",0.01785778045654496
1.382124938964843,True,LEFT,11,hard,"(7, 6)",LEFT,manual_hard_1,"(3, 2)",10,9,"(3, 3)",46.70587921142578,49.1459846496582,37.049537658691406,49.1459846496582,2.440105438232422,46.70587921142578,36.02165985107422,20,manual,"(1, 2)",-1.382124938964843
0.9118595886230452,False,LEFT,10,hard,"(7, 6)",RIGHT,manual_hard_1,"(3, 1)",9,10,"(3, 2)",48.25642395019531,46.75785827636719,35.16355895996094,46.75785827636719,-1.498565673828125,48.25642395019531,35.10589599609375,20,manual,"(1, 2)",0.9118595886230452
0.1090295028686512,False,DOWN,9,hard,"(7, 6)",RIGHT,manual_hard_1,"(4, 1)",8,11,"(3, 1)",48.16133117675781,47.07090377807617,47.07090377807617,40.000858306884766,-1.0904273986816406,48.16133117675781,32.66663360595703,20,manual,"(1, 2)",0.1090295028686512
0.4182991027832017,True,DOWN,8,hard,"(7, 6)",DOWN,manual_hard_1,"(5, 1)",7,12,"(4, 1)",44.843955993652344,47.66659927368164,47.66659927368164,39.756038665771484,2.822643280029297,43.63074493408203,44.843955993652344,20,manual,"(1, 2)",-0.4182991027832017
1.4971760177612268,False,RIGHT,7,hard,"(7, 6)",UP,manual_hard_1,"(5, 2)",6,13,"(5, 1)",47.73565673828125,46.87348175048828,37.48612976074219,36.840972900390625,-0.8621749877929688,46.87348175048828,47.73565673828125,20,manual,"(1, 2)",-1.4971760177612268
0.7696376800537124,False,RIGHT,6,hard,"(7, 6)",LEFT,manual_hard_1,"(5, 3)",5,14,"(5, 2)",45.84475326538086,44.15098571777344,35.667667388916016,45.84475326538086,-1.6937675476074219,44.15098571777344,32.06886291503906,20,manual,"(1, 2)",0.7696376800537124
3.17027130126953,False,RIGHT,5,hard,"(7, 6)",LEFT,manual_hard_1,"(5, 4)",4,15,"(5, 3)",45.38446807861328,42.895137786865234,36.31902313232422,45.38446807861328,-2.489330291748047,42.895137786865234,34.26341247558594,20,manual,"(1, 2)",3.17027130126953
0.2841688537597662,False,RIGHT,4,hard,"(7, 6)",LEFT,manual_hard_1,"(5, 5)",3,16,"(5, 4)",46.54081726074219,44.47736358642578,35.52751159667969,46.54081726074219,-2.0634536743164062,44.47736358642578,34.70375061035156,20,manual,"(1, 2)",0.2841688537597662
1.2953382873535162,False,RIGHT,3,hard,"(7, 6)",LEFT,manual_hard_1,"(5, 6)",2,17,"(5, 5)",45.22377014160156,42.744117736816406,34.7368278503418,45.22377014160156,-2.4796524047851562,42.744117736816406,30.572004318237305,20,manual,"(1, 2)",1.2953382873535162
4.990102005004886,False,DOWN,2,hard,"(7, 6)",LEFT,manual_hard_1,"(6, 6)",1,18,"(5, 6)",44.49440002441406,34.84614181518555,34.84614181518555,44.49440002441406,-9.648258209228516,37.39186096191406,28.260347366333008,20,manual,"(1, 2)",-4.990102005004886
5.168339004516602,False,DOWN,1,hard,"(7, 6)",UP,manual_hard_1,"(7, 6)",0,19,"(6, 6)",30.16771697998047,4.821660995483398,4.821660995483398,18.996519088745117,-25.34605598449707,25.044187545776367,30.16771697998047,20,manual,"(1, 2)",5.168339004516602
1.416028060913085,False,RIGHT,11,hard,"(5, 2)",LEFT,manual_hard_2,"(1, 6)",10,0,"(1, 5)",63.39647674560547,60.85430908203125,50.61333084106445,63.39647674560547,-2.5421676635742188,60.85430908203125,48.011024475097656,11,manual,"(1, 5)",1.416028060913085
0.3008062744140645,False,DOWN,10,hard,"(5, 2)",LEFT,manual_hard_2,"(2, 6)",9,1,"(1, 6)",62.90943145751953,60.33832550048828,60.33832550048828,62.90943145751953,-2.57110595703125,53.49205017089844,61.46804428100586,11,manual,"(1, 5)",0.3008062744140645
2.4530126190185584,True,DOWN,9,hard,"(5, 2)",DOWN,manual_hard_2,"(3, 6)",8,2,"(2, 6)",58.98106384277344,61.261749267578125,61.261749267578125,49.88474655151367,2.2806854248046875,51.67094039916992,58.98106384277344,11,manual,"(1, 5)",2.4530126190185584
3.8919668197631836,True,LEFT,8,hard,"(5, 2)",LEFT,manual_hard_2,"(3, 5)",7,3,"(3, 6)",59.38128662109375,64.36844635009766,53.43416213989258,64.36844635009766,4.987159729003906,54.793704986572266,59.38128662109375,11,manual,"(1, 5)",-3.8919668197631836
0.3461597824096714,False,LEFT,7,hard,"(5, 2)",RIGHT,manual_hard_2,"(3, 4)",6,4,"(3, 5)",61.09745407104492,60.70909118652344,50.5849723815918,60.70909118652344,-0.3883628845214844,61.09745407104492,51.01155090332031,11,manual,"(1, 5)",0.3461597824096714
0.7727159500122056,True,LEFT,6,hard,"(5, 2)",LEFT,manual_hard_2,"(3, 3)",5,5,"(3, 4)",58.59284210205078,61.682071685791016,50.20819091796875,61.682071685791016,3.0892295837402344,58.59284210205078,49.78504943847656,11,manual,"(1, 5)",0.7727159500122056
0.9513758850097531,True,LEFT,5,hard,"(5, 2)",LEFT,manual_hard_2,"(3, 2)",4,6,"(3, 3)",59.06342697143555,63.09574508666992,49.312843322753906,63.09574508666992,4.032318115234375,59.06342697143555,52.14325714111328,11,manual,"(1, 5)",0.9513758850097531
0.7795831298828091,True,LEFT,4,hard,"(5, 2)",LEFT,manual_hard_2,"(3, 1)",3,7,"(3, 2)",63.39723205566406,64.70416259765625,47.0404167175293,64.70416259765625,1.3069305419921875,63.39723205566406,50.442501068115234,11,manual,"(1, 5)",-0.7795831298828091
4.040111694335934,False,DOWN,3,hard,"(5, 2)",RIGHT,manual_hard_2,"(4, 1)",2,8,"(3, 1)",64.58038330078125,64.35884094238281,64.35884094238281,57.388427734375,-0.2215423583984375,64.58038330078125,52.30699920654297,11,manual,"(1, 5)",-4.040111694335934
5.207256507873531,False,DOWN,2,hard,"(5, 2)",UP,manual_hard_2,"(5, 1)",1,9,"(4, 1)",60.9381103515625,56.025699615478516,56.025699615478516,53.47709655761719,-4.912410736083984,42.43049621582031,60.9381103515625,11,manual,"(1, 5)",-5.207256507873531
1.2719776535034182,False,RIGHT,1,hard,"(5, 2)",LEFT,manual_hard_2,"(5, 2)",0,10,"(5, 1)",51.341861724853516,8.718022346496582,40.72213363647461,51.341861724853516,-42.623839378356934,8.718022346496582,49.173377990722656,11,manual,"(1, 5)",1.2719776535034182
3.8291109848022487,True,DOWN,17,hard,"(6, 4)",DOWN,manual_hard_3,"(2, 6)",16,0,"(1, 6)",57.30976104736328,58.725521087646484,58.725521087646484,52.92829132080078,1.4157600402832031,47.61372756958008,57.30976104736328,17,manual,"(1, 6)",3.8291109848022487
0.5170459747314453,True,LEFT,16,hard,"(6, 4)",LEFT,manual_hard_3,"(2, 5)",15,1,"(2, 6)",60.86713790893555,63.196598052978516,52.20595932006836,63.196598052978516,2.3294601440429688,47.073848724365234,60.86713790893555,17,manual,"(1, 6)",0.5170459747314453
2.469866256713857,True,LEFT,15,hard,"(6, 4)",LEFT,manual_hard_3,"(2, 4)",14,2,"(2, 5)",60.646728515625,64.36731719970703,47.18178939819336,64.36731719970703,3.7205886840820312,60.646728515625,49.73463821411133,17,manual,"(1, 6)",2.469866256713857
2.1703600311279416,True,LEFT,14,hard,"(6, 4)",LEFT,manual_hard_3,"(2, 3)",13,3,"(2, 4)",62.04376220703125,67.52240753173828,50.324493408203125,67.52240753173828,5.478645324707031,62.04376220703125,51.07091522216797,17,manual,"(1, 6)",-2.1703600311279416
0.4661379241943422,True,LEFT,13,hard,"(6, 4)",LEFT,manual_hard_3,"(2, 2)",12,4,"(2, 3)",62.90522384643555,66.02227020263672,42.97142028808594,66.02227020263672,3.117046356201172,62.90522384643555,47.811981201171875,17,manual,"(1, 6)",-0.4661379241943422
2.2199717712402247,True,LEFT,12,hard,"(6, 4)",LEFT,manual_hard_3,"(2, 1)",11,5,"(2, 2)",65.26924133300781,66.2284164428711,50.28120040893555,66.2284164428711,0.9591751098632812,65.26924133300781,47.05227279663086,17,manual,"(1, 6)",2.2199717712402247
2.9139183044433565,False,DOWN,11,hard,"(6, 4)",RIGHT,manual_hard_3,"(3, 1)",10,6,"(2, 1)",69.14988708496094,64.31620025634766,64.31620025634766,58.0339469909668,-4.833686828613281,69.14988708496094,48.98472213745117,17,manual,"(1, 6)",-2.9139183044433565
2.0438193511962908,False,DOWN,10,hard,"(6, 4)",UP,manual_hard_3,"(4, 1)",9,7,"(3, 1)",62.03260803222656,60.66130447387695,60.66130447387695,58.12715148925781,-1.3713035583496094,54.54090881347656,62.03260803222656,17,manual,"(1, 6)",2.0438193511962908
0.3730057907104509,True,RIGHT,9,hard,"(6, 4)",RIGHT,manual_hard_3,"(4, 2)",8,8,"(4, 1)",59.41378402709961,63.348609924316406,46.73374557495117,53.48127365112305,3.934825897216797,63.348609924316406,59.41378402709961,17,manual,"(1, 6)",-0.3730057907104509
2.164543533325187,True,RIGHT,8,hard,"(6, 4)",RIGHT,manual_hard_3,"(4, 3)",7,9,"(4, 2)",62.26171875,63.621822357177734,48.432289123535156,62.26171875,1.3601036071777344,63.621822357177734,43.13194274902344,17,manual,"(1, 6)",2.164543533325187
2.877295608520498,False,RIGHT,7,hard,"(6, 4)",LEFT,manual_hard_3,"(4, 4)",6,10,"(4, 3)",66.46097564697266,61.418209075927734,46.54148864746094,66.46097564697266,-5.042766571044922,61.418209075927734,49.31532669067383,17,manual,"(1, 6)",2.877295608520498
0.20071643829346186,False,RIGHT,6,hard,"(6, 4)",LEFT,manual_hard_3,"(4, 5)",5,11,"(4, 4)",64.9550552368164,59.64909744262695,41.28582763671875,64.9550552368164,-5.305957794189453,59.64909744262695,43.569862365722656,17,manual,"(1, 6)",0.20071643829346186
1.7232093811035156,True,RIGHT,5,hard,"(6, 4)",RIGHT,manual_hard_3,"(4, 6)",4,12,"(4, 5)",58.87013244628906,60.46445846557617,45.03804397583008,58.87013244628906,1.5943260192871094,60.46445846557617,44.17212677001953,17,manual,"(1, 6)",-1.7232093811035156
3.6920302200317394,False,DOWN,4,hard,"(6, 4)",LEFT,manual_hard_3,"(5, 6)",3,13,"(4, 6)",59.344696044921875,54.13621139526367,54.13621139526367,59.344696044921875,-5.208484649658203,46.950016021728516,46.872135162353516,17,manual,"(1, 6)",3.6920302200317394
1.2395280456542963,False,DOWN,3,hard,"(6, 4)",UP,manual_hard_3,"(6, 6)",2,14,"(5, 6)",58.42246627807617,52.91743469238281,52.91743469238281,50.29298400878906,-5.505031585693359,49.63266372680664,58.42246627807617,17,manual,"(1, 6)",-1.2395280456542963
9.19729419708252,False,LEFT,2,hard,"(6, 4)",UP,manual_hard_3,"(6, 5)",1,15,"(6, 6)",52.21000671386719,52.196556091308594,41.0330924987793,52.196556091308594,-0.01345062255859375,42.484561920166016,52.21000671386719,17,manual,"(1, 6)",-9.19729419708252
4.189932594299316,False,LEFT,1,hard,"(6, 4)",RIGHT,manual_hard_3,"(6, 4)",0,16,"(6, 5)",43.44369888305664,14.179932594299316,26.2977294921875,14.179932594299316,-29.263766288757324,43.44369888305664,34.36493682861328,17,manual,"(1, 6)",-4.189932594299316
1.2848405456542977,True,LEFT,23,hard,"(7, 0)",LEFT,manual_hard_4,"(1, 4)",22,0,"(1, 5)",52.299686431884766,52.97959518432617,43.9579963684082,52.97959518432617,0.6799087524414062,52.299686431884766,41.51262283325195,23,manual,"(1, 5)",1.2848405456542977
2.4191662979125965,False,LEFT,22,hard,"(7, 0)",RIGHT,manual_hard_4,"(1, 3)",21,1,"(1, 4)",54.822662353515625,51.05986404418945,46.77236557006836,51.05986404418945,-3.762798309326172,54.822662353515625,41.870140075683594,23,manual,"(1, 5)",2.4191662979125965
6.395942192077641,False,LEFT,21,hard,"(7, 0)",RIGHT,manual_hard_4,"(1, 2)",20,2,"(1, 3)",54.02932357788086,46.583473205566406,43.702091217041016,46.583473205566406,-7.445850372314453,54.02932357788086,41.568763732910156,23,manual,"(1, 5)",6.395942192077641
2.764981269836426,False,DOWN,20,hard,"(7, 0)",RIGHT,manual_hard_4,"(2, 2)",19,3,"(1, 2)",53.524662017822266,53.31257247924805,53.31257247924805,39.750343322753906,-0.21208953857421875,53.524662017822266,44.95237731933594,23,manual,"(1, 5)",2.764981269836426
1.4759083938598678,True,DOWN,19,hard,"(7, 0)",DOWN,manual_hard_4,"(3, 2)",18,4,"(2, 2)",53.572723388671875,56.65409469604492,56.65409469604492,44.92759704589844,3.081371307373047,49.26030349731445,53.572723388671875,23,manual,"(1, 5)",1.4759083938598678
1.0480606842041027,True,DOWN,18,hard,"(7, 0)",DOWN,manual_hard_4,"(4, 2)",17,5,"(3, 2)",56.707542419433594,58.72727584838867,58.72727584838867,42.651546478271484,2.019733428955078,50.202247619628906,56.707542419433594,23,manual,"(1, 5)",1.0480606842041027
2.1327529525756788,False,DOWN,17,hard,"(7, 0)",UP,manual_hard_4,"(5, 2)",16,6,"(4, 2)",60.38922882080078,59.124473571777344,59.124473571777344,48.36920928955078,-1.2647552490234375,52.017452239990234,60.38922882080078,23,manual,"(1, 5)",-2.1327529525756788
0.3105439376831072,True,RIGHT,16,hard,"(7, 0)",RIGHT,manual_hard_4,"(5, 3)",15,7,"(5, 2)",54.20036315917969,57.57749557495117,47.077659606933594,44.06142044067383,3.3771324157714844,57.57749557495117,54.20036315917969,23,manual,"(1, 5)",0.3105439376831072
2.276847534179687,True,RIGHT,15,hard,"(7, 0)",RIGHT,manual_hard_4,"(5, 4)",14,8,"(5, 3)",55.107330322265625,58.48286819458008,48.813663482666016,55.107330322265625,3.375537872314453,58.48286819458008,44.842498779296875,23,manual,"(1, 5)",-2.276847534179687
4.134320106506351,False,UP,14,hard,"(7, 0)",LEFT,manual_hard_4,"(4, 4)",13,9,"(5, 4)",56.78385925292969,53.81490707397461,53.18098831176758,56.78385925292969,-2.968952178955078,52.86484146118164,53.81490707397461,23,manual,"(1, 5)",4.134320106506351
4.9720650100708,False,UP,13,hard,"(7, 0)",DOWN,manual_hard_4,"(3, 4)",12,10,"(4, 4)",58.544673919677734,53.72348403930664,58.544673919677734,46.92328643798828,-4.821189880371094,52.69706726074219,53.72348403930664,23,manual,"(1, 5)",4.9720650100708
1.028122062683103,False,RIGHT,12,hard,"(7, 0)",DOWN,manual_hard_4,"(3, 5)",11,11,"(3, 4)",59.29853439331055,57.516292572021484,59.29853439331055,41.845916748046875,-1.7822418212890625,57.516292572021484,44.608985900878906,23,manual,"(1, 5)",-1.028122062683103
2.420143165588378,True,RIGHT,11,hard,"(7, 0)",RIGHT,manual_hard_4,"(3, 6)",10,12,"(3, 5)",53.86540603637695,57.0688591003418,51.7867431640625,53.86540603637695,3.2034530639648438,57.0688591003418,47.421730041503906,23,manual,"(1, 5)",2.420143165588378
1.843682136535648,True,DOWN,10,hard,"(7, 0)",DOWN,manual_hard_4,"(4, 6)",9,13,"(3, 6)",56.21940994262695,60.10000228881836,60.10000228881836,56.21940994262695,3.8805923461914062,48.710697174072266,46.98902130126953,23,manual,"(1, 5)",1.843682136535648
5.095613670349117,True,DOWN,9,hard,"(7, 0)",DOWN,manual_hard_4,"(5, 6)",8,14,"(4, 6)",55.92467498779297,62.5794792175293,62.5794792175293,50.618385314941406,6.654804229736328,46.353538513183594,55.92467498779297,23,manual,"(1, 5)",-5.095613670349117
4.516379508972165,True,DOWN,8,hard,"(7, 0)",DOWN,manual_hard_4,"(6, 6)",7,15,"(5, 6)",56.91160202026367,58.07461166381836,58.07461166381836,51.82252502441406,1.1630096435546875,44.955204010009766,56.91160202026367,23,manual,"(1, 5)",-4.516379508972165
0.4856090164184579,False,DOWN,7,hard,"(7, 0)",UP,manual_hard_4,"(7, 6)",6,16,"(6, 6)",54.10932540893555,54.038818359375,54.038818359375,48.26566696166992,-0.07050704956054688,42.81037139892578,54.10932540893555,23,manual,"(1, 5)",-0.4856090164184579
1.6797059249877933,False,LEFT,6,hard,"(7, 0)",UP,manual_hard_4,"(7, 5)",5,17,"(7, 6)",54.104251861572266,53.495452880859375,46.342384338378906,53.495452880859375,-0.6087989807128906,42.01118850708008,54.104251861572266,23,manual,"(1, 5)",-1.6797059249877933
0.9595385742187545,False,LEFT,5,hard,"(7, 0)",RIGHT,manual_hard_4,"(7, 4)",4,18,"(7, 5)",52.349239349365234,50.69075393676758,44.54879379272461,50.69075393676758,-1.6584854125976562,52.349239349365234,42.20114517211914,23,manual,"(1, 5)",0.9595385742187545
2.9957143020629857,True,LEFT,4,hard,"(7, 0)",LEFT,manual_hard_4,"(7, 3)",3,19,"(7, 4)",51.750919342041016,52.18211364746094,42.531307220458984,52.18211364746094,0.4311943054199219,51.750919342041016,41.51825714111328,23,manual,"(1, 5)",-2.9957143020629857
3.2003226470947226,False,LEFT,3,hard,"(7, 0)",RIGHT,manual_hard_4,"(7, 2)",2,20,"(7, 3)",49.69333267211914,49.396392822265625,37.828643798828125,49.396392822265625,-0.2969398498535156,49.69333267211914,42.29368591308594,23,manual,"(1, 5)",-3.2003226470947226
0.13953414916992557,False,LEFT,2,hard,"(7, 0)",RIGHT,manual_hard_4,"(7, 1)",1,21,"(7, 2)",46.67279815673828,46.46613311767578,38.30595779418945,46.46613311767578,-0.2066650390625,46.67279815673828,41.325096130371094,23,manual,"(1, 5)",0.13953414916992557
4.653363456726074,False,LEFT,1,hard,"(7, 0)",UP,manual_hard_4,"(7, 0)",0,22,"(7, 1)",47.08653259277344,5.336636543273926,41.060546875,5.336636543273926,-41.74989604949951,42.822269439697266,47.08653259277344,23,manual,"(1, 5)",4.653363456726074
1.2452909851074239,True,RIGHT,18,hard,"(5, 7)",RIGHT,manual_hard_5,"(1, 2)",17,0,"(1, 1)",56.90339279174805,57.45949172973633,47.30997848510742,46.41447448730469,0.5560989379882812,57.45949172973633,56.90339279174805,18,manual,"(1, 1)",1.2452909851074239
3.4199045944213893,False,RIGHT,17,hard,"(5, 7)",LEFT,manual_hard_5,"(1, 3)",16,1,"(1, 2)",59.307861328125,56.81403732299805,51.94313049316406,59.307861328125,-2.493824005126953,56.81403732299805,47.24200439453125,18,manual,"(1, 1)",3.4199045944213893
2.328218269348149,False,DOWN,16,hard,"(5, 7)",LEFT,manual_hard_5,"(2, 3)",15,2,"(1, 3)",60.85246658325195,59.92656326293945,59.92656326293945,60.85246658325195,-0.9259033203125,58.45905303955078,46.98053741455078,18,manual,"(1, 1)",2.328218269348149
3.3588396453857428,True,DOWN,15,hard,"(5, 7)",DOWN,manual_hard_5,"(3, 3)",14,3,"(2, 3)",59.65309524536133,62.89371871948242,62.89371871948242,51.98922348022461,3.2406234741210938,54.06769561767578,59.65309524536133,18,manual,"(1, 1)",3.3588396453857428
2.2940206146240314,True,LEFT,14,hard,"(5, 7)",LEFT,manual_hard_5,"(3, 2)",13,4,"(3, 3)",65.48909759521484,66.93187713623047,51.694000244140625,66.93187713623047,1.442779541015625,55.14030075073242,65.48909759521484,18,manual,"(1, 1)",-2.2940206146240314
0.07762573242186477,True,LEFT,13,hard,"(5, 7)",LEFT,manual_hard_5,"(3, 1)",12,5,"(3, 2)",64.97000122070312,65.30086517333984,50.703636169433594,65.30086517333984,0.33086395263671875,64.97000122070312,52.23847961425781,18,manual,"(1, 1)",0.07762573242186477
1.2855010223388774,True,DOWN,12,hard,"(5, 7)",DOWN,manual_hard_5,"(4, 1)",11,6,"(3, 1)",65.02020263671875,66.04898071289062,66.04898071289062,55.08180236816406,1.028778076171875,65.02020263671875,56.53736114501953,18,manual,"(1, 1)",-1.2855010223388774
3.0490119171142567,False,DOWN,11,hard,"(5, 7)",UP,manual_hard_5,"(5, 1)",10,7,"(4, 1)",65.4277572631836,62.54396438598633,62.54396438598633,52.46687316894531,-2.8837928771972656,55.79961013793945,65.4277572631836,18,manual,"(1, 1)",3.0490119171142567
3.4329360961913977,False,DOWN,10,hard,"(5, 7)",UP,manual_hard_5,"(6, 1)",9,8,"(5, 1)",66.26563262939453,63.64066696166992,63.64066696166992,53.720516204833984,-2.6249656677246094,63.404422760009766,66.26563262939453,18,manual,"(1, 1)",3.4329360961913977
1.0638420867919933,False,DOWN,9,hard,"(5, 7)",UP,manual_hard_5,"(7, 1)",8,9,"(6, 1)",67.76121520996094,65.35730743408203,65.35730743408203,55.83574676513672,-2.4039077758789062,56.051944732666016,67.76121520996094,18,manual,"(1, 1)",-1.0638420867919933
2.3132285308837766,False,RIGHT,8,hard,"(5, 7)",UP,manual_hard_5,"(7, 2)",7,10,"(7, 1)",64.95299530029297,62.917274475097656,53.00918197631836,63.49993133544922,-2.0357208251953125,62.917274475097656,64.95299530029297,18,manual,"(1, 1)",2.3132285308837766
3.277240371704096,False,RIGHT,7,hard,"(5, 7)",LEFT,manual_hard_5,"(7, 3)",6,11,"(7, 2)",65.89949798583984,62.78904342651367,51.28482437133789,65.89949798583984,-3.110454559326172,62.78904342651367,54.782737731933594,18,manual,"(1, 1)",3.277240371704096
4.407486038208006,False,RIGHT,6,hard,"(5, 7)",LEFT,manual_hard_5,"(7, 4)",5,12,"(7, 3)",66.74372100830078,61.039398193359375,51.52561569213867,66.74372100830078,-5.704322814941406,61.039398193359375,56.622676849365234,18,manual,"(1, 1)",4.407486038208006
4.473779182434086,False,RIGHT,5,hard,"(5, 7)",LEFT,manual_hard_5,"(7, 5)",4,13,"(7, 4)",66.1180648803711,56.929420471191406,51.22854232788086,66.1180648803711,-9.188644409179688,56.929420471191406,51.788455963134766,18,manual,"(1, 1)",4.473779182434086
2.6288378524780285,False,RIGHT,4,hard,"(5, 7)",LEFT,manual_hard_5,"(7, 6)",3,14,"(7, 5)",62.03353500366211,54.11081314086914,47.736995697021484,62.03353500366211,-7.922721862792969,54.11081314086914,51.952823638916016,18,manual,"(1, 1)",2.6288378524780285
1.327569847106929,False,RIGHT,3,hard,"(5, 7)",LEFT,manual_hard_5,"(7, 7)",2,15,"(7, 6)",57.322879791259766,51.757564544677734,43.58723068237305,57.322879791259766,-5.565315246582031,51.757564544677734,39.87034606933594,18,manual,"(1, 1)",-1.327569847106929
10.150187454223634,False,UP,2,hard,"(5, 7)",LEFT,manual_hard_5,"(6, 7)",1,16,"(7, 7)",50.94948959350586,43.96421813964844,37.87063980102539,50.94948959350586,-6.985271453857422,41.035587310791016,43.96421813964844,18,manual,"(1, 1)",-10.150187454223634
2.4215314483642576,False,UP,1,hard,"(5, 7)",RIGHT,manual_hard_5,"(5, 7)",0,17,"(6, 7)",34.165687561035156,12.411531448364258,33.95069122314453,30.60163688659668,-21.7541561126709,34.165687561035156,12.411531448364258,18,manual,"(1, 1)",-2.4215314483642576
1.5898915100097781,True,DOWN,16,hard,"(4, 0)",DOWN,manual_hard_6,"(3, 4)",15,0,"(2, 4)",66.54557037353516,68.77570343017578,68.77570343017578,51.3420524597168,2.230133056640625,61.29717254638672,66.54557037353516,16,manual,"(2, 4)",-1.5898915100097781
1.468140487670894,True,RIGHT,15,hard,"(4, 0)",RIGHT,manual_hard_6,"(3, 5)",14,1,"(3, 4)",66.23226165771484,67.87455749511719,59.3582649230957,54.1966438293457,1.6422958374023438,67.87455749511719,66.23226165771484,16,manual,"(2, 4)",1.468140487670894
1.444806976318361,True,RIGHT,14,hard,"(4, 0)",RIGHT,manual_hard_6,"(3, 6)",13,2,"(3, 5)",67.75220489501953,70.05323028564453,60.42519760131836,67.75220489501953,2.301025390625,70.05323028564453,58.21236038208008,16,manual,"(2, 4)",-1.444806976318361
0.6162828826904274,True,DOWN,13,hard,"(4, 0)",DOWN,manual_hard_6,"(4, 6)",12,3,"(3, 6)",67.51680755615234,69.31153869628906,69.31153869628906,67.51680755615234,1.7947311401367188,61.13080978393555,55.797027587890625,16,manual,"(2, 4)",0.6162828826904274
0.6696134185791038,True,DOWN,12,hard,"(4, 0)",DOWN,manual_hard_6,"(5, 6)",11,4,"(4, 6)",68.32181549072266,70.6442642211914,70.6442642211914,56.85447692871094,2.32244873046875,59.51036834716797,68.32181549072266,16,manual,"(2, 4)",-0.6696134185791038
2.6553256988525504,False,DOWN,11,hard,"(4, 0)",UP,manual_hard_6,"(6, 6)",10,5,"(5, 6)",70.69156646728516,69.01678466796875,69.01678466796875,70.59526824951172,-1.6747817993164062,59.846168518066406,70.69156646728516,16,manual,"(2, 4)",-2.6553256988525504
0.20205833435059617,False,DOWN,10,hard,"(4, 0)",UP,manual_hard_6,"(7, 6)",9,6,"(6, 6)",67.04187774658203,65.79411315917969,65.79411315917969,61.91677474975586,-1.2477645874023438,56.46417999267578,67.04187774658203,16,manual,"(2, 4)",-0.20205833435059617
0.3874043273925736,False,LEFT,9,hard,"(4, 0)",UP,manual_hard_6,"(7, 5)",8,7,"(7, 6)",66.26470184326172,65.84284973144531,56.464134216308594,65.84284973144531,-0.42185211181640625,63.33991241455078,66.26470184326172,16,manual,"(2, 4)",0.3874043273925736
2.550811996459956,False,LEFT,8,hard,"(4, 0)",RIGHT,manual_hard_6,"(7, 4)",7,8,"(7, 5)",66.90934753417969,65.75943756103516,56.84062576293945,65.75943756103516,-1.1499099731445312,66.90934753417969,53.86075973510742,16,manual,"(2, 4)",2.550811996459956
0.6207582092285264,True,LEFT,7,hard,"(4, 0)",LEFT,manual_hard_6,"(7, 3)",6,9,"(7, 4)",65.83622741699219,69.0103530883789,57.68741226196289,69.0103530883789,3.1741256713867188,65.83622741699219,54.9520378112793,16,manual,"(2, 4)",-0.6207582092285264
1.472416458129885,True,LEFT,6,hard,"(4, 0)",LEFT,manual_hard_6,"(7, 2)",5,10,"(7, 3)",67.62370300292969,69.09049987792969,57.02827072143555,69.09049987792969,1.466796875,67.62370300292969,57.728389739990234,16,manual,"(2, 4)",-1.472416458129885
0.5627378845214963,True,LEFT,5,hard,"(4, 0)",LEFT,manual_hard_6,"(7, 1)",4,11,"(7, 2)",65.89581298828125,68.31119537353516,55.92842483520508,68.31119537353516,2.4153823852539062,65.89581298828125,58.106231689453125,16,manual,"(2, 4)",-0.5627378845214963
2.0191090393066418,False,LEFT,4,hard,"(4, 0)",RIGHT,manual_hard_6,"(7, 0)",3,12,"(7, 1)",68.44288635253906,64.57837677001953,59.383365631103516,64.57837677001953,-3.8645095825195312,68.44288635253906,58.17298126220703,16,manual,"(2, 4)",2.0191090393066418
2.9820819091796835,False,UP,3,hard,"(4, 0)",RIGHT,manual_hard_6,"(6, 0)",2,13,"(7, 0)",67.28028869628906,62.0777587890625,56.6143684387207,52.80282974243164,-5.2025299072265625,67.28028869628906,62.0777587890625,16,manual,"(2, 4)",2.9820819091796835
4.9426226806640585,False,UP,2,hard,"(4, 0)",DOWN,manual_hard_6,"(5, 0)",1,14,"(6, 0)",65.72711181640625,59.74824905395508,65.72711181640625,56.22923278808594,-5.978862762451172,58.90696334838867,59.74824905395508,16,manual,"(2, 4)",4.9426226806640585
6.278994312286377,False,UP,1,hard,"(4, 0)",RIGHT,manual_hard_6,"(4, 0)",0,15,"(5, 0)",65.35441589355469,3.711005687713623,40.77263259887695,60.63258361816406,-61.643410205841064,65.35441589355469,3.711005687713623,16,manual,"(2, 4)",6.278994312286377
2.3581619262695312,False,RIGHT,22,hard,"(0, 7)",LEFT,manual_hard_7,"(6, 4)",21,0,"(6, 3)",65.51734161376953,62.2831916809082,50.54276657104492,65.51734161376953,-3.234149932861328,62.2831916809082,49.036582946777344,22,manual,"(6, 3)",2.3581619262695312
1.095524559020994,False,RIGHT,21,hard,"(0, 7)",LEFT,manual_hard_7,"(6, 5)",20,1,"(6, 4)",65.30439758300781,64.07942199707031,49.014957427978516,65.30439758300781,-1.2249755859375,64.07942199707031,54.31119155883789,22,manual,"(6, 3)",-1.095524559020994
2.4545894622802678,True,UP,20,hard,"(0, 7)",UP,manual_hard_7,"(5, 5)",19,2,"(6, 5)",61.99223327636719,63.63019943237305,56.12051010131836,61.99223327636719,1.6379661560058594,51.42238235473633,63.63019943237305,22,manual,"(6, 3)",2.4545894622802678
0.38683433532713707,True,UP,19,hard,"(0, 7)",UP,manual_hard_7,"(4, 5)",18,3,"(5, 5)",65.10664367675781,66.76241302490234,65.10664367675781,48.92322540283203,1.6557693481445312,55.873287200927734,66.76241302490234,22,manual,"(6, 3)",0.38683433532713707
0.7624459838867068,True,UP,18,hard,"(0, 7)",UP,manual_hard_7,"(3, 5)",17,4,"(4, 5)",67.69953918457031,67.8376235961914,67.69953918457031,53.765098571777344,0.13808441162109375,55.69224548339844,67.8376235961914,22,manual,"(6, 3)",0.7624459838867068
0.01306915283203125,False,UP,17,hard,"(0, 7)",DOWN,manual_hard_7,"(2, 5)",16,5,"(3, 5)",69.3031005859375,69.03861999511719,69.3031005859375,52.90237045288086,-0.2644805908203125,55.47715377807617,69.03861999511719,22,manual,"(6, 3)",-0.01306915283203125
1.3822026824951195,False,LEFT,16,hard,"(0, 7)",DOWN,manual_hard_7,"(2, 4)",15,6,"(2, 5)",69.73287963867188,68.45155334472656,69.73287963867188,68.45155334472656,-1.2813262939453125,53.23285675048828,60.43334197998047,22,manual,"(6, 3)",-1.3822026824951195
1.702964477539055,True,LEFT,15,hard,"(0, 7)",LEFT,manual_hard_7,"(2, 3)",14,7,"(2, 4)",66.91139221191406,67.75691986083984,50.75312423706055,67.75691986083984,0.8455276489257812,66.91139221191406,51.12723922729492,22,manual,"(6, 3)",1.702964477539055
1.112858352661135,False,DOWN,14,hard,"(0, 7)",RIGHT,manual_hard_7,"(3, 3)",13,8,"(2, 3)",70.17160034179688,65.88493347167969,65.88493347167969,54.72061538696289,-4.2866668701171875,70.17160034179688,58.739105224609375,22,manual,"(6, 3)",-1.112858352661135
2.5976258087158186,True,DOWN,13,hard,"(0, 7)",DOWN,manual_hard_7,"(4, 3)",12,9,"(3, 3)",65.19886016845703,65.43643951416016,65.43643951416016,49.11747741699219,0.237579345703125,56.353023529052734,65.19886016845703,22,manual,"(6, 3)",-2.5976258087158186
4.848594970703118,False,LEFT,12,hard,"(0, 7)",UP,manual_hard_7,"(4, 2)",11,10,"(4, 3)",63.48365020751953,61.40040588378906,53.366817474365234,61.40040588378906,-2.0832443237304688,57.41268539428711,63.48365020751953,22,manual,"(6, 3)",4.848594970703118
1.1371083068847696,False,LEFT,11,hard,"(0, 7)",RIGHT,manual_hard_7,"(4, 1)",10,11,"(4, 2)",66.92828369140625,66.62256622314453,50.68886947631836,66.62256622314453,-0.30571746826171875,66.92828369140625,53.02690505981445,22,manual,"(6, 3)",-1.1371083068847696
1.2146611022949116,False,UP,10,hard,"(0, 7)",RIGHT,manual_hard_7,"(3, 1)",9,12,"(4, 1)",66.15702819824219,64.3326416015625,48.88491439819336,52.844512939453125,-1.8243865966796875,66.15702819824219,64.3326416015625,22,manual,"(6, 3)",1.2146611022949116
2.873821258544922,False,UP,9,hard,"(0, 7)",DOWN,manual_hard_7,"(2, 1)",8,13,"(3, 1)",66.21949768066406,65.62716674804688,66.21949768066406,55.78506851196289,-0.5923309326171875,58.04484558105469,65.62716674804688,22,manual,"(6, 3)",2.873821258544922
1.8371862792968727,False,UP,8,hard,"(0, 7)",DOWN,manual_hard_7,"(1, 1)",7,14,"(2, 1)",69.20301818847656,64.62055206298828,69.20301818847656,57.10390853881836,-4.582466125488281,56.16282653808594,64.62055206298828,22,manual,"(6, 3)",1.8371862792968727
0.40389896392822067,False,UP,7,hard,"(0, 7)",DOWN,manual_hard_7,"(0, 1)",6,15,"(1, 1)",67.13912963867188,62.829673767089844,67.13912963867188,54.50025939941406,-4.309455871582031,51.94562911987305,62.829673767089844,22,manual,"(6, 3)",0.40389896392822067
2.928849029541013,False,RIGHT,6,hard,"(0, 7)",DOWN,manual_hard_7,"(0, 2)",5,16,"(0, 1)",63.88239669799805,61.24375915527344,63.88239669799805,48.90876007080078,-2.6386375427246094,61.24375915527344,49.2877197265625,22,manual,"(6, 3)",2.928849029541013
0.8622810363769418,True,RIGHT,5,hard,"(0, 7)",RIGHT,manual_hard_7,"(0, 3)",4,17,"(0, 2)",61.07220458984375,64.83091735839844,48.622169494628906,61.07220458984375,3.7587127685546875,64.83091735839844,48.95513916015625,22,manual,"(6, 3)",0.8622810363769418
1.6786540222168043,True,RIGHT,4,hard,"(0, 7)",RIGHT,manual_hard_7,"(0, 4)",3,18,"(0, 3)",58.37194061279297,66.36686706542969,52.478546142578125,58.37194061279297,7.994926452636719,66.36686706542969,53.738616943359375,22,manual,"(6, 3)",-1.6786540222168043
5.508687820434567,True,RIGHT,3,hard,"(0, 7)",RIGHT,manual_hard_7,"(0, 5)",2,19,"(0, 4)",62.35124588012695,65.35173034667969,56.89290237426758,62.35124588012695,3.0004844665527344,65.35173034667969,51.9614372253418,22,manual,"(6, 3)",-5.508687820434567
0.33259609222412223,False,RIGHT,2,hard,"(0, 7)",LEFT,manual_hard_7,"(0, 6)",1,20,"(0, 5)",60.457618713378906,59.546695709228516,57.514469146728516,60.457618713378906,-0.9109230041503906,59.546695709228516,54.828094482421875,22,manual,"(6, 3)",-0.33259609222412223
1.676582107543945,False,RIGHT,1,hard,"(0, 7)",DOWN,manual_hard_7,"(0, 7)",0,21,"(0, 6)",59.822322845458984,11.666582107543945,59.822322845458984,48.362945556640625,-48.15574073791504,11.666582107543945,45.82981872558594,22,manual,"(6, 3)",-1.676582107543945
0.06332420349121293,False,DOWN,16,hard,"(6, 6)",LEFT,manual_hard_8,"(1, 6)",15,0,"(0, 6)",52.20524597167969,50.69369888305664,50.69369888305664,52.20524597167969,-1.5115470886230469,41.66611862182617,41.75360870361328,16,manual,"(0, 6)",-0.06332420349121293
3.7614365386962874,True,DOWN,15,hard,"(6, 6)",DOWN,manual_hard_8,"(2, 6)",14,1,"(1, 6)",50.29534149169922,51.151893615722656,51.151893615722656,44.998687744140625,0.8565521240234375,40.28634262084961,50.29534149169922,16,manual,"(0, 6)",3.7614365386962874
1.5095531463623004,True,LEFT,14,hard,"(6, 6)",LEFT,manual_hard_8,"(2, 5)",13,2,"(2, 6)",52.35094451904297,55.478111267089844,42.97221755981445,55.478111267089844,3.127166748046875,39.8379020690918,52.35094451904297,16,manual,"(0, 6)",-1.5095531463623004
1.2818535995483415,True,LEFT,13,hard,"(6, 6)",LEFT,manual_hard_8,"(2, 4)",12,3,"(2, 5)",48.46187210083008,54.52379608154297,37.33713912963867,54.52379608154297,6.061923980712891,48.46187210083008,42.566978454589844,16,manual,"(0, 6)",1.2818535995483415
2.374589576721192,True,LEFT,12,hard,"(6, 6)",LEFT,manual_hard_8,"(2, 3)",11,4,"(2, 4)",50.88605880737305,56.37944412231445,39.2816276550293,56.37944412231445,5.493385314941406,50.88605880737305,39.59960174560547,16,manual,"(0, 6)",-2.374589576721192
1.1039257049560547,True,LEFT,11,hard,"(6, 6)",LEFT,manual_hard_8,"(2, 2)",10,5,"(2, 3)",48.702857971191406,54.56045913696289,30.86307716369629,54.56045913696289,5.857601165771484,48.702857971191406,36.413230895996094,16,manual,"(0, 6)",-1.1039257049560547
0.9083964157104489,True,LEFT,10,hard,"(6, 6)",LEFT,manual_hard_8,"(2, 1)",9,6,"(2, 2)",50.50056076049805,54.00659942626953,36.189056396484375,54.00659942626953,3.5060386657714844,50.50056076049805,34.319297790527344,16,manual,"(0, 6)",-0.9083964157104489
1.879610824584958,False,DOWN,9,hard,"(6, 6)",RIGHT,manual_hard_8,"(3, 1)",8,7,"(2, 1)",53.644649505615234,50.65065383911133,50.65065383911133,46.98542022705078,-2.9939956665039062,53.644649505615234,33.918853759765625,16,manual,"(0, 6)",-1.879610824584958
5.249322509765626,False,DOWN,8,hard,"(6, 6)",LEFT,manual_hard_8,"(4, 1)",7,8,"(3, 1)",49.273780822753906,46.066322326660156,46.066322326660156,49.273780822753906,-3.20745849609375,40.17988967895508,48.11019515991211,16,manual,"(0, 6)",5.249322509765626
2.209826660156253,False,RIGHT,7,hard,"(6, 6)",UP,manual_hard_8,"(4, 2)",6,9,"(4, 1)",51.844085693359375,50.46635818481445,35.400699615478516,46.96480178833008,-1.3777275085449219,50.46635818481445,51.844085693359375,16,manual,"(0, 6)",2.209826660156253
2.0391771697998067,False,RIGHT,6,hard,"(6, 6)",LEFT,manual_hard_8,"(4, 3)",5,10,"(4, 2)",53.21836853027344,50.73623275756836,39.48955535888672,53.21836853027344,-2.482135772705078,50.73623275756836,38.391563415527344,16,manual,"(0, 6)",2.0391771697998067
2.2474113464355483,False,RIGHT,5,hard,"(6, 6)",LEFT,manual_hard_8,"(4, 4)",4,11,"(4, 3)",53.31859588623047,49.19588088989258,34.91818618774414,53.31859588623047,-4.122714996337891,49.19588088989258,38.24120330810547,16,manual,"(0, 6)",2.2474113464355483
0.34668090820312614,False,RIGHT,4,hard,"(6, 6)",LEFT,manual_hard_8,"(4, 5)",3,12,"(4, 4)",51.9730224609375,49.17196273803711,36.69775390625,51.9730224609375,-2.8010597229003906,49.17196273803711,35.64799118041992,16,manual,"(0, 6)",-0.34668090820312614
2.5378068542480463,False,RIGHT,3,hard,"(6, 6)",LEFT,manual_hard_8,"(4, 6)",2,13,"(4, 5)",49.32856750488281,47.573707580566406,38.86513900756836,49.32856750488281,-1.7548599243164062,47.573707580566406,32.87018585205078,16,manual,"(0, 6)",2.5378068542480463
0.34294067382812443,False,DOWN,2,hard,"(6, 6)",LEFT,manual_hard_8,"(5, 6)",1,14,"(4, 6)",50.62779235839844,43.652828216552734,43.652828216552734,50.62779235839844,-6.974964141845703,38.05397033691406,34.31839370727539,16,manual,"(0, 6)",0.34294067382812443
0.9340341186523435,False,DOWN,1,hard,"(6, 6)",LEFT,manual_hard_8,"(6, 6)",0,15,"(5, 6)",44.45027160644531,10.924034118652344,10.924034118652344,44.45027160644531,-33.52623748779297,42.8497428894043,31.760770797729492,16,manual,"(0, 6)",-0.9340341186523435
0.012386856079103836,True,DOWN,15,hard,"(5, 6)",DOWN,manual_hard_9,"(1, 0)",14,0,"(0, 0)",55.473541259765625,66.4113998413086,66.4113998413086,55.00104904174805,10.937858581542969,53.66823196411133,55.473541259765625,15,manual,"(0, 0)",-0.012386856079103836
0.9289703369140625,True,DOWN,14,hard,"(5, 6)",DOWN,manual_hard_9,"(2, 0)",13,1,"(1, 0)",62.07078552246094,67.0798110961914,67.0798110961914,55.800086975097656,5.009025573730469,53.77244186401367,62.07078552246094,15,manual,"(0, 0)",-0.9289703369140625
0.9281856536865263,True,DOWN,13,hard,"(5, 6)",DOWN,manual_hard_9,"(3, 0)",12,2,"(2, 0)",62.38667678833008,66.82913208007812,66.82913208007812,55.00115203857422,4.442455291748047,55.966468811035156,62.38667678833008,15,manual,"(0, 0)",-0.9281856536865263
0.6704421997070398,True,DOWN,12,hard,"(5, 6)",DOWN,manual_hard_9,"(4, 0)",11,3,"(3, 0)",64.58675384521484,66.57671356201172,66.57671356201172,56.659820556640625,1.989959716796875,58.20284652709961,64.58675384521484,15,manual,"(0, 0)",-0.6704421997070398
0.5617168426513643,True,DOWN,11,hard,"(5, 6)",DOWN,manual_hard_9,"(5, 0)",10,4,"(4, 0)",65.57251739501953,66.58209228515625,66.58209228515625,58.505645751953125,1.0095748901367188,59.63406753540039,65.57251739501953,15,manual,"(0, 0)",0.5617168426513643
1.0340122222900305,True,DOWN,10,hard,"(5, 6)",DOWN,manual_hard_9,"(6, 0)",9,5,"(5, 0)",65.51456451416016,67.8321304321289,67.8321304321289,56.56330108642578,2.31756591796875,57.44242858886719,65.51456451416016,15,manual,"(0, 0)",1.0340122222900305
2.0286517333984477,True,DOWN,9,hard,"(5, 6)",DOWN,manual_hard_9,"(7, 0)",8,6,"(6, 0)",66.4211196899414,69.57186126708984,69.57186126708984,58.661155700683594,3.1507415771484375,56.49245071411133,66.4211196899414,15,manual,"(0, 0)",-2.0286517333984477
1.1314853668212947,True,RIGHT,8,hard,"(5, 6)",RIGHT,manual_hard_9,"(7, 1)",7,7,"(7, 0)",67.16471862792969,68.23556518554688,58.208866119384766,59.01487350463867,1.0708465576171875,68.23556518554688,67.16471862792969,15,manual,"(0, 0)",-1.1314853668212947
1.426415023803699,False,RIGHT,7,hard,"(5, 6)",LEFT,manual_hard_9,"(7, 2)",6,8,"(7, 1)",67.79199981689453,66.87776184082031,56.29020309448242,67.79199981689453,-0.9142379760742188,66.87776184082031,59.39738082885742,15,manual,"(0, 0)",1.426415023803699
1.553733139038087,False,RIGHT,6,hard,"(5, 6)",LEFT,manual_hard_9,"(7, 3)",5,9,"(7, 2)",69.00421905517578,66.449951171875,53.936100006103516,69.00421905517578,-2.5542678833007812,66.449951171875,58.26332092285156,15,manual,"(0, 0)",1.553733139038087
1.9538337707519418,False,RIGHT,5,hard,"(5, 6)",LEFT,manual_hard_9,"(7, 4)",4,10,"(7, 3)",68.70069122314453,65.31116485595703,52.559364318847656,68.70069122314453,-3.3895263671875,65.31116485595703,56.93072509765625,15,manual,"(0, 0)",1.9538337707519418
0.4617065429687486,False,RIGHT,4,hard,"(5, 6)",LEFT,manual_hard_9,"(7, 5)",3,11,"(7, 4)",67.95454406738281,61.28696060180664,50.7224235534668,67.95454406738281,-6.667583465576172,61.28696060180664,52.90003204345703,15,manual,"(0, 0)",0.4617065429687486
1.9953180694580084,False,RIGHT,3,hard,"(5, 6)",LEFT,manual_hard_9,"(7, 6)",2,12,"(7, 5)",62.38249206542969,54.99381637573242,46.71274948120117,62.38249206542969,-7.388675689697266,54.99381637573242,46.796363830566406,15,manual,"(0, 0)",-1.9953180694580084
8.81909412384033,False,UP,2,hard,"(5, 6)",LEFT,manual_hard_9,"(6, 6)",1,13,"(7, 6)",53.54393768310547,42.037513732910156,36.411869049072266,53.54393768310547,-11.506423950195312,40.35451889038086,42.037513732910156,15,manual,"(0, 0)",-8.81909412384033
6.5732924842834475,False,UP,1,hard,"(5, 6)",DOWN,manual_hard_9,"(5, 6)",0,14,"(6, 6)",33.56406021118164,3.4167075157165527,33.56406021118164,30.73903465270996,-30.147352695465088,23.662588119506836,3.4167075157165527,15,manual,"(0, 0)",6.5732924842834475
0.2267626190185581,False,DOWN,8,easy,"(6, 1)",UP,random_easy_0,"(4, 6)",7,0,"(3, 6)",60.05828857421875,58.673683166503906,58.673683166503906,48.183433532714844,-1.3846054077148438,57.90308380126953,60.05828857421875,8,random,"(3, 6)",0.2267626190185581
1.0796026611328173,False,DOWN,7,easy,"(6, 1)",UP,random_easy_0,"(5, 6)",6,1,"(4, 6)",59.50550079345703,57.724578857421875,57.724578857421875,58.60089111328125,-1.7809219360351562,56.10054016113281,59.50550079345703,8,random,"(3, 6)",1.0796026611328173
1.5329893493652378,False,DOWN,6,easy,"(6, 1)",UP,random_easy_0,"(6, 6)",5,2,"(5, 6)",59.40826416015625,56.748291015625,56.748291015625,58.608001708984375,-2.65997314453125,55.18606948852539,59.40826416015625,8,random,"(3, 6)",1.5329893493652378
0.2859695053100566,False,LEFT,5,easy,"(6, 1)",UP,random_easy_0,"(6, 5)",4,3,"(6, 6)",58.88008117675781,56.97706604003906,55.287269592285156,56.97706604003906,-1.90301513671875,54.621273040771484,58.88008117675781,8,random,"(3, 6)",0.2859695053100566
0.7270639038085918,False,LEFT,4,easy,"(6, 1)",UP,random_easy_0,"(6, 4)",3,4,"(6, 5)",57.8515510559082,55.85118865966797,54.63454055786133,55.85118865966797,-2.0003623962402344,54.53498458862305,57.8515510559082,8,random,"(3, 6)",0.7270639038085918
1.1064215087890616,False,LEFT,3,easy,"(6, 1)",UP,random_easy_0,"(6, 3)",2,5,"(6, 4)",57.15985107421875,56.54651641845703,55.583656311035156,56.54651641845703,-0.6133346557617188,55.27634811401367,57.15985107421875,8,random,"(3, 6)",1.1064215087890616
1.7213228988647487,False,LEFT,2,easy,"(6, 1)",UP,random_easy_0,"(6, 2)",1,6,"(6, 3)",58.245391845703125,52.797943115234375,52.79555130004883,52.797943115234375,-5.44744873046875,57.8446159362793,58.245391845703125,8,random,"(3, 6)",1.7213228988647487
3.428731689453125,False,LEFT,1,easy,"(6, 1)",RIGHT,random_easy_0,"(6, 1)",0,7,"(6, 2)",55.0800666809082,13.418731689453125,40.46469497680664,13.418731689453125,-41.66133499145508,55.0800666809082,43.07603454589844,8,random,"(3, 6)",-3.428731689453125
1.2602793884277332,False,DOWN,9,easy,"(2, 7)",RIGHT,random_easy_1,"(3, 0)",8,0,"(2, 0)",75.28887939453125,73.72743225097656,73.72743225097656,64.23456573486328,-1.5614471435546875,75.28887939453125,65.95455169677734,9,random,"(2, 0)",1.2602793884277332
0.2560189056396496,True,RIGHT,8,easy,"(2, 7)",RIGHT,random_easy_1,"(3, 1)",7,1,"(3, 0)",75.05247497558594,75.75526428222656,75.05247497558594,65.6180191040039,0.702789306640625,75.75526428222656,73.64395141601562,9,random,"(2, 0)",-0.2560189056396496
0.7211309814453131,False,RIGHT,7,easy,"(2, 7)",LEFT,random_easy_1,"(3, 2)",6,2,"(3, 1)",76.27196502685547,75.52335357666016,76.13331604003906,76.27196502685547,-0.7486114501953125,75.52335357666016,73.5457992553711,9,random,"(2, 0)",-0.7211309814453131
0.09032615661621435,False,RIGHT,6,easy,"(2, 7)",LEFT,random_easy_1,"(3, 3)",5,3,"(3, 2)",75.56790161132812,75.45989990234375,65.88709259033203,75.56790161132812,-0.108001708984375,75.45989990234375,71.83378601074219,9,random,"(2, 0)",-0.09032615661621435
1.8387217712402304,False,RIGHT,5,easy,"(2, 7)",LEFT,random_easy_1,"(3, 4)",4,4,"(3, 3)",76.14098358154297,75.10101318359375,64.62767791748047,76.14098358154297,-1.0399703979492188,75.10101318359375,65.88117980957031,9,random,"(2, 0)",1.8387217712402304
1.9680570983886696,False,UP,4,easy,"(2, 7)",RIGHT,random_easy_1,"(2, 4)",3,5,"(3, 4)",77.72700500488281,75.96321868896484,68.17048645019531,77.27766418457031,-1.7637863159179688,77.72700500488281,75.96321868896484,9,random,"(2, 0)",1.9680570983886696
0.13418899536132756,False,RIGHT,3,easy,"(2, 7)",DOWN,random_easy_1,"(2, 5)",2,6,"(2, 4)",78.72856140136719,78.09310913085938,78.72856140136719,65.72039794921875,-0.6354522705078125,78.09310913085938,77.32121276855469,9,random,"(2, 0)",-0.13418899536132756
1.1222850799560433,False,RIGHT,2,easy,"(2, 7)",DOWN,random_easy_1,"(2, 6)",1,7,"(2, 5)",78.75648498535156,77.38833618164062,78.75648498535156,78.56429290771484,-1.3681488037109375,77.38833618164062,68.2480697631836,9,random,"(2, 0)",1.1222850799560433
1.9870593643188474,False,RIGHT,1,easy,"(2, 7)",DOWN,random_easy_1,"(2, 7)",0,8,"(2, 6)",79.31375885009766,11.977059364318848,79.31375885009766,78.48580169677734,-67.33669948577881,11.977059364318848,74.44965362548828,9,random,"(2, 0)",-1.9870593643188474
0.48126907348633097,True,DOWN,8,easy,"(5, 1)",DOWN,random_easy_2,"(1, 4)",7,0,"(0, 4)",77.73884582519531,78.71246337890625,78.71246337890625,77.68518829345703,0.9736175537109375,77.73884582519531,66.41284942626953,8,random,"(0, 4)",-0.48126907348633097
2.506345367431635,False,LEFT,7,easy,"(5, 1)",UP,random_easy_2,"(1, 3)",6,1,"(1, 4)",79.03150939941406,78.71768951416016,70.42094421386719,78.71768951416016,-0.31381988525390625,79.01121520996094,79.03150939941406,8,random,"(0, 4)",2.506345367431635
0.6743476867675895,True,DOWN,6,easy,"(5, 1)",DOWN,random_easy_2,"(2, 3)",5,2,"(1, 3)",79.90632629394531,82.05458068847656,82.05458068847656,78.3936996459961,2.14825439453125,79.90632629394531,79.40296936035156,8,random,"(0, 4)",-0.6743476867675895
1.644232940673831,True,DOWN,5,easy,"(5, 1)",DOWN,random_easy_2,"(3, 3)",4,3,"(2, 3)",79.17205047607422,82.21235656738281,82.21235656738281,78.96640014648438,3.0403060913085938,68.66150665283203,79.17205047607422,8,random,"(0, 4)",-1.644232940673831
0.08978698730467727,False,DOWN,4,easy,"(5, 1)",LEFT,random_easy_2,"(4, 3)",3,4,"(3, 3)",81.39204406738281,79.04365539550781,79.04365539550781,81.39204406738281,-2.348388671875,79.53822326660156,79.8510971069336,8,random,"(0, 4)",0.08978698730467727
0.4288481140136753,False,LEFT,3,easy,"(5, 1)",RIGHT,random_easy_2,"(4, 2)",2,5,"(4, 3)",79.94287109375,78.23788452148438,71.35279083251953,78.23788452148438,-1.704986572265625,79.94287109375,79.70201873779297,8,random,"(0, 4)",-0.4288481140136753
4.047040939331055,False,DOWN,2,easy,"(5, 1)",UP,random_easy_2,"(5, 2)",1,6,"(4, 2)",78.60508728027344,72.924560546875,72.924560546875,75.49602508544922,-5.6805267333984375,75.53202819824219,78.60508728027344,8,random,"(0, 4)",4.047040939331055
3.4806506729125974,False,LEFT,1,easy,"(5, 1)",DOWN,random_easy_2,"(5, 1)",0,7,"(5, 2)",77.75919342041016,13.470650672912598,77.75919342041016,13.470650672912598,-64.28854274749756,54.44054412841797,67.80957794189453,8,random,"(0, 4)",-3.4806506729125974
0.7478870773315478,True,DOWN,9,easy,"(6, 6)",DOWN,random_easy_3,"(1, 3)",8,0,"(0, 3)",54.9727668762207,56.19794845581055,56.19794845581055,54.64741516113281,1.2251815795898438,54.9727668762207,46.45963668823242,9,random,"(0, 3)",0.7478870773315478
1.669827194213866,True,DOWN,8,easy,"(6, 6)",DOWN,random_easy_3,"(2, 3)",7,1,"(1, 3)",57.061344146728516,57.53114700317383,57.53114700317383,56.49363708496094,0.4698028564453125,54.80900192260742,57.061344146728516,9,random,"(0, 3)",-1.669827194213866
3.435240859985356,False,DOWN,7,easy,"(6, 6)",LEFT,random_easy_3,"(3, 3)",6,2,"(2, 3)",56.43567657470703,53.65913772583008,53.65913772583008,56.43567657470703,-2.776538848876953,53.934146881103516,55.097267150878906,9,random,"(0, 3)",3.435240859985356
1.3249898147582968,False,DOWN,6,easy,"(6, 6)",LEFT,random_easy_3,"(4, 3)",5,3,"(3, 3)",57.681190490722656,56.50084686279297,56.50084686279297,57.681190490722656,-1.1803436279296875,55.770320892333984,56.45217514038086,9,random,"(0, 3)",-1.3249898147582968
1.1260576248168945,False,RIGHT,5,easy,"(6, 6)",LEFT,random_easy_3,"(4, 4)",4,4,"(4, 3)",55.743289947509766,55.33443832397461,54.67496109008789,55.743289947509766,-0.40885162353515625,55.33443832397461,53.25720977783203,9,random,"(0, 3)",1.1260576248168945
1.0652172470092793,False,RIGHT,4,easy,"(6, 6)",LEFT,random_easy_3,"(4, 5)",3,5,"(4, 4)",57.0409049987793,56.30238342285156,56.32734298706055,57.0409049987793,-0.7385215759277344,56.30238342285156,56.78084945678711,9,random,"(0, 3)",1.0652172470092793
1.0058738708496122,False,RIGHT,3,easy,"(6, 6)",UP,random_easy_3,"(4, 6)",2,6,"(4, 5)",57.95717239379883,54.18662643432617,49.8358268737793,55.8221435546875,-3.7705459594726562,54.18662643432617,57.95717239379883,9,random,"(0, 3)",1.0058738708496122
3.9001632308959984,False,DOWN,2,easy,"(6, 6)",LEFT,random_easy_3,"(5, 6)",1,7,"(4, 6)",55.760101318359375,51.985111236572266,51.985111236572266,55.760101318359375,-3.7749900817871094,50.570743560791016,44.2880973815918,9,random,"(0, 3)",3.9001632308959984
3.022845993041992,False,DOWN,1,easy,"(6, 6)",RIGHT,random_easy_3,"(6, 6)",0,8,"(5, 6)",56.45987319946289,13.012845993041992,13.012845993041992,43.141807556152344,-43.4470272064209,56.45987319946289,30.919097900390625,9,random,"(0, 3)",-3.022845993041992
0.6781820678710915,True,DOWN,8,easy,"(5, 0)",DOWN,random_easy_4,"(1, 3)",7,0,"(0, 3)",57.71823501586914,59.53512954711914,59.53512954711914,57.71823501586914,1.81689453125,57.644775390625,48.1290283203125,8,random,"(0, 3)",-0.6781820678710915
0.04489437103271854,True,DOWN,7,easy,"(5, 0)",DOWN,random_easy_4,"(2, 3)",6,1,"(1, 3)",58.09804153442383,59.46156311035156,59.46156311035156,58.09804153442383,1.3635215759277344,57.76278305053711,58.06434631347656,8,random,"(0, 3)",0.04489437103271854
0.3597978210449213,True,DOWN,6,easy,"(5, 0)",DOWN,random_easy_4,"(3, 3)",5,2,"(2, 3)",58.821449279785156,60.11763381958008,60.11763381958008,58.821449279785156,1.2961845397949219,57.66851806640625,57.07539367675781,8,random,"(0, 3)",-0.3597978210449213
1.0311157608032246,False,LEFT,5,easy,"(5, 0)",UP,random_easy_4,"(3, 2)",4,3,"(3, 3)",60.371551513671875,60.238319396972656,50.34286117553711,60.238319396972656,-0.13323211669921875,57.85587692260742,60.371551513671875,8,random,"(0, 3)",-1.0311157608032246
0.8528169250488276,False,LEFT,4,easy,"(5, 0)",UP,random_easy_4,"(3, 1)",3,4,"(3, 2)",59.81535720825195,57.74762725830078,49.93667984008789,57.74762725830078,-2.067729949951172,57.42228698730469,59.81535720825195,8,random,"(0, 3)",0.8528169250488276
2.2416383361816443,False,DOWN,3,easy,"(5, 0)",LEFT,random_easy_4,"(4, 1)",2,5,"(3, 1)",59.20246887207031,57.698272705078125,57.698272705078125,59.20246887207031,-1.5041961669921875,58.920841217041016,58.85127639770508,8,random,"(0, 3)",2.2416383361816443
4.078886909484865,False,DOWN,2,easy,"(5, 0)",UP,random_easy_4,"(5, 1)",1,6,"(4, 1)",60.55546569824219,56.1738395690918,56.1738395690918,57.467002868652344,-4.381626129150391,44.55704116821289,60.55546569824219,8,random,"(0, 3)",4.078886909484865
3.0799968147277834,False,LEFT,1,easy,"(5, 0)",UP,random_easy_4,"(5, 0)",0,7,"(5, 1)",60.87144088745117,6.910003185272217,60.49159240722656,6.910003185272217,-53.961437702178955,58.98336410522461,60.87144088745117,8,random,"(0, 3)",3.0799968147277834
0.577482070922855,True,UP,8,easy,"(1, 2)",UP,random_easy_5,"(3, 7)",7,0,"(4, 7)",73.20551300048828,74.56446075439453,70.79698181152344,73.20551300048828,1.35894775390625,61.40590286254883,74.56446075439453,8,random,"(4, 7)",-0.577482070922855
2.0682611083984455,False,UP,7,easy,"(1, 2)",LEFT,random_easy_5,"(2, 7)",6,1,"(3, 7)",74.74442291259766,74.62875366210938,72.3961410522461,74.74442291259766,-0.11566925048828125,62.480262756347656,74.62875366210938,8,random,"(4, 7)",-2.0682611083984455
0.7244650268554693,False,LEFT,6,easy,"(1, 2)",DOWN,random_easy_5,"(2, 6)",5,2,"(2, 7)",73.30352783203125,72.86536407470703,73.30352783203125,72.86536407470703,-0.43816375732421875,63.8508186340332,64.42888641357422,8,random,"(4, 7)",0.7244650268554693
1.0337508392334058,True,LEFT,5,easy,"(1, 2)",LEFT,random_easy_5,"(2, 5)",4,3,"(2, 6)",73.4892578125,74.34326171875,72.4120864868164,74.34326171875,0.85400390625,73.4892578125,66.37187957763672,8,random,"(4, 7)",-1.0337508392334058
0.49968711853027514,True,LEFT,4,easy,"(1, 2)",LEFT,random_easy_5,"(2, 4)",3,4,"(2, 5)",73.57200622558594,74.06011199951172,73.25749206542969,74.06011199951172,0.48810577392578125,73.57200622558594,72.3279800415039,8,random,"(4, 7)",-0.49968711853027514
2.501074142456062,True,LEFT,3,easy,"(1, 2)",LEFT,random_easy_5,"(2, 3)",2,5,"(2, 4)",71.9140396118164,74.31356048583984,60.68329620361328,74.31356048583984,2.3995208740234375,71.9140396118164,59.48299026489258,8,random,"(4, 7)",-2.501074142456062
12.325076217651358,False,UP,2,easy,"(1, 2)",LEFT,random_easy_5,"(1, 3)",1,6,"(2, 3)",72.54796600341797,64.0289535522461,47.68207931518555,72.54796600341797,-8.519012451171875,65.30426788330078,64.0289535522461,8,random,"(4, 7)",12.325076217651358
3.6973226165771482,False,LEFT,1,easy,"(1, 2)",UP,random_easy_5,"(1, 2)",0,7,"(1, 3)",77.13538360595703,13.687322616577148,72.81455993652344,13.687322616577148,-63.44806098937988,55.31145095825195,77.13538360595703,8,random,"(4, 7)",-3.6973226165771482
1.4215899658203028,False,UP,8,easy,"(0, 5)",RIGHT,random_easy_6,"(3, 1)",7,0,"(4, 1)",68.5526123046875,67.45014953613281,67.88948822021484,67.0499038696289,-1.1024627685546875,68.5526123046875,67.45014953613281,8,random,"(4, 1)",1.4215899658203028
0.09370788574219091,False,UP,7,easy,"(0, 5)",RIGHT,random_easy_6,"(2, 1)",6,1,"(3, 1)",69.5775146484375,68.51839447021484,67.57635498046875,66.81200408935547,-1.0591201782226562,69.5775146484375,68.51839447021484,8,random,"(4, 1)",-0.09370788574219091
0.021865158081055824,False,UP,6,easy,"(0, 5)",RIGHT,random_easy_6,"(1, 1)",5,2,"(2, 1)",69.12594604492188,68.25448608398438,67.66716766357422,67.24088287353516,-0.8714599609375,69.12594604492188,68.25448608398438,8,random,"(4, 1)",0.021865158081055824
1.302878875732418,False,UP,5,easy,"(0, 5)",RIGHT,random_easy_6,"(0, 1)",4,3,"(1, 1)",68.97611236572266,67.91607666015625,67.75191497802734,67.0453109741211,-1.0600357055664062,68.97611236572266,67.91607666015625,8,random,"(4, 1)",1.302878875732418
0.4742582702636611,True,RIGHT,4,easy,"(0, 5)",RIGHT,random_easy_6,"(0, 2)",3,4,"(0, 1)",69.09675598144531,69.92823791503906,68.91372680664062,69.09675598144531,0.83148193359375,69.92823791503906,59.28363800048828,8,random,"(4, 1)",0.4742582702636611
0.43899307250977415,True,RIGHT,3,easy,"(0, 5)",RIGHT,random_easy_6,"(0, 3)",2,5,"(0, 2)",69.53768157958984,71.12373352050781,69.53768157958984,68.7308120727539,1.5860519409179688,71.12373352050781,59.24529266357422,8,random,"(4, 1)",-0.43899307250977415
1.603724441528314,True,RIGHT,2,easy,"(0, 5)",RIGHT,random_easy_6,"(0, 4)",1,6,"(0, 3)",70.23542022705078,71.40882873535156,70.23542022705078,67.96216583251953,1.1734085083007812,71.40882873535156,60.20612716674805,8,random,"(4, 1)",1.603724441528314
2.213498344421387,False,RIGHT,1,easy,"(0, 5)",DOWN,random_easy_6,"(0, 5)",0,7,"(0, 4)",73.7601547241211,7.776501655578613,73.7601547241211,55.673683166503906,-65.98365306854248,7.776501655578613,59.7325439453125,8,random,"(4, 1)",2.213498344421387
0.3170864105224638,True,DOWN,8,easy,"(6, 3)",DOWN,random_easy_7,"(1, 5)",7,0,"(0, 5)",71.28491973876953,72.43121337890625,72.43121337890625,71.28491973876953,1.1462936401367188,69.93977355957031,61.866920471191406,8,random,"(0, 5)",-0.3170864105224638
0.4218174743652412,True,DOWN,7,easy,"(6, 3)",DOWN,random_easy_7,"(2, 5)",6,1,"(1, 5)",72.34075927734375,72.85265350341797,72.85265350341797,71.62915802001953,0.5118942260742188,71.82205200195312,72.34075927734375,8,random,"(0, 5)",-0.4218174743652412
0.9283627319336034,True,DOWN,6,easy,"(6, 3)",DOWN,random_easy_7,"(3, 5)",5,2,"(2, 5)",72.0723648071289,73.17256164550781,73.17256164550781,70.36450958251953,1.1001968383789062,62.0604362487793,72.0723648071289,8,random,"(0, 5)",-0.9283627319336034
1.6184774780273443,True,DOWN,5,easy,"(6, 3)",DOWN,random_easy_7,"(4, 5)",4,3,"(3, 5)",72.29449462890625,72.98403930664062,72.98403930664062,62.27814865112305,0.689544677734375,71.16751861572266,72.29449462890625,8,random,"(0, 5)",-1.6184774780273443
1.178176803588869,True,DOWN,4,easy,"(6, 3)",DOWN,random_easy_7,"(5, 5)",3,4,"(4, 5)",72.0628662109375,72.09652709960938,72.09652709960938,71.34465789794922,0.033660888671875,61.10096740722656,72.0628662109375,8,random,"(0, 5)",-1.178176803588869
0.8013197326660162,False,DOWN,3,easy,"(6, 3)",LEFT,random_easy_7,"(6, 5)",2,5,"(5, 5)",71.6447982788086,67.64446258544922,67.64446258544922,71.6447982788086,-4.000335693359375,69.16583251953125,71.00481414794922,8,random,"(0, 5)",-0.8013197326660162
0.26695365905762003,False,LEFT,2,easy,"(6, 3)",DOWN,random_easy_7,"(6, 4)",1,6,"(6, 5)",67.52842712402344,65.36802673339844,67.52842712402344,65.36802673339844,-2.160400390625,66.20685577392578,67.43840789794922,8,random,"(0, 5)",-0.26695365905762003
3.733630905151367,False,LEFT,1,easy,"(6, 3)",UP,random_easy_7,"(6, 3)",0,7,"(6, 4)",65.76876068115234,13.723630905151367,48.4792594909668,13.723630905151367,-52.04512977600098,55.86787033081055,65.76876068115234,8,random,"(0, 5)",-3.733630905151367
2.207832794189443,True,UP,8,easy,"(0, 4)",UP,random_easy_8,"(4, 1)",7,0,"(5, 1)",73.9824447631836,74.13436126708984,71.36972045898438,71.10894775390625,0.15191650390625,73.9824447631836,74.13436126708984,8,random,"(5, 1)",2.207832794189443
1.714359436035167,True,UP,7,easy,"(0, 4)",UP,random_easy_8,"(3, 1)",6,1,"(4, 1)",76.14759063720703,77.12342834472656,75.24285125732422,74.32132720947266,0.9758377075195312,76.14759063720703,77.12342834472656,8,random,"(5, 1)",-1.714359436035167
1.5103877258300855,False,UP,6,easy,"(0, 4)",RIGHT,random_easy_8,"(2, 1)",5,2,"(3, 1)",76.18087768554688,76.05992889404297,75.25595092773438,73.0060043334961,-0.12094879150390625,76.18087768554688,76.05992889404297,8,random,"(5, 1)",-1.5103877258300855
1.2527101898193251,False,UP,5,easy,"(0, 4)",RIGHT,random_easy_8,"(1, 1)",4,3,"(2, 1)",75.31266784667969,72.17159271240234,74.82411193847656,64.9833755493164,-3.1410751342773438,75.31266784667969,72.17159271240234,8,random,"(5, 1)",1.2527101898193251
1.8727183532714946,False,RIGHT,4,easy,"(0, 4)",DOWN,random_easy_8,"(1, 2)",3,4,"(1, 1)",74.17606353759766,72.52365112304688,74.17606353759766,70.09920501708984,-1.6524124145507812,72.52365112304688,70.14720153808594,8,random,"(5, 1)",-1.8727183532714946
1.1109902954101472,False,RIGHT,3,easy,"(0, 4)",DOWN,random_easy_8,"(1, 3)",2,5,"(1, 2)",71.37467956542969,68.72975158691406,71.37467956542969,67.95182037353516,-2.644927978515625,68.72975158691406,58.19666290283203,8,random,"(5, 1)",1.1109902954101472
2.100400543212885,False,RIGHT,2,easy,"(0, 4)",DOWN,random_easy_8,"(1, 4)",1,6,"(1, 3)",70.55630493164062,62.53438186645508,70.55630493164062,65.90785217285156,-8.021923065185547,62.53438186645508,49.414512634277344,8,random,"(5, 1)",2.100400543212885
0.6344473266601565,False,UP,1,easy,"(0, 4)",LEFT,random_easy_8,"(0, 4)",0,7,"(1, 4)",65.29776000976562,9.355552673339844,53.732261657714844,65.29776000976562,-55.94220733642578,57.2844123840332,9.355552673339844,8,random,"(5, 1)",0.6344473266601565
0.009599990844726847,False,LEFT,8,easy,"(6, 0)",UP,random_easy_9,"(3, 4)",7,0,"(3, 5)",57.04029083251953,56.670188903808594,46.50487518310547,56.670188903808594,-0.3701019287109375,54.57225036621094,57.04029083251953,8,random,"(3, 5)",0.009599990844726847
1.2577463912963864,False,DOWN,7,easy,"(6, 0)",UP,random_easy_9,"(4, 4)",6,1,"(3, 4)",57.262413024902344,55.8507080078125,55.8507080078125,45.506046295166016,-1.4117050170898438,55.306480407714844,57.262413024902344,8,random,"(3, 5)",-1.2577463912963864
0.9759408569335974,False,DOWN,6,easy,"(6, 0)",UP,random_easy_9,"(5, 4)",5,2,"(4, 4)",55.15450668334961,54.80938720703125,54.80938720703125,53.04984664916992,-0.3451194763183594,43.86042404174805,55.15450668334961,8,random,"(3, 5)",0.9759408569335974
0.2819735717773426,False,LEFT,5,easy,"(6, 0)",UP,random_easy_9,"(5, 3)",4,3,"(5, 4)",56.358917236328125,55.52614974975586,43.97469711303711,55.52614974975586,-0.8327674865722656,51.3679313659668,56.358917236328125,8,random,"(3, 5)",0.2819735717773426
0.2648700332641596,False,DOWN,4,easy,"(6, 0)",LEFT,random_easy_9,"(6, 3)",3,4,"(5, 3)",56.38194274902344,53.90671920776367,53.90671920776367,56.38194274902344,-2.4752235412597656,52.78657150268555,55.32341003417969,8,random,"(3, 5)",0.2648700332641596
0.741439094543459,False,LEFT,3,easy,"(6, 0)",UP,random_easy_9,"(6, 2)",2,5,"(6, 3)",54.728878021240234,54.561710357666016,53.67180252075195,54.561710357666016,-0.16716766357421875,43.42390060424805,54.728878021240234,8,random,"(3, 5)",0.741439094543459
1.6410768508911175,True,LEFT,2,easy,"(6, 0)",LEFT,random_easy_9,"(6, 1)",1,6,"(6, 2)",55.15589904785156,55.87186813354492,54.146820068359375,55.87186813354492,0.7159690856933594,53.1618537902832,55.15589904785156,8,random,"(3, 5)",1.6410768508911175
0.13553165435791037,False,LEFT,1,easy,"(6, 0)",DOWN,random_easy_9,"(6, 0)",0,7,"(6, 1)",58.10398483276367,9.85446834564209,58.10398483276367,9.85446834564209,-48.24951648712158,52.900638580322266,53.937862396240234,8,random,"(3, 5)",0.13553165435791037
1.392199630737295,False,UP,10,easy,"(2, 2)",LEFT,random_easy_10,"(6, 7)",9,0,"(7, 7)",86.50287628173828,85.00820922851562,74.0190200805664,86.50287628173828,-1.4946670532226562,75.29109191894531,85.00820922851562,10,random,"(7, 7)",1.392199630737295
0.35787467956542685,False,UP,9,easy,"(2, 2)",LEFT,random_easy_10,"(5, 7)",8,1,"(6, 7)",87.28324127197266,86.70874786376953,85.93911743164062,87.28324127197266,-0.574493408203125,75.6430892944336,86.70874786376953,10,random,"(7, 7)",0.35787467956542685
1.1849501037597605,True,UP,8,easy,"(2, 2)",UP,random_easy_10,"(4, 7)",7,2,"(5, 7)",87.59005737304688,87.95618438720703,86.92178344726562,87.59005737304688,0.36612701416015625,76.55821228027344,87.95618438720703,10,random,"(7, 7)",1.1849501037597605
0.259421005249024,True,UP,7,easy,"(2, 2)",UP,random_easy_10,"(3, 7)",6,3,"(4, 7)",89.36054229736328,90.05165100097656,87.34776306152344,89.36054229736328,0.6911087036132812,76.33033752441406,90.05165100097656,10,random,"(7, 7)",0.259421005249024
1.545863952636708,False,UP,6,easy,"(2, 2)",LEFT,random_easy_10,"(2, 7)",5,4,"(3, 7)",91.23340606689453,88.61214447021484,89.20907592773438,91.23340606689453,-2.6212615966796875,77.57363891601562,88.61214447021484,10,random,"(7, 7)",1.545863952636708
0.5160504150390608,False,LEFT,5,easy,"(2, 2)",DOWN,random_easy_10,"(2, 6)",4,5,"(2, 7)",91.07879638671875,89.17420959472656,91.07879638671875,89.17420959472656,-1.9045867919921875,77.74574279785156,89.3048324584961,10,random,"(7, 7)",0.5160504150390608
0.6168099975585903,False,LEFT,4,easy,"(2, 2)",DOWN,random_easy_10,"(2, 5)",3,6,"(2, 6)",90.6063232421875,88.9648666381836,90.6063232421875,88.9648666381836,-1.6414566040039062,89.08648681640625,87.70708465576172,10,random,"(7, 7)",0.6168099975585903
0.6799454498291055,False,LEFT,3,easy,"(2, 2)",DOWN,random_easy_10,"(2, 4)",2,7,"(2, 5)",90.49664306640625,88.99899291992188,90.49664306640625,88.99899291992188,-1.497650146484375,89.02869415283203,89.76459503173828,10,random,"(7, 7)",-0.6799454498291055
0.6390285491943359,False,LEFT,2,easy,"(2, 2)",UP,random_easy_10,"(2, 3)",1,8,"(2, 4)",89.22126007080078,87.81902313232422,88.34246826171875,87.81902313232422,-1.4022369384765625,87.14653015136719,89.22126007080078,10,random,"(7, 7)",-0.6390285491943359
5.42581916809082,False,LEFT,1,easy,"(2, 2)",DOWN,random_easy_10,"(2, 2)",0,9,"(2, 3)",88.0707015991211,15.41581916809082,88.0707015991211,15.41581916809082,-72.65488243103027,75.0982894897461,79.87902069091797,10,random,"(7, 7)",-5.42581916809082
0.15102630615234602,False,DOWN,8,easy,"(5, 0)",LEFT,random_easy_11,"(4, 6)",7,0,"(3, 6)",60.876625061035156,60.375911712646484,60.375911712646484,60.876625061035156,-0.5007133483886719,58.78469467163086,59.794166564941406,8,random,"(3, 6)",0.15102630615234602
2.231146621704106,False,DOWN,7,easy,"(5, 0)",LEFT,random_easy_11,"(5, 6)",6,1,"(4, 6)",61.14842224121094,59.099796295166016,59.099796295166016,61.14842224121094,-2.048625946044922,58.78803253173828,59.853187561035156,8,random,"(3, 6)",2.231146621704106
0.4113024139404331,True,LEFT,6,easy,"(5, 0)",LEFT,random_easy_11,"(5, 5)",5,2,"(5, 6)",61.11101150512695,61.960548400878906,61.11101150512695,61.960548400878906,0.8495368957519531,60.13607406616211,60.87071228027344,8,random,"(3, 6)",0.4113024139404331
0.40602516174316605,False,LEFT,5,easy,"(5, 0)",UP,random_easy_11,"(5, 4)",4,3,"(5, 5)",63.01197052001953,62.56153869628906,61.11438751220703,62.56153869628906,-0.45043182373046875,60.681705474853516,63.01197052001953,8,random,"(3, 6)",0.40602516174316605
0.3293688583374035,False,LEFT,4,easy,"(5, 0)",UP,random_easy_11,"(5, 3)",3,4,"(5, 4)",63.61370086669922,63.03564453125,62.07453155517578,63.03564453125,-0.5780563354492188,61.34418487548828,63.61370086669922,8,random,"(3, 6)",-0.3293688583374035
1.1161630249023418,False,LEFT,3,easy,"(5, 0)",DOWN,random_easy_11,"(5, 2)",2,5,"(5, 3)",63.34977340698242,62.7685432434082,63.34977340698242,62.7685432434082,-0.5812301635742188,62.68804931640625,63.138702392578125,8,random,"(3, 6)",-1.1161630249023418
0.28503181457519844,False,LEFT,2,easy,"(5, 0)",DOWN,random_easy_11,"(5, 1)",1,6,"(5, 2)",62.28523254394531,60.66648864746094,62.28523254394531,60.66648864746094,-1.618743896484375,60.25642013549805,61.990379333496094,8,random,"(3, 6)",0.28503181457519844
0.182288398742676,False,LEFT,1,easy,"(5, 0)",DOWN,random_easy_11,"(5, 0)",0,7,"(5, 1)",61.577293395996094,9.807711601257324,61.577293395996094,9.807711601257324,-51.76958179473877,60.965904235839844,61.30659866333008,8,random,"(3, 6)",0.182288398742676
0.10545387268065554,True,LEFT,9,easy,"(0, 5)",LEFT,random_easy_12,"(7, 4)",8,0,"(7, 5)",64.20745849609375,66.88374328613281,55.94705581665039,66.88374328613281,2.6762847900390625,64.20745849609375,57.35248947143555,9,random,"(7, 5)",0.10545387268065554
1.835774993896493,True,UP,8,easy,"(0, 5)",UP,random_easy_12,"(6, 4)",7,1,"(7, 4)",65.35563659667969,67.67595672607422,55.421390533447266,65.35563659667969,2.3203201293945312,63.051456451416016,67.67595672607422,9,random,"(7, 5)",-1.835774993896493
1.254301300048823,True,UP,7,easy,"(0, 5)",UP,random_easy_12,"(5, 4)",6,2,"(6, 4)",65.17827606201172,66.51533508300781,63.218101501464844,65.17827606201172,1.3370590209960938,53.60921096801758,66.51533508300781,9,random,"(7, 5)",1.254301300048823
0.48093048095704205,False,UP,6,easy,"(0, 5)",LEFT,random_easy_12,"(4, 4)",5,3,"(5, 4)",68.46427917480469,68.05818939208984,67.06874084472656,68.46427917480469,-0.40608978271484375,67.24016571044922,68.05818939208984,9,random,"(7, 5)",-0.48093048095704205
3.635706863403314,False,UP,5,easy,"(0, 5)",LEFT,random_easy_12,"(3, 4)",4,4,"(4, 4)",68.26995849609375,66.85486602783203,67.06489562988281,68.26995849609375,-1.4150924682617188,67.25914001464844,66.85486602783203,9,random,"(7, 5)",3.635706863403314
3.20905334472657,True,UP,4,easy,"(0, 5)",UP,random_easy_12,"(2, 4)",3,5,"(3, 4)",69.68955993652344,71.21269989013672,68.31792449951172,69.68955993652344,1.5231399536132812,69.04547119140625,71.21269989013672,9,random,"(7, 5)",-3.20905334472657
0.8565000915527321,True,UP,3,easy,"(0, 5)",UP,random_easy_12,"(1, 4)",2,6,"(2, 4)",67.34974670410156,68.70065307617188,67.34974670410156,66.3212890625,1.3509063720703125,64.5208740234375,68.70065307617188,9,random,"(7, 5)",0.8565000915527321
3.1196616363525322,True,UP,2,easy,"(0, 5)",UP,random_easy_12,"(0, 4)",1,7,"(1, 4)",68.61913299560547,70.26985168457031,68.61913299560547,66.53543853759766,1.6507186889648438,56.81371307373047,70.26985168457031,9,random,"(7, 5)",3.1196616363525322
0.5253064727783201,False,RIGHT,1,easy,"(0, 5)",DOWN,random_easy_12,"(0, 5)",0,8,"(0, 4)",74.14092254638672,10.51530647277832,74.14092254638672,57.333091735839844,-63.6256160736084,10.51530647277832,58.980018615722656,9,random,"(7, 5)",-0.5253064727783201
2.1662225341796812,True,UP,8,easy,"(4, 6)",UP,random_easy_13,"(5, 0)",7,0,"(6, 0)",69.44845581054688,70.706787109375,65.70858001708984,62.94325637817383,1.258331298828125,69.44845581054688,70.706787109375,8,random,"(6, 0)",2.1662225341796812
0.6909746551513649,False,UP,7,easy,"(4, 6)",DOWN,random_easy_13,"(4, 0)",6,1,"(5, 0)",73.61920166015625,70.80184936523438,73.61920166015625,63.10987854003906,-2.817352294921875,71.39703369140625,70.80184936523438,8,random,"(6, 0)",0.6909746551513649
0.8912992095947203,False,RIGHT,6,easy,"(4, 6)",DOWN,random_easy_13,"(4, 1)",5,2,"(4, 0)",72.2250747680664,71.79571533203125,72.2250747680664,62.43898391723633,-0.42935943603515625,71.79571533203125,62.887718200683594,8,random,"(6, 0)",0.8912992095947203
1.0259000396728482,False,RIGHT,5,easy,"(4, 6)",LEFT,random_easy_13,"(4, 2)",4,3,"(4, 1)",73.43132781982422,73.13970947265625,72.37332153320312,73.43132781982422,-0.29161834716796875,73.13970947265625,71.59732818603516,8,random,"(6, 0)",1.0259000396728482
1.7928408813476437,False,RIGHT,4,easy,"(4, 6)",LEFT,random_easy_13,"(4, 3)",3,4,"(4, 2)",74.92485809326172,73.96687316894531,64.48527526855469,74.92485809326172,-0.9579849243164062,73.96687316894531,72.46356964111328,8,random,"(6, 0)",1.7928408813476437
1.795359725952153,False,RIGHT,3,easy,"(4, 6)",DOWN,random_easy_13,"(4, 4)",2,5,"(4, 3)",76.53506469726562,75.64688110351562,76.53506469726562,75.03325653076172,-0.88818359375,75.64688110351562,63.646217346191406,8,random,"(6, 0)",-1.795359725952153
5.8814421844482325,False,RIGHT,2,easy,"(4, 6)",UP,random_easy_13,"(4, 5)",1,6,"(4, 4)",74.60759735107422,73.20454406738281,74.15345764160156,72.58052825927734,-1.4030532836914062,73.20454406738281,74.60759735107422,8,random,"(6, 0)",5.8814421844482325
3.7091615104675295,False,RIGHT,1,easy,"(4, 6)",UP,random_easy_13,"(4, 6)",0,7,"(4, 5)",79.89493560791016,6.280838489532471,76.17510986328125,74.29165649414062,-73.61409711837769,6.280838489532471,79.89493560791016,8,random,"(6, 0)",3.7091615104675295
2.6806357574462822,False,RIGHT,8,easy,"(4, 6)",LEFT,random_easy_14,"(7, 2)",7,0,"(7, 1)",72.00177001953125,71.65603637695312,62.772403717041016,72.00177001953125,-0.345733642578125,71.65603637695312,63.65959167480469,8,random,"(7, 1)",2.6806357574462822
1.2421208953857388,True,UP,7,easy,"(4, 6)",UP,random_easy_14,"(6, 2)",6,1,"(7, 2)",73.46875762939453,75.09764862060547,64.12602233886719,71.90247344970703,1.6288909912109375,73.46875762939453,75.09764862060547,8,random,"(7, 1)",1.2421208953857388
0.21017242431639716,True,UP,6,easy,"(4, 6)",UP,random_easy_14,"(5, 2)",5,2,"(6, 2)",75.5538330078125,77.12097930908203,74.25799560546875,65.93476104736328,1.5671463012695312,75.5538330078125,77.12097930908203,8,random,"(7, 1)",0.21017242431639716
0.29430656433105185,False,UP,5,easy,"(4, 6)",RIGHT,random_easy_14,"(4, 2)",4,3,"(5, 2)",78.12237548828125,77.89591217041016,76.76017761230469,76.1020278930664,-0.22646331787109375,78.12237548828125,77.89591217041016,8,random,"(7, 1)",0.29430656433105185
1.2426035308837982,True,RIGHT,4,easy,"(4, 6)",RIGHT,random_easy_14,"(4, 3)",3,4,"(4, 2)",78.5090560913086,78.99011993408203,77.54176330566406,75.8163833618164,0.4810638427734375,78.99011993408203,78.5090560913086,8,random,"(7, 1)",-1.2426035308837982
1.8864296722412206,False,RIGHT,3,easy,"(4, 6)",UP,random_easy_14,"(4, 4)",2,5,"(4, 3)",78.5429458618164,78.38585662841797,78.43193054199219,76.95427703857422,-0.1570892333984375,78.38585662841797,78.5429458618164,8,random,"(7, 1)",-1.8864296722412206
1.0646035766601472,False,RIGHT,2,easy,"(4, 6)",UP,random_easy_14,"(4, 5)",1,6,"(4, 4)",77.2822494506836,75.31863403320312,76.500244140625,75.03620910644531,-1.9636154174804688,75.31863403320312,77.2822494506836,8,random,"(7, 1)",1.0646035766601472
3.3999411964416506,False,RIGHT,1,easy,"(4, 6)",DOWN,random_easy_14,"(4, 6)",0,7,"(4, 5)",77.16488647460938,6.59005880355835,77.16488647460938,74.72526550292969,-70.57482767105103,6.59005880355835,72.44831085205078,8,random,"(7, 1)",3.3999411964416506
2.002436218261721,True,UP,10,easy,"(1, 0)",UP,random_easy_15,"(6, 4)",9,0,"(7, 4)",66.12581634521484,70.50933074951172,58.3634147644043,58.500030517578125,4.383514404296875,66.12581634521484,70.50933074951172,10,random,"(7, 4)",-2.002436218261721
1.2204636383056595,False,UP,9,easy,"(1, 0)",DOWN,random_easy_15,"(5, 4)",8,1,"(6, 4)",69.208984375,68.91417694091797,69.208984375,69.11664581298828,-0.29480743408203125,58.9494514465332,68.91417694091797,10,random,"(7, 4)",1.2204636383056595
0.9574362945556629,True,UP,8,easy,"(1, 0)",UP,random_easy_15,"(4, 4)",7,2,"(5, 4)",70.40574645996094,70.8531723022461,69.78659057617188,70.40574645996094,0.44742584228515625,67.76249694824219,70.8531723022461,10,random,"(7, 4)",-0.9574362945556629
0.37528770446776605,False,UP,7,easy,"(1, 0)",DOWN,random_easy_15,"(3, 4)",6,3,"(4, 4)",70.61185455322266,70.26911163330078,70.61185455322266,70.55467987060547,-0.342742919921875,69.5901870727539,70.26911163330078,10,random,"(7, 4)",0.37528770446776605
0.9573057556152378,True,UP,6,easy,"(1, 0)",UP,random_easy_15,"(2, 4)",5,4,"(3, 4)",71.17859649658203,71.36808013916016,70.61138916015625,71.17859649658203,0.189483642578125,70.95381164550781,71.36808013916016,10,random,"(7, 4)",-0.9573057556152378
0.12516662597656136,False,UP,5,easy,"(1, 0)",LEFT,random_easy_15,"(1, 4)",4,5,"(2, 4)",71.13209533691406,70.18453216552734,71.07994842529297,71.13209533691406,-0.9475631713867188,69.56039428710938,70.18453216552734,10,random,"(7, 4)",0.12516662597656136
0.23462226867675895,False,LEFT,4,easy,"(1, 0)",DOWN,random_easy_15,"(1, 3)",3,6,"(1, 4)",71.02999877929688,69.66910552978516,71.02999877929688,69.66910552978516,-1.3608932495117188,70.28915405273438,70.39444732666016,10,random,"(7, 4)",-0.23462226867675895
0.4696437835693388,False,LEFT,3,easy,"(1, 0)",UP,random_easy_15,"(1, 2)",2,7,"(1, 3)",70.14594268798828,69.59651947021484,70.12284851074219,69.59651947021484,-0.5494232177734375,69.13198852539062,70.14594268798828,10,random,"(7, 4)",-0.4696437835693388
1.333278770446782,False,LEFT,2,easy,"(1, 0)",UP,random_easy_15,"(1, 1)",1,8,"(1, 2)",69.8352279663086,61.58369064331055,69.80337524414062,61.58369064331055,-8.251537322998047,66.46330261230469,69.8352279663086,10,random,"(7, 4)",1.333278770446782
1.2220032119750979,False,LEFT,1,easy,"(1, 0)",RIGHT,random_easy_15,"(1, 0)",0,9,"(1, 1)",63.56259536743164,8.767996788024902,50.68327713012695,8.767996788024902,-54.79459857940674,63.56259536743164,56.30162811279297,10,random,"(7, 4)",1.2220032119750979
0.4911680603027335,False,DOWN,10,easy,"(7, 7)",RIGHT,random_easy_16,"(3, 2)",9,0,"(2, 2)",53.65737533569336,53.15472412109375,53.15472412109375,53.605377197265625,-0.5026512145996094,53.65737533569336,53.221153259277344,10,random,"(2, 2)",-0.4911680603027335
0.39442146301269077,False,DOWN,9,easy,"(7, 7)",RIGHT,random_easy_16,"(4, 2)",8,1,"(3, 2)",53.20561218261719,52.45805740356445,52.45805740356445,42.331329345703125,-0.7475547790527344,53.20561218261719,52.56321716308594,10,random,"(2, 2)",-0.39442146301269077
2.2026144409179693,True,DOWN,8,easy,"(7, 7)",DOWN,random_easy_16,"(5, 2)",7,2,"(4, 2)",52.52104568481445,52.599632263183594,52.599632263183594,50.818084716796875,0.07858657836914062,52.52104568481445,52.432350158691406,10,random,"(2, 2)",2.2026144409179693
0.11149971008300952,False,DOWN,7,easy,"(7, 7)",RIGHT,random_easy_16,"(6, 2)",6,3,"(5, 2)",55.36590576171875,55.08924102783203,55.08924102783203,53.542972564697266,-0.27666473388671875,55.36590576171875,53.04261016845703,10,random,"(2, 2)",0.11149971008300952
0.04885890960693473,False,DOWN,6,easy,"(7, 7)",RIGHT,random_easy_16,"(7, 2)",5,4,"(6, 2)",55.76842498779297,54.57441329956055,54.57441329956055,45.47694396972656,-1.1940116882324219,55.76842498779297,53.97222137451172,10,random,"(2, 2)",0.04885890960693473
0.7955013656616217,True,RIGHT,5,easy,"(7, 7)",RIGHT,random_easy_16,"(7, 3)",4,5,"(7, 2)",54.99305725097656,55.185123443603516,44.76355743408203,53.279327392578125,0.19206619262695312,55.185123443603516,54.99305725097656,10,random,"(2, 2)",0.7955013656616217
0.8198480224609384,True,RIGHT,4,easy,"(7, 7)",RIGHT,random_easy_16,"(7, 4)",3,6,"(7, 3)",55.72211837768555,56.55618667602539,46.03255844116211,54.821434020996094,0.8340682983398438,56.55618667602539,55.72211837768555,10,random,"(2, 2)",-0.8198480224609384
0.592173461914058,True,RIGHT,3,easy,"(7, 7)",RIGHT,random_easy_16,"(7, 5)",2,7,"(7, 4)",56.133636474609375,56.30943298339844,46.772579193115234,55.10204315185547,0.1757965087890625,56.30943298339844,56.133636474609375,10,random,"(2, 2)",-0.592173461914058
0.3475019836425801,True,RIGHT,2,easy,"(7, 7)",RIGHT,random_easy_16,"(7, 6)",1,8,"(7, 5)",56.0046501159668,56.2901611328125,45.47768020629883,54.267005920410156,0.2855110168457031,56.2901611328125,56.0046501159668,10,random,"(2, 2)",-0.3475019836425801
1.7877347564697263,False,RIGHT,1,easy,"(7, 7)",UP,random_easy_16,"(7, 7)",0,9,"(7, 6)",56.51783752441406,11.777734756469727,45.078433990478516,56.349586486816406,-44.740102767944336,11.777734756469727,56.51783752441406,10,random,"(2, 2)",-1.7877347564697263
0.8174264526367097,True,RIGHT,8,easy,"(7, 5)",RIGHT,random_easy_17,"(0, 5)",7,0,"(0, 4)",65.23643493652344,65.62290954589844,56.37668991088867,65.23643493652344,0.386474609375,65.62290954589844,53.9996452331543,8,random,"(0, 4)",0.8174264526367097
0.43921142578123806,True,DOWN,7,easy,"(7, 5)",DOWN,random_easy_17,"(1, 5)",6,1,"(0, 5)",65.66893005371094,67.12155151367188,67.12155151367188,65.66893005371094,1.4526214599609375,63.702293395996094,54.839698791503906,8,random,"(0, 4)",0.43921142578123806
1.2279496002197305,True,DOWN,6,easy,"(7, 5)",DOWN,random_easy_17,"(2, 5)",5,2,"(1, 5)",65.9289321899414,68.2532958984375,68.2532958984375,56.39983367919922,2.3243637084960938,65.40628051757812,65.9289321899414,8,random,"(0, 4)",-1.2279496002197305
0.3635951995849638,True,DOWN,5,easy,"(7, 5)",DOWN,random_easy_17,"(3, 5)",4,3,"(2, 5)",67.26459503173828,67.71247100830078,67.71247100830078,67.26459503173828,0.4478759765625,66.0284194946289,66.86441802978516,8,random,"(0, 4)",-0.3635951995849638
2.2340425109863276,True,DOWN,4,easy,"(7, 5)",DOWN,random_easy_17,"(4, 5)",3,4,"(3, 5)",67.989501953125,68.03926849365234,68.03926849365234,58.963233947753906,0.04976654052734375,65.68035888671875,67.989501953125,8,random,"(0, 4)",-2.2340425109863276
0.5865822601318342,False,DOWN,3,easy,"(7, 5)",UP,random_easy_17,"(5, 5)",2,5,"(4, 5)",66.48002624511719,63.258094787597656,63.258094787597656,66.05404663085938,-3.2219314575195312,52.346187591552734,66.48002624511719,8,random,"(0, 4)",-0.5865822601318342
0.3238837814331035,False,DOWN,2,easy,"(7, 5)",UP,random_easy_17,"(6, 5)",1,6,"(5, 5)",63.314659118652344,60.23268127441406,60.23268127441406,55.838783264160156,-3.0819778442382812,60.680198669433594,63.314659118652344,8,random,"(0, 4)",0.3238837814331035
5.223333129882812,False,DOWN,1,easy,"(7, 5)",RIGHT,random_easy_17,"(7, 5)",0,7,"(6, 5)",61.178348541259766,15.213333129882812,15.213333129882812,53.747169494628906,-45.96501541137695,61.178348541259766,52.49047088623047,8,random,"(0, 4)",-5.223333129882812
0.2969636535644611,True,DOWN,9,easy,"(7, 4)",DOWN,random_easy_18,"(1, 2)",8,0,"(0, 2)",71.28469848632812,71.72184753417969,71.72184753417969,70.01111602783203,0.4371490478515625,71.28469848632812,57.886531829833984,9,random,"(0, 2)",-0.2969636535644611
0.21216522216796818,True,DOWN,8,easy,"(7, 4)",DOWN,random_easy_18,"(2, 2)",7,1,"(1, 2)",70.75323486328125,72.15644836425781,72.15644836425781,68.1819076538086,1.4032135009765625,70.75323486328125,68.66484832763672,9,random,"(0, 2)",0.21216522216796818
1.2239064025879003,True,DOWN,7,easy,"(7, 4)",DOWN,random_easy_18,"(3, 2)",6,2,"(2, 2)",71.64808654785156,73.10971069335938,73.10971069335938,71.40142059326172,1.4616241455078125,71.64808654785156,68.98258209228516,9,random,"(0, 2)",-1.2239064025879003
1.2370197296142464,True,RIGHT,6,easy,"(7, 4)",RIGHT,random_easy_18,"(3, 3)",5,3,"(3, 2)",71.41575622558594,72.62202453613281,71.22232055664062,71.41575622558594,1.206268310546875,72.62202453613281,69.83711242675781,9,random,"(0, 2)",1.2370197296142464
1.3902876281738372,True,RIGHT,5,easy,"(7, 4)",RIGHT,random_easy_18,"(3, 4)",4,4,"(3, 3)",72.93912506103516,74.61519622802734,66.14320373535156,72.93912506103516,1.6760711669921875,74.61519622802734,71.86550903320312,9,random,"(0, 2)",-1.3902876281738372
1.268212127685544,False,DOWN,4,easy,"(7, 4)",RIGHT,random_easy_18,"(4, 4)",3,5,"(3, 4)",73.97465515136719,73.05123138427734,73.05123138427734,73.67610931396484,-0.9234237670898438,73.97465515136719,72.35489654541016,9,random,"(0, 2)",1.268212127685544
1.8863126373291124,True,DOWN,3,easy,"(7, 4)",DOWN,random_easy_18,"(5, 4)",2,6,"(4, 4)",74.81747436523438,75.08024597167969,75.08024597167969,65.10083770751953,0.2627716064453125,74.81747436523438,73.61922454833984,9,random,"(0, 2)",-1.8863126373291124
1.1576296997070301,False,DOWN,2,easy,"(7, 4)",UP,random_easy_18,"(6, 4)",1,7,"(5, 4)",73.94336700439453,70.19213104248047,70.19213104248047,72.62042999267578,-3.7512359619140625,72.52023315429688,73.94336700439453,9,random,"(0, 2)",1.1576296997070301
5.666474113464355,False,DOWN,1,easy,"(7, 4)",RIGHT,random_easy_18,"(7, 4)",0,8,"(6, 4)",72.08056640625,15.656474113464355,15.656474113464355,62.763572692871094,-56.424092292785645,72.08056640625,62.287742614746094,9,random,"(0, 2)",-5.666474113464355
1.062517433166505,False,DOWN,11,easy,"(7, 7)",RIGHT,random_easy_19,"(4, 0)",10,0,"(3, 0)",52.30783462524414,51.721763610839844,51.721763610839844,41.82666778564453,-0.5860710144042969,52.30783462524414,51.34625244140625,11,random,"(3, 0)",1.062517433166505
0.5838659286498995,True,RIGHT,10,easy,"(7, 7)",RIGHT,random_easy_19,"(4, 1)",9,1,"(4, 0)",50.9231071472168,53.32755661010742,50.52659225463867,43.01099395751953,2.404449462890625,53.32755661010742,50.9231071472168,11,random,"(3, 0)",-0.5838659286498995
0.18323665618896712,True,RIGHT,9,easy,"(7, 7)",RIGHT,random_easy_19,"(4, 2)",8,2,"(4, 1)",52.035926818847656,53.286556243896484,51.661190032958984,52.035926818847656,1.2506294250488281,53.286556243896484,50.61595916748047,11,random,"(3, 0)",0.18323665618896712
0.9597252655029251,True,RIGHT,8,easy,"(7, 7)",RIGHT,random_easy_19,"(4, 3)",7,3,"(4, 2)",53.364959716796875,54.01999282836914,44.180904388427734,53.364959716796875,0.6550331115722656,54.01999282836914,51.94928741455078,11,random,"(3, 0)",-0.9597252655029251
0.23482936859131343,False,DOWN,7,easy,"(7, 7)",RIGHT,random_easy_19,"(5, 3)",6,4,"(4, 3)",53.60633087158203,53.06474685668945,53.06474685668945,52.54806900024414,-0.5415840148925781,53.60633087158203,51.983707427978516,11,random,"(3, 0)",0.23482936859131343
1.286339378356935,False,DOWN,6,easy,"(7, 7)",RIGHT,random_easy_19,"(6, 3)",5,5,"(5, 3)",53.84805679321289,52.78477096557617,52.78477096557617,46.92381286621094,-1.0632858276367188,53.84805679321289,53.44837951660156,11,random,"(3, 0)",1.286339378356935
0.22907539367675867,False,DOWN,5,easy,"(7, 7)",RIGHT,random_easy_19,"(7, 3)",4,6,"(6, 3)",54.627384185791016,52.64464569091797,52.64464569091797,54.039390563964844,-1.9827384948730469,54.627384185791016,54.40125274658203,11,random,"(3, 0)",0.22907539367675867
0.37814266204834013,False,RIGHT,4,easy,"(7, 7)",UP,random_easy_19,"(7, 4)",3,7,"(7, 3)",53.41790008544922,53.12018585205078,43.608219146728516,52.56307601928711,-0.2977142333984375,53.12018585205078,53.41790008544922,11,random,"(3, 0)",0.37814266204834013
0.30665279388427535,True,RIGHT,3,easy,"(7, 7)",RIGHT,random_easy_19,"(7, 5)",2,8,"(7, 4)",53.5093879699707,54.0488166809082,44.55513381958008,53.238800048828125,0.5394287109375,54.0488166809082,53.5093879699707,11,random,"(3, 0)",0.30665279388427535
2.039260177612306,True,RIGHT,2,easy,"(7, 7)",RIGHT,random_easy_19,"(7, 6)",1,9,"(7, 5)",54.65873336791992,54.914615631103516,44.644615173339844,54.65873336791992,0.25588226318359375,54.914615631103516,53.124000549316406,11,random,"(3, 0)",2.039260177612306
0.30267547607421896,False,RIGHT,1,easy,"(7, 7)",UP,random_easy_19,"(7, 7)",0,10,"(7, 6)",57.539268493652344,9.687324523925781,45.005252838134766,53.70976257324219,-47.85194396972656,9.687324523925781,57.539268493652344,11,random,"(3, 0)",0.30267547607421896
0.7267768859863253,True,UP,10,easy,"(1, 5)",UP,random_easy_20,"(6, 1)",9,0,"(7, 1)",73.11661529541016,74.08966064453125,63.015750885009766,73.11661529541016,0.9730453491210938,61.98676681518555,74.08966064453125,10,random,"(7, 1)",0.7267768859863253
0.3297244262695216,True,UP,9,easy,"(1, 5)",UP,random_easy_20,"(5, 1)",8,1,"(6, 1)",73.53736114501953,75.58226013183594,72.84434509277344,73.53736114501953,2.0448989868164062,72.75277709960938,75.58226013183594,10,random,"(7, 1)",0.3297244262695216
0.954545211791995,True,UP,8,easy,"(1, 5)",UP,random_easy_20,"(4, 1)",7,2,"(5, 1)",75.14981079101562,76.68887329101562,73.719970703125,75.14981079101562,1.5390625,73.8327865600586,76.68887329101562,10,random,"(7, 1)",-0.954545211791995
1.6267818450927791,True,UP,7,easy,"(1, 5)",UP,random_easy_20,"(3, 1)",6,3,"(4, 1)",76.46881103515625,76.5094223022461,74.46554565429688,75.02799987792969,0.04061126708984375,76.46881103515625,76.5094223022461,10,random,"(7, 1)",-1.6267818450927791
0.6831677246093761,True,RIGHT,6,easy,"(1, 5)",RIGHT,random_easy_20,"(3, 2)",5,4,"(3, 1)",74.56011199951172,75.64913177490234,74.56011199951172,72.94916534423828,1.089019775390625,75.64913177490234,66.83592987060547,10,random,"(7, 1)",0.6831677246093761
1.6069176483154308,False,UP,5,easy,"(1, 5)",RIGHT,random_easy_20,"(2, 2)",4,5,"(3, 2)",77.11343383789062,76.85993194580078,76.16763305664062,75.9498062133789,-0.25350189208984375,77.11343383789062,76.85993194580078,10,random,"(7, 1)",-1.6069176483154308
0.831629104614251,True,UP,4,easy,"(1, 5)",UP,random_easy_20,"(1, 2)",3,6,"(2, 2)",74.99008178710938,76.02324676513672,74.15204620361328,63.285057067871094,1.0331649780273438,74.99008178710938,76.02324676513672,10,random,"(7, 1)",0.831629104614251
1.6906669616699332,False,RIGHT,3,easy,"(1, 5)",UP,random_easy_20,"(1, 3)",2,7,"(1, 2)",77.64128875732422,75.81161499023438,77.42650604248047,66.36901092529297,-1.8296737670898438,75.81161499023438,77.64128875732422,10,random,"(7, 1)",-1.6906669616699332
2.634215927124032,False,RIGHT,2,easy,"(1, 5)",DOWN,random_easy_20,"(1, 4)",1,8,"(1, 3)",74.87974548339844,73.0064468383789,74.87974548339844,74.20601654052734,-1.8732986450195312,73.0064468383789,68.28435516357422,10,random,"(7, 1)",-2.634215927124032
4.764172306060791,False,RIGHT,1,easy,"(1, 5)",LEFT,random_easy_20,"(1, 5)",0,9,"(1, 4)",71.0931625366211,5.225827693939209,62.9809455871582,71.0931625366211,-65.86733484268188,5.225827693939209,53.98956298828125,10,random,"(7, 1)",4.764172306060791
0.22864120483397699,True,UP,9,easy,"(2, 0)",UP,random_easy_21,"(5, 5)",8,0,"(6, 5)",73.42923736572266,73.91454315185547,72.53361511230469,73.42923736572266,0.4853057861328125,72.99527740478516,73.91454315185547,9,random,"(6, 5)",0.22864120483397699
0.5121791839599723,True,UP,8,easy,"(2, 0)",UP,random_easy_21,"(4, 5)",7,1,"(5, 5)",73.49603271484375,74.90220642089844,71.68150329589844,73.49603271484375,1.4061737060546875,71.06950378417969,74.90220642089844,9,random,"(6, 5)",-0.5121791839599723
0.5940782928466888,True,UP,7,easy,"(2, 0)",UP,random_easy_21,"(3, 5)",6,2,"(4, 5)",74.58783721923828,75.15154266357422,71.69908905029297,74.58783721923828,0.5637054443359375,72.43354034423828,75.15154266357422,9,random,"(6, 5)",-0.5940782928466888
1.0920215606689538,False,UP,6,easy,"(2, 0)",LEFT,random_easy_21,"(2, 5)",5,3,"(3, 5)",75.32067108154297,74.46774291992188,72.78627014160156,75.32067108154297,-0.8529281616210938,73.42982482910156,74.46774291992188,9,random,"(6, 5)",-1.0920215606689538
0.8808493804931601,True,LEFT,5,easy,"(2, 0)",LEFT,random_easy_21,"(2, 4)",4,4,"(2, 5)",72.29061126708984,74.12699127197266,71.97674560546875,74.12699127197266,1.8363800048828125,72.22654724121094,72.29061126708984,9,random,"(6, 5)",0.8808493804931601
1.8387133026123053,True,LEFT,4,easy,"(2, 0)",LEFT,random_easy_21,"(2, 3)",3,5,"(2, 4)",74.21440124511719,75.77559661865234,74.21440124511719,75.77559661865234,1.5611953735351562,73.50276184082031,73.38523864746094,9,random,"(6, 5)",1.8387133026123053
0.22366622924805313,True,LEFT,3,easy,"(2, 0)",LEFT,random_easy_21,"(2, 2)",2,6,"(2, 3)",75.58318328857422,78.40839385986328,75.58318328857422,78.40839385986328,2.8252105712890625,74.84408569335938,74.05207824707031,9,random,"(6, 5)",-0.22366622924805313
1.3745365142822266,False,LEFT,2,easy,"(2, 0)",DOWN,random_easy_21,"(2, 1)",1,7,"(2, 2)",78.98457336425781,78.81291961669922,78.98457336425781,78.81291961669922,-0.17165374755859375,75.73931884765625,77.88367462158203,9,random,"(6, 5)",-1.3745365142822266
0.9778997802734377,False,LEFT,1,easy,"(2, 0)",DOWN,random_easy_21,"(2, 0)",0,8,"(2, 1)",78.2306900024414,9.012100219726562,78.2306900024414,9.012100219726562,-69.21858978271484,77.22994995117188,71.24962615966797,9,random,"(6, 5)",0.9778997802734377
0.8209612274169942,False,UP,11,easy,"(0, 2)",LEFT,random_easy_22,"(6, 6)",10,0,"(7, 6)",63.798492431640625,62.98152160644531,54.85604476928711,63.798492431640625,-0.8169708251953125,63.29465103149414,62.98152160644531,11,random,"(7, 6)",-0.8209612274169942
2.045947265625003,False,LEFT,10,easy,"(0, 2)",DOWN,random_easy_22,"(6, 5)",9,1,"(6, 6)",62.798545837402344,61.9425163269043,62.798545837402344,61.9425163269043,-0.8560295104980469,62.63274002075195,52.65066909790039,11,random,"(7, 6)",2.045947265625003
0.46769660949707514,False,UP,9,easy,"(0, 2)",DOWN,random_easy_22,"(5, 5)",8,2,"(6, 5)",64.64491271972656,63.33002853393555,64.64491271972656,62.644248962402344,-1.3148841857910156,63.6285514831543,63.33002853393555,11,random,"(7, 6)",0.46769660949707514
1.0439887237548788,False,UP,8,easy,"(0, 2)",DOWN,random_easy_22,"(4, 5)",7,3,"(5, 5)",64.4522476196289,64.1553955078125,64.4522476196289,63.38321304321289,-0.29685211181640625,53.674766540527344,64.1553955078125,11,random,"(7, 6)",1.0439887237548788
1.0747019195556646,False,UP,7,easy,"(0, 2)",DOWN,random_easy_22,"(3, 5)",6,4,"(4, 5)",65.8680648803711,64.88404083251953,65.8680648803711,64.95268249511719,-0.9840240478515625,64.37095642089844,64.88404083251953,11,random,"(7, 6)",1.0747019195556646
0.6608556365966791,False,UP,6,easy,"(0, 2)",RIGHT,random_easy_22,"(2, 5)",5,5,"(3, 5)",66.63509368896484,66.31974029541016,66.34307861328125,64.81861114501953,-0.3153533935546875,66.63509368896484,66.31974029541016,11,random,"(7, 6)",-0.6608556365966791
1.3910092163085892,False,UP,5,easy,"(0, 2)",RIGHT,random_easy_22,"(1, 5)",4,6,"(2, 5)",66.33220672607422,64.77239990234375,65.59578704833984,65.30545806884766,-1.5598068237304688,66.33220672607422,64.77239990234375,11,random,"(7, 6)",1.3910092163085892
1.2035546874999952,False,LEFT,4,easy,"(0, 2)",DOWN,random_easy_22,"(1, 4)",3,7,"(1, 5)",66.84182739257812,64.53657531738281,66.84182739257812,64.53657531738281,-2.3052520751953125,57.38042068481445,57.64569854736328,11,random,"(7, 6)",-1.2035546874999952
1.0504304504394497,False,UP,3,easy,"(0, 2)",DOWN,random_easy_22,"(0, 4)",2,8,"(1, 4)",63.98284912109375,63.252906799316406,63.98284912109375,62.91846466064453,-0.7299423217773438,63.110958099365234,63.252906799316406,11,random,"(7, 6)",1.0504304504394497
1.7385238265991205,False,LEFT,2,easy,"(0, 2)",DOWN,random_easy_22,"(0, 3)",1,9,"(0, 4)",64.96296691894531,59.581886291503906,64.96296691894531,59.581886291503906,-5.381080627441406,51.40501022338867,52.43651580810547,11,random,"(7, 6)",1.7385238265991205
0.9059865570068357,False,LEFT,1,easy,"(0, 2)",DOWN,random_easy_22,"(0, 2)",0,10,"(0, 3)",61.94990921020508,10.895986557006836,61.94990921020508,10.895986557006836,-51.05392265319824,52.86539840698242,47.293243408203125,11,random,"(7, 6)",-0.9059865570068357
0.20671871185302848,True,DOWN,9,easy,"(7, 6)",DOWN,random_easy_23,"(3, 2)",8,0,"(2, 2)",52.16686248779297,52.63175582885742,52.63175582885742,52.16686248779297,0.4648933410644531,51.98447799682617,50.853759765625,9,random,"(2, 2)",0.20671871185302848
0.1468244552612319,True,DOWN,8,easy,"(7, 6)",DOWN,random_easy_23,"(4, 2)",7,1,"(3, 2)",53.08715057373047,53.38229751586914,53.38229751586914,53.08715057373047,0.2951469421386719,52.96997833251953,51.27857208251953,9,random,"(2, 2)",-0.1468244552612319
2.2729785537719707,False,DOWN,7,easy,"(7, 6)",RIGHT,random_easy_23,"(5, 2)",6,2,"(4, 2)",53.78330612182617,52.18453598022461,52.18453598022461,50.86669158935547,-1.5987701416015625,53.78330612182617,51.82256317138672,9,random,"(2, 2)",-2.2729785537719707
0.8386214447021487,False,DOWN,6,easy,"(7, 6)",UP,random_easy_23,"(6, 2)",5,3,"(5, 2)",50.42581558227539,49.566429138183594,49.566429138183594,42.00920104980469,-0.8593864440917969,39.819393157958984,50.42581558227539,9,random,"(2, 2)",0.8386214447021487
1.7474996185302771,False,DOWN,5,easy,"(7, 6)",LEFT,random_easy_23,"(7, 2)",4,4,"(6, 2)",50.924293518066406,50.86458206176758,50.86458206176758,50.924293518066406,-0.059711456298828125,40.66273880004883,49.24219512939453,9,random,"(2, 2)",1.7474996185302771
0.9392975616455033,True,RIGHT,4,easy,"(7, 6)",RIGHT,random_easy_23,"(7, 3)",3,5,"(7, 2)",51.618858337402344,53.15361785888672,42.75209045410156,51.618858337402344,1.534759521484375,53.15361785888672,51.61259078979492,9,random,"(2, 2)",-0.9392975616455033
0.46012931823729986,True,RIGHT,3,easy,"(7, 6)",RIGHT,random_easy_23,"(7, 4)",2,6,"(7, 3)",52.24577713012695,52.75183868408203,41.17782211303711,52.24577713012695,0.5060615539550781,52.75183868408203,46.766082763671875,9,random,"(2, 2)",-0.46012931823729986
1.9894484329223658,False,RIGHT,2,easy,"(7, 6)",UP,random_easy_23,"(7, 5)",1,7,"(7, 4)",52.83000946044922,51.078678131103516,41.745201110839844,50.19170379638672,-1.7513313293457031,51.078678131103516,52.83000946044922,9,random,"(2, 2)",1.9894484329223658
3.566572895050049,False,RIGHT,1,easy,"(7, 6)",UP,random_easy_23,"(7, 6)",0,8,"(7, 5)",53.6142692565918,6.423427104949951,38.23160934448242,47.588138580322266,-47.190842151641846,6.423427104949951,53.6142692565918,9,random,"(2, 2)",3.566572895050049
0.4000431060790959,False,UP,12,easy,"(0, 1)",RIGHT,random_easy_24,"(6, 6)",11,0,"(7, 6)",65.2008056640625,64.0064468383789,54.36110305786133,64.70220947265625,-1.1943588256835938,65.2008056640625,64.0064468383789,12,random,"(7, 6)",0.4000431060790959
1.4018798065185507,False,UP,11,easy,"(0, 1)",LEFT,random_easy_24,"(5, 6)",10,1,"(6, 6)",65.0671615600586,64.04109191894531,63.61110305786133,65.0671615600586,-1.0260696411132812,64.11251831054688,64.04109191894531,12,random,"(7, 6)",1.4018798065185507
0.18832374572754418,False,UP,10,easy,"(0, 1)",LEFT,random_easy_24,"(4, 6)",9,2,"(5, 6)",66.1141128540039,64.468994140625,65.59550476074219,66.1141128540039,-1.6451187133789062,64.25541687011719,64.468994140625,12,random,"(7, 6)",-0.18832374572754418
0.8929998779296824,False,UP,9,easy,"(0, 1)",LEFT,random_easy_24,"(3, 6)",8,3,"(4, 6)",64.94007110595703,63.6439094543457,63.84741973876953,64.94007110595703,-1.2961616516113281,63.63662338256836,63.6439094543457,12,random,"(7, 6)",0.8929998779296824
1.0275300598144526,False,UP,8,easy,"(0, 1)",LEFT,random_easy_24,"(2, 6)",7,4,"(3, 6)",65.19889831542969,63.11122512817383,64.97845458984375,65.19889831542969,-2.0876731872558594,63.97277069091797,63.11122512817383,12,random,"(7, 6)",1.0275300598144526
0.16539833068847543,False,UP,7,easy,"(0, 1)",DOWN,random_easy_24,"(1, 6)",6,5,"(2, 6)",64.79672241210938,63.331321716308594,64.79672241210938,64.19393920898438,-1.4654006958007812,62.57948303222656,63.331321716308594,12,random,"(7, 6)",-0.16539833068847543
1.1612265014648386,False,UP,6,easy,"(0, 1)",DOWN,random_easy_24,"(0, 6)",5,6,"(1, 6)",63.814064025878906,63.06487274169922,63.814064025878906,63.41437530517578,-0.7491912841796875,62.95951843261719,63.06487274169922,12,random,"(7, 6)",1.1612265014648386
0.2831958770751868,True,LEFT,5,easy,"(0, 1)",LEFT,random_easy_24,"(0, 5)",4,7,"(0, 6)",64.37338256835938,64.88494873046875,64.08262634277344,64.88494873046875,0.511566162109375,64.37338256835938,54.824893951416016,12,random,"(7, 6)",0.2831958770751868
1.6173164367675668,True,LEFT,4,easy,"(0, 1)",LEFT,random_easy_24,"(0, 4)",3,8,"(0, 5)",65.44993591308594,65.83650970458984,64.85055541992188,65.83650970458984,0.38657379150390625,65.44993591308594,54.769439697265625,12,random,"(7, 6)",1.6173164367675668
3.990546188354486,False,LEFT,3,easy,"(0, 1)",RIGHT,random_easy_24,"(0, 3)",2,9,"(0, 4)",68.14527893066406,65.17936706542969,54.83633041381836,65.17936706542969,-2.965911865234375,68.14527893066406,53.267784118652344,12,random,"(7, 6)",3.990546188354486
1.8381182861328114,False,LEFT,2,easy,"(0, 1)",RIGHT,random_easy_24,"(0, 2)",1,10,"(0, 3)",69.87870025634766,66.24190521240234,67.70709228515625,66.24190521240234,-3.6367950439453125,69.87870025634766,57.4403190612793,12,random,"(7, 6)",1.8381182861328114
1.3093955612182615,False,LEFT,1,easy,"(0, 1)",DOWN,random_easy_24,"(0, 1)",0,11,"(0, 2)",68.77780151367188,11.299395561218262,68.77780151367188,11.299395561218262,-57.47840595245361,62.4897346496582,54.290863037109375,12,random,"(7, 6)",-1.3093955612182615
0.5389553070068303,False,UP,12,easy,"(2, 0)",LEFT,random_easy_25,"(6, 7)",11,0,"(7, 7)",78.40508270263672,77.27013397216797,66.91893768310547,78.40508270263672,-1.13494873046875,67.62384033203125,77.27013397216797,12,random,"(7, 7)",0.5389553070068303
0.10992279052733522,False,UP,11,easy,"(2, 0)",LEFT,random_easy_25,"(5, 7)",10,1,"(6, 7)",78.60514068603516,78.03841400146484,77.8145751953125,78.60514068603516,-0.5667266845703125,67.07896423339844,78.03841400146484,12,random,"(7, 7)",0.10992279052733522
0.6304154968261599,False,UP,10,easy,"(2, 0)",LEFT,random_easy_25,"(4, 7)",9,2,"(5, 7)",78.94781494140625,77.42122650146484,78.2079849243164,78.94781494140625,-1.5265884399414062,67.32637023925781,77.42122650146484,12,random,"(7, 7)",0.6304154968261599
1.785398101806635,False,UP,9,easy,"(2, 0)",LEFT,random_easy_25,"(3, 7)",8,3,"(4, 7)",78.85014343261719,76.9914321899414,76.70664978027344,78.85014343261719,-1.8587112426757812,67.3056640625,76.9914321899414,12,random,"(7, 7)",1.785398101806635
1.0429536437988247,False,UP,8,easy,"(2, 0)",LEFT,random_easy_25,"(2, 7)",7,4,"(3, 7)",79.58265686035156,77.15204620361328,78.15438079833984,79.58265686035156,-2.4306106567382812,67.5013656616211,77.15204620361328,12,random,"(7, 7)",1.0429536437988247
0.09597251892090242,False,LEFT,7,easy,"(2, 0)",DOWN,random_easy_25,"(2, 6)",6,5,"(2, 7)",78.99494934082031,77.76250457763672,78.99494934082031,77.76250457763672,-1.2324447631835938,66.85969543457031,74.66883850097656,12,random,"(7, 7)",-0.09597251892090242
1.1407572937011707,True,LEFT,6,easy,"(2, 0)",LEFT,random_easy_25,"(2, 5)",5,6,"(2, 6)",77.52000427246094,78.46114349365234,77.52000427246094,78.46114349365234,0.9411392211914062,75.81605529785156,75.90438842773438,12,random,"(7, 7)",1.1407572937011707
0.05866928100586222,True,LEFT,5,easy,"(2, 0)",LEFT,random_easy_25,"(2, 4)",4,7,"(2, 5)",78.2389144897461,80.41606140136719,78.2389144897461,80.41606140136719,2.1771469116210938,77.21278381347656,77.94847106933594,12,random,"(7, 7)",-0.05866928100586222
1.5019875335693342,True,LEFT,4,easy,"(2, 0)",LEFT,random_easy_25,"(2, 3)",3,8,"(2, 4)",79.618408203125,81.17918395996094,79.618408203125,81.17918395996094,1.5607757568359375,78.0557861328125,78.00261688232422,12,random,"(7, 7)",1.5019875335693342
1.1130368804931692,True,LEFT,3,easy,"(2, 0)",LEFT,random_easy_25,"(2, 2)",2,9,"(2, 3)",81.50897216796875,83.52643585205078,81.50897216796875,83.52643585205078,2.0174636840820312,78.3736572265625,79.22655487060547,12,random,"(7, 7)",-1.1130368804931692
0.39790100097657444,True,LEFT,2,easy,"(2, 0)",LEFT,random_easy_25,"(2, 1)",1,10,"(2, 2)",83.11250305175781,83.2559585571289,83.11250305175781,83.2559585571289,0.14345550537109375,79.21710205078125,81.47406005859375,12,random,"(7, 7)",-0.39790100097657444
0.048763046264648224,False,LEFT,1,easy,"(2, 0)",DOWN,random_easy_25,"(2, 0)",0,11,"(2, 1)",83.70510864257812,10.038763046264648,83.70510864257812,10.038763046264648,-73.66634559631348,80.1490478515625,76.31795501708984,12,random,"(7, 7)",-0.048763046264648224
0.5918772888183597,False,UP,8,easy,"(6, 6)",RIGHT,random_easy_26,"(5, 0)",7,0,"(6, 0)",55.20637130737305,53.85955810546875,53.298927307128906,44.50407791137695,-1.3468132019042969,55.20637130737305,53.85955810546875,8,random,"(6, 0)",0.5918772888183597
2.1649638748168982,True,RIGHT,7,easy,"(6, 6)",RIGHT,random_easy_26,"(5, 1)",6,1,"(5, 0)",53.77451705932617,55.01155090332031,53.77451705932617,42.72120666503906,1.2370338439941406,55.01155090332031,44.111846923828125,8,random,"(6, 0)",2.1649638748168982
0.8487144851684576,True,RIGHT,6,easy,"(6, 6)",RIGHT,random_easy_26,"(5, 2)",5,2,"(5, 1)",56.70720672607422,57.764156341552734,54.12109375,56.70720672607422,1.0569496154785156,57.764156341552734,54.93937301635742,8,random,"(6, 0)",-0.8487144851684576
0.42211429595947436,True,RIGHT,5,easy,"(6, 6)",RIGHT,random_easy_26,"(5, 3)",4,3,"(5, 2)",57.03095245361328,57.50044631958008,45.800838470458984,57.03095245361328,0.4694938659667969,57.50044631958008,53.7015380859375,8,random,"(6, 0)",-0.42211429595947436
0.44270282745360845,True,RIGHT,4,easy,"(6, 6)",RIGHT,random_easy_26,"(5, 4)",3,4,"(5, 3)",57.555213928222656,57.664981842041016,55.75020980834961,57.555213928222656,0.10976791381835938,57.664981842041016,55.537132263183594,8,random,"(6, 0)",-0.44270282745360845
1.211252441406252,True,RIGHT,3,easy,"(6, 6)",RIGHT,random_easy_26,"(5, 5)",2,5,"(5, 4)",55.741737365722656,57.81038284301758,49.56879425048828,55.741737365722656,2.068645477294922,57.81038284301758,53.81143569946289,8,random,"(6, 0)",1.211252441406252
5.370251464843747,False,DOWN,2,easy,"(6, 6)",UP,random_easy_26,"(6, 5)",1,6,"(5, 5)",59.62791442871094,54.38544845581055,54.38544845581055,58.580448150634766,-5.242465972900391,55.633758544921875,59.62791442871094,8,random,"(6, 0)",-5.370251464843747
0.020124206542968537,False,RIGHT,1,easy,"(6, 6)",UP,random_easy_26,"(6, 6)",0,7,"(6, 5)",49.52040100097656,10.010124206542969,44.64262008666992,45.01982116699219,-39.510276794433594,10.010124206542969,49.52040100097656,8,random,"(6, 0)",-0.020124206542968537
0.9295538711547806,True,DOWN,8,easy,"(6, 0)",DOWN,random_easy_27,"(1, 2)",7,0,"(0, 2)",50.16525650024414,50.7350959777832,50.7350959777832,49.71635437011719,0.5698394775390625,50.16525650024414,40.589027404785156,8,random,"(0, 2)",-0.9295538711547806
0.3292370986938522,False,LEFT,7,easy,"(6, 0)",UP,random_easy_27,"(1, 1)",6,1,"(1, 2)",50.318729400634766,49.600364685058594,41.362430572509766,49.600364685058594,-0.7183647155761719,49.66170883178711,50.318729400634766,8,random,"(0, 2)",0.3292370986938522
0.7591478347778349,False,DOWN,6,easy,"(6, 0)",UP,random_easy_27,"(2, 1)",5,2,"(1, 1)",50.44404220581055,50.2424201965332,50.2424201965332,49.45268249511719,-0.20162200927734375,49.67013931274414,50.44404220581055,8,random,"(0, 2)",0.7591478347778349
0.5728391647338853,True,DOWN,5,easy,"(6, 0)",DOWN,random_easy_27,"(3, 1)",4,3,"(2, 1)",50.29247283935547,51.52683639526367,51.52683639526367,50.29247283935547,1.2343635559082031,41.1068229675293,49.53095245361328,8,random,"(0, 2)",0.5728391647338853
0.3536735153198194,True,DOWN,4,easy,"(6, 0)",DOWN,random_easy_27,"(4, 1)",3,4,"(3, 1)",52.410099029541016,52.63603591918945,52.63603591918945,42.20867919921875,0.2259368896484375,52.410099029541016,51.350547790527344,8,random,"(0, 2)",-0.3536735153198194
2.2656714248657224,True,DOWN,3,easy,"(6, 0)",DOWN,random_easy_27,"(5, 1)",2,5,"(4, 1)",52.73239517211914,52.8205680847168,52.8205680847168,50.55305480957031,0.08817291259765625,52.73239517211914,51.56080627441406,8,random,"(0, 2)",2.2656714248657224
1.512383308410648,False,DOWN,2,easy,"(6, 0)",RIGHT,random_easy_27,"(6, 1)",1,6,"(5, 1)",55.652767181396484,54.2996940612793,54.2996940612793,52.38977813720703,-1.3530731201171875,55.652767181396484,55.464019775390625,8,random,"(0, 2)",1.512383308410648
2.255023231506348,False,LEFT,1,easy,"(6, 0)",DOWN,random_easy_27,"(6, 0)",0,7,"(6, 1)",56.38593673706055,7.734976768493652,56.38593673706055,7.734976768493652,-48.650959968566895,52.19331741333008,54.38706970214844,8,random,"(0, 2)",2.255023231506348
0.85138439178467,True,DOWN,9,easy,"(7, 1)",DOWN,random_easy_28,"(5, 7)",8,0,"(4, 7)",52.54418182373047,52.9343147277832,52.9343147277832,52.54418182373047,0.3901329040527344,43.0551643371582,52.46676254272461,9,random,"(4, 7)",-0.85138439178467
0.8207928085327154,False,DOWN,8,easy,"(7, 1)",UP,random_easy_28,"(6, 7)",7,1,"(5, 7)",52.61912155151367,51.96132278442383,51.96132278442383,52.400123596191406,-0.6577987670898438,42.28420639038086,52.61912155151367,9,random,"(4, 7)",-0.8207928085327154
1.2155337905883812,False,DOWN,7,easy,"(7, 1)",LEFT,random_easy_28,"(7, 7)",6,2,"(6, 7)",51.66720199584961,51.00931930541992,51.00931930541992,51.66720199584961,-0.6578826904296875,42.19369125366211,51.53369140625,9,random,"(4, 7)",1.2155337905883812
0.2377704620361314,True,LEFT,6,easy,"(7, 1)",LEFT,random_easy_28,"(7, 6)",5,3,"(7, 7)",52.23904037475586,52.76247787475586,40.428279876708984,52.76247787475586,0.5234375,41.74522399902344,52.23904037475586,9,random,"(4, 7)",-0.2377704620361314
0.46888336181640256,False,LEFT,5,easy,"(7, 1)",UP,random_easy_28,"(7, 5)",4,4,"(7, 6)",53.06536102294922,52.76618957519531,42.498722076416016,52.76618957519531,-0.29917144775390625,50.6325798034668,53.06536102294922,9,random,"(4, 7)",-0.46888336181640256
0.5969686889648429,True,LEFT,4,easy,"(7, 1)",LEFT,random_easy_28,"(7, 4)",3,5,"(7, 5)",52.007572174072266,52.835662841796875,41.61044692993164,52.835662841796875,0.8280906677246094,51.4959831237793,52.007572174072266,9,random,"(4, 7)",-0.5969686889648429
1.6646968841552763,True,LEFT,3,easy,"(7, 1)",LEFT,random_easy_28,"(7, 3)",2,6,"(7, 4)",52.41753387451172,52.776458740234375,42.008392333984375,52.776458740234375,0.35892486572265625,52.31392288208008,52.41753387451172,9,random,"(4, 7)",1.6646968841552763
1.879213066101073,True,LEFT,2,easy,"(7, 1)",LEFT,random_easy_28,"(7, 2)",1,7,"(7, 3)",53.3618049621582,55.00116729736328,42.416927337646484,55.00116729736328,1.6393623352050781,53.3618049621582,53.095672607421875,9,random,"(4, 7)",1.879213066101073
2.228916893005371,False,LEFT,1,easy,"(7, 1)",UP,random_easy_28,"(7, 1)",0,8,"(7, 2)",57.465030670166016,12.218916893005371,45.27386474609375,12.218916893005371,-45.246113777160645,48.40021514892578,57.465030670166016,9,random,"(4, 7)",-2.228916893005371
1.0442068481445261,False,LEFT,8,easy,"(5, 1)",UP,random_easy_29,"(2, 5)",7,0,"(2, 6)",72.43004608154297,71.39362335205078,64.54786682128906,71.39362335205078,-1.0364227294921875,71.8824234008789,72.43004608154297,8,random,"(2, 6)",1.0442068481445261
2.3158095550537183,True,DOWN,7,easy,"(5, 1)",DOWN,random_easy_29,"(3, 5)",6,1,"(2, 5)",72.73997497558594,73.17962646484375,73.17962646484375,72.73997497558594,0.4396514892578125,71.39204406738281,70.9614028930664,8,random,"(2, 6)",-2.3158095550537183
0.30022529602051407,False,DOWN,6,easy,"(5, 1)",UP,random_easy_29,"(4, 5)",5,2,"(3, 5)",71.58971405029297,71.3546371459961,71.3546371459961,70.03743743896484,-0.235076904296875,61.04496383666992,71.58971405029297,8,random,"(2, 6)",-0.30022529602051407
0.7983617401123126,False,LEFT,5,easy,"(5, 1)",UP,random_easy_29,"(4, 4)",4,3,"(4, 5)",71.78223419189453,71.12899017333984,63.30488586425781,71.12899017333984,-0.6532440185546875,69.88691711425781,71.78223419189453,8,random,"(2, 6)",-0.7983617401123126
1.1771367645263666,False,DOWN,4,easy,"(5, 1)",UP,random_easy_29,"(5, 4)",3,4,"(4, 4)",71.05113983154297,70.30342102050781,70.30342102050781,69.94282531738281,-0.7477188110351562,69.75900268554688,71.05113983154297,8,random,"(2, 6)",1.1771367645263666
1.7423897552490217,True,LEFT,3,easy,"(5, 1)",LEFT,random_easy_29,"(5, 3)",2,5,"(5, 4)",71.9583511352539,72.21268463134766,69.54492950439453,72.21268463134766,0.25433349609375,60.65298080444336,71.9583511352539,8,random,"(2, 6)",1.7423897552490217
0.5348570251464935,False,LEFT,2,easy,"(5, 1)",UP,random_easy_29,"(5, 2)",1,6,"(5, 3)",74.71219635009766,67.40534210205078,72.54483795166016,67.40534210205078,-7.306854248046875,70.37480163574219,74.71219635009766,8,random,"(2, 6)",-0.5348570251464935
0.3374721908569338,False,LEFT,1,easy,"(5, 1)",DOWN,random_easy_29,"(5, 1)",0,7,"(5, 2)",67.55604553222656,9.652527809143066,67.55604553222656,9.652527809143066,-57.903517723083496,59.83443069458008,60.33159637451172,8,random,"(2, 6)",0.3374721908569338
1.1627668762207009,True,DOWN,12,medium,"(7, 7)",DOWN,random_medium_0,"(3, 0)",11,0,"(2, 0)",58.85300064086914,59.371280670166016,59.371280670166016,47.81388473510742,0.518280029296875,58.85300064086914,56.16407775878906,12,random,"(2, 0)",-1.1627668762207009
0.40673442840576257,True,DOWN,11,medium,"(7, 7)",DOWN,random_medium_0,"(4, 0)",10,1,"(3, 0)",58.23816680908203,58.80657958984375,58.80657958984375,46.43019104003906,0.5684127807617188,58.23816680908203,57.71029281616211,12,random,"(2, 0)",-0.40673442840576257
0.4358753204345689,True,RIGHT,10,medium,"(7, 7)",RIGHT,random_medium_0,"(4, 1)",9,2,"(4, 0)",56.326019287109375,58.99984359741211,49.349246978759766,47.74657440185547,2.6738243103027344,58.99984359741211,56.326019287109375,12,random,"(2, 0)",0.4358753204345689
0.6948639297485357,True,DOWN,9,medium,"(7, 7)",DOWN,random_medium_0,"(5, 1)",8,3,"(4, 1)",60.03818130493164,60.046180725097656,60.046180725097656,58.36484909057617,0.007999420166015625,60.03818130493164,57.83675765991211,12,random,"(2, 0)",-0.6948639297485357
0.9354416656494138,True,RIGHT,8,medium,"(7, 7)",RIGHT,random_medium_0,"(5, 2)",7,4,"(5, 1)",59.30369186401367,59.9609260559082,47.03498077392578,49.530792236328125,0.6572341918945312,59.9609260559082,59.30369186401367,12,random,"(2, 0)",0.9354416656494138
0.7976946640014617,True,RIGHT,7,medium,"(7, 7)",RIGHT,random_medium_0,"(5, 3)",6,5,"(5, 2)",58.800567626953125,61.521583557128906,49.459320068359375,58.619895935058594,2.7210159301757812,61.521583557128906,58.800567626953125,12,random,"(2, 0)",-0.7976946640014617
1.221439895629885,False,DOWN,6,medium,"(7, 7)",RIGHT,random_medium_0,"(6, 3)",5,6,"(5, 3)",61.34736251831055,59.950721740722656,59.950721740722656,60.25640106201172,-1.3966407775878906,61.34736251831055,59.948909759521484,12,random,"(2, 0)",1.221439895629885
0.1675540161132858,False,DOWN,5,medium,"(7, 7)",RIGHT,random_medium_0,"(7, 3)",4,7,"(6, 3)",61.80016326904297,60.28889846801758,60.28889846801758,51.738441467285156,-1.5112648010253906,61.80016326904297,61.122352600097656,12,random,"(2, 0)",0.1675540161132858
1.3897383117675801,True,RIGHT,4,medium,"(7, 7)",RIGHT,random_medium_0,"(7, 4)",3,8,"(7, 3)",60.131168365478516,61.07722473144531,49.99909973144531,57.47951126098633,0.9460563659667969,61.07722473144531,60.131168365478516,12,random,"(2, 0)",-1.3897383117675801
0.568282966613765,False,RIGHT,3,medium,"(7, 7)",UP,random_medium_0,"(7, 5)",2,9,"(7, 4)",60.30049133300781,59.721920013427734,51.0319709777832,57.82642364501953,-0.5785713195800781,59.721920013427734,60.30049133300781,12,random,"(2, 0)",-0.568282966613765
2.898548126220703,True,RIGHT,2,medium,"(7, 7)",RIGHT,random_medium_0,"(7, 6)",1,10,"(7, 5)",59.1407356262207,59.76124954223633,47.84832763671875,57.80101013183594,0.620513916015625,59.76124954223633,59.1407356262207,12,random,"(2, 0)",2.898548126220703
1.3611791229248045,False,RIGHT,1,medium,"(7, 7)",UP,random_medium_0,"(7, 7)",0,11,"(7, 6)",63.302825927734375,11.351179122924805,49.89979553222656,57.75860595703125,-51.95164680480957,11.351179122924805,63.302825927734375,12,random,"(2, 0)",-1.3611791229248045
1.8471760559082,True,DOWN,12,medium,"(6, 7)",DOWN,random_medium_1,"(2, 0)",11,0,"(1, 0)",49.60152053833008,59.58579635620117,59.58579635620117,44.981597900390625,9.984275817871094,49.60152053833008,43.92394256591797,12,random,"(1, 0)",-1.8471760559082
1.3035549545288134,True,RIGHT,11,medium,"(6, 7)",RIGHT,random_medium_1,"(2, 1)",10,1,"(2, 0)",49.34284210205078,58.331939697265625,49.31900405883789,47.25223159790039,8.989097595214844,58.331939697265625,49.34284210205078,12,random,"(1, 0)",1.3035549545288134
1.701987724304196,False,DOWN,10,medium,"(6, 7)",RIGHT,random_medium_1,"(3, 1)",9,2,"(2, 1)",60.24797439575195,59.847625732421875,59.847625732421875,56.7254638671875,-0.4003486633300781,60.24797439575195,46.46529769897461,12,random,"(1, 0)",-1.701987724304196
0.39496982574462436,True,DOWN,9,medium,"(6, 7)",DOWN,random_medium_1,"(4, 1)",8,3,"(3, 1)",58.28509521484375,58.74306869506836,58.74306869506836,45.803367614746094,0.4579734802246094,48.562191009521484,58.28509521484375,12,random,"(1, 0)",-0.39496982574462436
0.9456071090698259,False,DOWN,8,medium,"(6, 7)",LEFT,random_medium_1,"(5, 1)",7,4,"(4, 1)",58.947574615478516,58.5656852722168,58.5656852722168,58.947574615478516,-0.38188934326171875,49.74183654785156,54.48731994628906,12,random,"(1, 0)",-0.9456071090698259
0.6535664749145482,True,RIGHT,7,medium,"(6, 7)",RIGHT,random_medium_1,"(5, 2)",6,5,"(5, 1)",57.42634963989258,58.21220016479492,57.42531967163086,57.42634963989258,0.7858505249023438,58.21220016479492,55.581443786621094,12,random,"(1, 0)",-0.6535664749145482
0.19130954742431783,True,RIGHT,6,medium,"(6, 7)",RIGHT,random_medium_1,"(5, 3)",5,6,"(5, 2)",57.326393127441406,58.1501350402832,57.20066452026367,57.326393127441406,0.8237419128417969,58.1501350402832,44.358482360839844,12,random,"(1, 0)",0.19130954742431783
1.4498952102661136,True,RIGHT,5,medium,"(6, 7)",RIGHT,random_medium_1,"(5, 4)",4,7,"(5, 3)",58.308692932128906,58.940853118896484,58.21366500854492,58.308692932128906,0.6321601867675781,58.940853118896484,56.06825637817383,12,random,"(1, 0)",-1.4498952102661136
0.1174460601806615,True,RIGHT,4,medium,"(6, 7)",RIGHT,random_medium_1,"(5, 5)",3,8,"(5, 4)",57.541751861572266,58.0817756652832,51.49747848510742,56.72886657714844,0.5400238037109375,58.0817756652832,57.541751861572266,12,random,"(1, 0)",-0.1174460601806615
0.14634933471679545,True,RIGHT,3,medium,"(6, 7)",RIGHT,random_medium_1,"(5, 6)",2,9,"(5, 5)",54.700218200683594,58.55992889404297,49.86063766479492,54.35411834716797,3.859710693359375,58.55992889404297,54.700218200683594,12,random,"(1, 0)",0.14634933471679545
1.2390708160400408,False,DOWN,2,medium,"(6, 7)",UP,random_medium_1,"(6, 6)",1,10,"(5, 6)",59.30937194824219,54.65806579589844,54.65806579589844,58.46713638305664,-4.65130615234375,54.53644561767578,59.30937194824219,12,random,"(1, 0)",1.2390708160400408
3.063829193115234,False,RIGHT,1,medium,"(6, 7)",UP,random_medium_1,"(6, 7)",0,11,"(6, 6)",56.47185516357422,13.053829193115234,52.36280822753906,48.37654495239258,-43.418025970458984,13.053829193115234,56.47185516357422,12,random,"(1, 0)",-3.063829193115234
1.0695233535766633,False,DOWN,12,medium,"(7, 0)",LEFT,random_medium_2,"(1, 5)",11,0,"(0, 5)",59.682193756103516,58.68794631958008,58.68794631958008,59.682193756103516,-0.9942474365234375,57.41893005371094,48.196327209472656,12,random,"(0, 5)",1.0695233535766633
0.8437830352783209,True,DOWN,11,medium,"(7, 0)",DOWN,random_medium_2,"(2, 5)",10,1,"(1, 5)",57.684326171875,60.37118148803711,60.37118148803711,47.77680969238281,2.6868553161621094,55.82728958129883,57.684326171875,12,random,"(0, 5)",-0.8437830352783209
0.1429289627075221,True,DOWN,10,medium,"(7, 0)",DOWN,random_medium_2,"(3, 5)",9,2,"(2, 5)",58.36156463623047,60.13878631591797,60.13878631591797,58.36156463623047,1.7772216796875,57.44582748413086,57.6288948059082,12,random,"(0, 5)",0.1429289627075221
0.26943462371826143,True,DOWN,9,medium,"(7, 0)",DOWN,random_medium_2,"(4, 5)",8,3,"(3, 5)",60.280094146728516,60.90072250366211,60.90072250366211,60.04581069946289,0.6206283569335938,58.00156784057617,60.280094146728516,12,random,"(0, 5)",-0.26943462371826143
1.711046295166014,False,DOWN,8,medium,"(7, 0)",UP,random_medium_2,"(5, 5)",7,4,"(4, 5)",61.25382614135742,60.59695816040039,60.59695816040039,59.7368049621582,-0.6568679809570312,47.77198791503906,61.25382614135742,12,random,"(0, 5)",1.711046295166014
0.202490348815914,False,DOWN,7,medium,"(7, 0)",UP,random_medium_2,"(6, 5)",6,5,"(5, 5)",62.947479248046875,62.042259216308594,62.042259216308594,61.154083251953125,-0.9052200317382812,60.29356002807617,62.947479248046875,12,random,"(0, 5)",-0.202490348815914
1.6606359863281241,False,DOWN,6,medium,"(7, 0)",UP,random_medium_2,"(7, 5)",5,6,"(6, 5)",62.47451400756836,59.64460372924805,59.64460372924805,61.2501106262207,-2.8299102783203125,49.62396240234375,62.47451400756836,12,random,"(0, 5)",1.6606359863281241
1.4296376419067371,False,LEFT,5,medium,"(7, 0)",UP,random_medium_2,"(7, 4)",4,7,"(7, 5)",61.93458557128906,57.80900955200195,49.08599090576172,57.80900955200195,-4.125576019287109,46.404659271240234,61.93458557128906,12,random,"(0, 5)",1.4296376419067371
0.5949257278442346,False,LEFT,4,medium,"(7, 0)",RIGHT,random_medium_2,"(7, 3)",3,8,"(7, 4)",59.84711837768555,59.6557502746582,50.479583740234375,59.6557502746582,-0.19136810302734375,59.84711837768555,57.701751708984375,12,random,"(0, 5)",-0.5949257278442346
0.3317494201660125,False,LEFT,3,medium,"(7, 0)",RIGHT,random_medium_2,"(7, 2)",2,9,"(7, 3)",59.66749954223633,59.562862396240234,49.240943908691406,59.562862396240234,-0.10463714599609375,59.66749954223633,58.81132125854492,12,random,"(0, 5)",-0.3317494201660125
0.6225873565673794,True,LEFT,2,medium,"(7, 0)",LEFT,random_medium_2,"(7, 1)",1,10,"(7, 2)",59.322486877441406,59.839508056640625,50.0443000793457,59.839508056640625,0.5170211791992188,57.249568939208984,59.322486877441406,12,random,"(0, 5)",-0.6225873565673794
0.6762817001342771,False,LEFT,1,medium,"(7, 0)",UP,random_medium_2,"(7, 0)",0,11,"(7, 1)",59.825172424316406,10.666281700134277,47.97397994995117,10.666281700134277,-49.15889072418213,54.82379913330078,59.825172424316406,12,random,"(0, 5)",-0.6762817001342771
3.430045433044434,False,UP,12,medium,"(0, 0)",LEFT,random_medium_3,"(6, 5)",11,0,"(7, 5)",55.63641357421875,54.642818450927734,46.8271369934082,55.63641357421875,-0.9935951232910156,50.3779296875,54.642818450927734,12,random,"(7, 5)",3.430045433044434
0.8228042221069316,False,UP,11,medium,"(0, 0)",DOWN,random_medium_3,"(5, 5)",10,1,"(6, 5)",58.669559478759766,56.72045135498047,58.669559478759766,56.40380096435547,-1.9491081237792969,57.088157653808594,56.72045135498047,12,random,"(7, 5)",0.8228042221069316
0.005703430175778124,False,UP,10,medium,"(0, 0)",DOWN,random_medium_3,"(4, 5)",9,2,"(5, 5)",58.13460159301758,58.09101104736328,58.13460159301758,56.862491607666016,-0.043590545654296875,48.26242446899414,58.09101104736328,12,random,"(7, 5)",-0.005703430175778124
0.6711014175415002,False,UP,9,medium,"(0, 0)",DOWN,random_medium_3,"(3, 5)",8,3,"(4, 5)",58.68212890625,56.51203918457031,58.68212890625,48.2319221496582,-2.1700897216796875,56.64118576049805,56.51203918457031,12,random,"(7, 5)",-0.6711014175415002
0.5857277297973624,False,UP,8,medium,"(0, 0)",DOWN,random_medium_3,"(2, 5)",7,4,"(3, 5)",56.41508865356445,54.33515930175781,56.41508865356445,54.25653839111328,-2.0799293518066406,56.3250846862793,54.33515930175781,12,random,"(7, 5)",0.5857277297973624
0.7263643264770536,False,UP,7,medium,"(0, 0)",LEFT,random_medium_3,"(1, 5)",6,5,"(2, 5)",55.48574447631836,54.536285400390625,55.43611526489258,55.48574447631836,-0.9494590759277344,55.152523040771484,54.536285400390625,12,random,"(7, 5)",0.7263643264770536
2.421354370117186,False,UP,6,medium,"(0, 0)",DOWN,random_medium_3,"(0, 5)",5,6,"(1, 5)",55.83095932006836,53.289772033691406,55.83095932006836,55.1242561340332,-2.541187286376953,54.99576950073242,53.289772033691406,12,random,"(7, 5)",2.421354370117186
1.0762849807739272,False,LEFT,5,medium,"(0, 0)",DOWN,random_medium_3,"(0, 4)",4,7,"(0, 5)",56.283966064453125,55.440757751464844,56.283966064453125,55.440757751464844,-0.8432083129882812,44.48613357543945,43.080841064453125,12,random,"(7, 5)",-1.0762849807739272
0.33142047882079595,True,LEFT,4,medium,"(0, 0)",LEFT,random_medium_3,"(0, 3)",3,8,"(0, 4)",54.144798278808594,54.923709869384766,54.144798278808594,54.923709869384766,0.7789115905761719,51.995548248291016,43.00423049926758,12,random,"(7, 5)",-0.33142047882079595
0.5618251419067377,False,LEFT,3,medium,"(0, 0)",DOWN,random_medium_3,"(0, 2)",2,9,"(0, 3)",55.15382766723633,53.19358825683594,55.15382766723633,53.19358825683594,-1.9602394104003906,53.365997314453125,44.72540283203125,12,random,"(7, 5)",0.5618251419067377
3.2092425155639646,False,LEFT,2,medium,"(0, 0)",DOWN,random_medium_3,"(0, 1)",1,10,"(0, 2)",54.30849838256836,52.987491607666016,54.30849838256836,52.987491607666016,-1.3210067749023438,53.02560043334961,41.92845153808594,12,random,"(7, 5)",3.2092425155639646
0.08648086547851541,False,LEFT,1,medium,"(0, 0)",DOWN,random_medium_3,"(0, 0)",0,11,"(0, 1)",56.774478912353516,10.076480865478516,56.774478912353516,10.076480865478516,-46.697998046875,50.93777084350586,44.25652313232422,12,random,"(7, 5)",-0.08648086547851541
0.7466270065307654,True,UP,12,medium,"(0, 7)",UP,random_medium_4,"(5, 1)",11,0,"(6, 1)",55.614959716796875,57.050941467285156,45.02298355102539,55.614959716796875,1.4359817504882812,55.54291915893555,57.050941467285156,12,random,"(6, 1)",0.7466270065307654
1.80249523162842,False,UP,11,medium,"(0, 7)",RIGHT,random_medium_4,"(4, 1)",10,1,"(5, 1)",58.391483306884766,57.95465850830078,56.994686126708984,57.551910400390625,-0.4368247985839844,58.391483306884766,57.95465850830078,12,random,"(6, 1)",-1.80249523162842
0.10695098876953324,False,UP,10,medium,"(0, 7)",RIGHT,random_medium_4,"(3, 1)",9,2,"(4, 1)",56.72945785522461,56.650264739990234,55.641719818115234,54.693359375,-0.079193115234375,56.72945785522461,56.650264739990234,12,random,"(6, 1)",0.10695098876953324
0.8515375137329073,True,UP,9,medium,"(0, 7)",UP,random_medium_4,"(2, 1)",8,3,"(3, 1)",55.40385818481445,57.34062194824219,55.106483459472656,55.04822540283203,1.9367637634277344,55.40385818481445,57.34062194824219,12,random,"(6, 1)",-0.8515375137329073
0.13073516845702926,False,RIGHT,8,medium,"(0, 7)",LEFT,random_medium_4,"(2, 2)",7,4,"(2, 1)",57.06978225708008,56.431278228759766,57.033573150634766,57.06978225708008,-0.6385040283203125,56.431278228759766,48.15217590332031,12,random,"(6, 1)",0.13073516845702926
0.9542981338501022,False,RIGHT,7,medium,"(0, 7)",LEFT,random_medium_4,"(2, 3)",6,5,"(2, 2)",57.14344787597656,56.24251937866211,56.63254928588867,57.14344787597656,-0.9009284973144531,56.24251937866211,48.645233154296875,12,random,"(6, 1)",0.9542981338501022
1.6607043838500957,False,UP,6,medium,"(0, 7)",LEFT,random_medium_4,"(1, 3)",5,6,"(2, 3)",57.784664154052734,56.42845153808594,56.47978591918945,57.784664154052734,-1.3562126159667969,54.579288482666016,56.42845153808594,12,random,"(6, 1)",1.6607043838500957
1.8662612915039105,False,RIGHT,5,medium,"(0, 7)",DOWN,random_medium_4,"(1, 4)",4,7,"(1, 3)",58.68601608276367,54.449989318847656,58.68601608276367,47.892494201660156,-4.236026763916016,54.449989318847656,55.16133117675781,12,random,"(6, 1)",1.8662612915039105
3.7067963027954107,False,RIGHT,4,medium,"(0, 7)",DOWN,random_medium_4,"(1, 5)",3,8,"(1, 4)",56.89520263671875,54.257083892822266,56.89520263671875,56.69792556762695,-2.6381187438964844,54.257083892822266,56.821380615234375,12,random,"(6, 1)",3.7067963027954107
1.9713097000122062,False,RIGHT,3,medium,"(0, 7)",DOWN,random_medium_4,"(1, 6)",2,9,"(1, 5)",58.55947494506836,51.73277282714844,58.55947494506836,56.81599044799805,-6.826702117919922,51.73277282714844,57.2236328125,12,random,"(6, 1)",1.9713097000122062
5.576672935485838,False,RIGHT,2,medium,"(0, 7)",DOWN,random_medium_4,"(1, 7)",1,10,"(1, 6)",54.256649017333984,42.74909591674805,54.256649017333984,48.64879608154297,-11.507553100585938,42.74909591674805,38.426177978515625,12,random,"(6, 1)",5.576672935485838
0.4200074768066404,False,UP,1,medium,"(0, 7)",DOWN,random_medium_4,"(0, 7)",0,11,"(1, 7)",48.82400894165039,10.41000747680664,48.82400894165039,41.72486114501953,-38.41400146484375,35.03612518310547,10.41000747680664,12,random,"(6, 1)",-0.4200074768066404
1.1263156890869226,False,DOWN,12,medium,"(7, 4)",RIGHT,random_medium_5,"(2, 2)",11,0,"(1, 2)",69.33851623535156,67.93008422851562,67.93008422851562,64.02623748779297,-1.4084320068359375,69.33851623535156,63.79929733276367,12,random,"(1, 2)",-1.1263156890869226
0.13923980712890227,True,DOWN,11,medium,"(7, 4)",DOWN,random_medium_5,"(3, 2)",10,1,"(2, 2)",67.16015625,67.48865509033203,67.48865509033203,64.54273223876953,0.32849884033203125,67.16015625,64.50348663330078,12,random,"(1, 2)",0.13923980712890227
2.0338011169433656,False,DOWN,10,medium,"(7, 4)",RIGHT,random_medium_5,"(4, 2)",9,2,"(3, 2)",68.32110595703125,66.8525619506836,66.8525619506836,55.4454231262207,-1.4685440063476562,68.32110595703125,67.33914947509766,12,random,"(1, 2)",-2.0338011169433656
1.0865014648437494,True,RIGHT,9,medium,"(7, 4)",RIGHT,random_medium_5,"(4, 3)",8,3,"(4, 2)",64.6764907836914,65.48359680175781,63.04599380493164,53.368988037109375,0.8071060180664062,65.48359680175781,64.6764907836914,12,random,"(1, 2)",1.0865014648437494
0.33322555541992926,True,RIGHT,8,medium,"(7, 4)",RIGHT,random_medium_5,"(4, 4)",7,4,"(4, 3)",66.94835662841797,67.25262451171875,57.36001968383789,64.0135726928711,0.30426788330078125,67.25262451171875,66.94835662841797,12,random,"(1, 2)",-0.33322555541992926
0.361620864868172,False,RIGHT,7,medium,"(7, 4)",LEFT,random_medium_5,"(4, 5)",6,5,"(4, 4)",67.60545349121094,65.01722717285156,65.23033142089844,67.60545349121094,-2.588226318359375,65.01722717285156,59.963653564453125,12,random,"(1, 2)",-0.361620864868172
1.987414093017577,True,RIGHT,6,medium,"(7, 4)",RIGHT,random_medium_5,"(4, 6)",5,6,"(4, 5)",64.83186340332031,65.31879425048828,55.01816940307617,64.83186340332031,0.48693084716796875,65.31879425048828,54.94104766845703,12,random,"(1, 2)",1.987414093017577
0.7679399108886713,False,DOWN,5,medium,"(7, 4)",LEFT,random_medium_5,"(5, 6)",4,7,"(4, 6)",67.99617004394531,64.17861938476562,64.17861938476562,67.99617004394531,-3.8175506591796875,64.65554809570312,65.90904235839844,12,random,"(1, 2)",0.7679399108886713
3.2239125061035168,False,DOWN,4,medium,"(7, 4)",UP,random_medium_5,"(6, 6)",3,8,"(5, 6)",65.61268615722656,59.91802978515625,59.91802978515625,54.99748229980469,-5.6946563720703125,64.4981689453125,65.61268615722656,12,random,"(1, 2)",3.2239125061035168
0.7320543670654303,False,DOWN,3,medium,"(7, 4)",UP,random_medium_5,"(7, 6)",2,9,"(6, 6)",63.78984069824219,60.02109146118164,60.02109146118164,55.16735076904297,-3.768749237060547,63.26256561279297,63.78984069824219,12,random,"(1, 2)",0.7320543670654303
0.8371763229370117,False,LEFT,2,medium,"(7, 4)",UP,random_medium_5,"(7, 5)",1,10,"(7, 6)",61.376914978027344,54.331947326660156,51.187530517578125,54.331947326660156,-7.0449676513671875,55.0413703918457,61.376914978027344,12,random,"(1, 2)",-0.8371763229370117
5.023138771057129,False,LEFT,1,medium,"(7, 4)",UP,random_medium_5,"(7, 4)",0,11,"(7, 5)",54.045223236083984,15.013138771057129,51.94816970825195,15.013138771057129,-39.032084465026855,50.9876594543457,54.045223236083984,12,random,"(1, 2)",-5.023138771057129
0.07971321105956974,True,DOWN,12,medium,"(7, 0)",DOWN,random_medium_6,"(2, 6)",11,0,"(1, 6)",56.474273681640625,58.3623046875,58.3623046875,56.474273681640625,1.888031005859375,54.21443557739258,55.532554626464844,12,random,"(1, 6)",0.07971321105956974
0.48859321594238025,True,DOWN,11,medium,"(7, 0)",DOWN,random_medium_6,"(3, 6)",10,1,"(2, 6)",57.96711349487305,59.042442321777344,59.042442321777344,57.96711349487305,1.0753288269042969,46.82453918457031,57.11874771118164,12,random,"(1, 6)",-0.48859321594238025
0.9330294036865254,True,DOWN,10,medium,"(7, 0)",DOWN,random_medium_6,"(4, 6)",9,2,"(3, 6)",58.0821418762207,59.15540313720703,59.15540313720703,57.94818115234375,1.0732612609863281,58.0821418762207,57.21820068359375,12,random,"(1, 6)",-0.9330294036865254
1.4121751022338884,False,LEFT,9,medium,"(7, 0)",UP,random_medium_6,"(4, 5)",8,3,"(4, 6)",58.820579528808594,58.68669891357422,46.907588958740234,58.68669891357422,-0.133880615234375,57.521358489990234,58.820579528808594,12,random,"(1, 6)",-1.4121751022338884
0.5663472747802771,False,DOWN,8,medium,"(7, 0)",UP,random_medium_6,"(5, 5)",7,4,"(4, 5)",57.863155364990234,57.07798767089844,57.07798767089844,57.811561584472656,-0.7851676940917969,56.55412673950195,57.863155364990234,12,random,"(1, 6)",0.5663472747802771
0.5267998504638669,False,DOWN,7,medium,"(7, 0)",UP,random_medium_6,"(6, 5)",6,5,"(5, 5)",58.23670196533203,56.138580322265625,56.138580322265625,49.33428955078125,-2.0981216430664062,46.81303024291992,58.23670196533203,12,random,"(1, 6)",-0.5267998504638669
1.3749243545532224,False,DOWN,6,medium,"(7, 0)",UP,random_medium_6,"(7, 5)",5,6,"(6, 5)",56.183616638183594,54.75590896606445,54.75590896606445,55.44962692260742,-1.4277076721191406,56.14255905151367,56.183616638183594,12,random,"(1, 6)",1.3749243545532224
0.0861053466796875,False,LEFT,5,medium,"(7, 0)",RIGHT,random_medium_6,"(7, 4)",4,7,"(7, 5)",56.70791244506836,56.42131423950195,46.24501037597656,56.42131423950195,-0.28659820556640625,56.70791244506836,53.99432373046875,12,random,"(1, 6)",-0.0861053466796875
0.1547572708129863,True,LEFT,4,medium,"(7, 0)",LEFT,random_medium_6,"(7, 3)",3,8,"(7, 4)",56.64875411987305,56.91435241699219,46.708377838134766,56.91435241699219,0.2655982971191406,56.64875411987305,55.47595977783203,12,random,"(1, 6)",0.1547572708129863
0.1864122772216774,True,LEFT,3,medium,"(7, 0)",LEFT,random_medium_6,"(7, 2)",2,9,"(7, 3)",55.389469146728516,57.65566635131836,44.5761833190918,57.65566635131836,2.2661972045898438,55.389469146728516,46.02648162841797,12,random,"(1, 6)",-0.1864122772216774
2.3024731445312483,True,LEFT,2,medium,"(7, 0)",LEFT,random_medium_6,"(7, 1)",1,10,"(7, 2)",57.19366455078125,58.059852600097656,47.1286506652832,58.059852600097656,0.8661880493164062,54.5263786315918,57.19366455078125,12,random,"(1, 6)",2.3024731445312483
4.483860244750977,False,LEFT,1,medium,"(7, 0)",UP,random_medium_6,"(7, 0)",0,11,"(7, 1)",60.982147216796875,5.506139755249023,45.540218353271484,5.506139755249023,-55.47600746154785,52.58338928222656,60.982147216796875,12,random,"(1, 6)",4.483860244750977
0.6558995819091749,False,DOWN,12,medium,"(7, 1)",LEFT,random_medium_7,"(1, 6)",11,0,"(0, 6)",51.71804428100586,51.4864616394043,51.4864616394043,51.71804428100586,-0.2315826416015625,49.60053634643555,40.95798110961914,12,random,"(0, 6)",-0.6558995819091749
0.2865087509155231,False,DOWN,11,medium,"(7, 1)",LEFT,random_medium_7,"(2, 6)",10,1,"(1, 6)",51.354103088378906,50.934818267822266,50.934818267822266,51.354103088378906,-0.4192848205566406,50.87759017944336,50.42669677734375,12,random,"(0, 6)",-0.2865087509155231
0.08289161682129276,True,DOWN,10,medium,"(7, 1)",DOWN,random_medium_7,"(3, 6)",9,2,"(2, 6)",50.710487365722656,51.17000961303711,51.17000961303711,48.954429626464844,0.4595222473144531,48.85952377319336,50.710487365722656,12,random,"(0, 6)",0.08289161682129276
0.4064805984497113,False,DOWN,9,medium,"(7, 1)",LEFT,random_medium_7,"(4, 6)",8,3,"(3, 6)",51.78070831298828,50.60702133178711,50.60702133178711,51.78070831298828,-1.1736869812011719,48.632144927978516,51.357330322265625,12,random,"(0, 6)",0.4064805984497113
1.8836138916015628,True,LEFT,8,medium,"(7, 1)",LEFT,random_medium_7,"(4, 5)",7,4,"(4, 6)",51.49932098388672,51.53889083862305,41.663902282714844,51.53889083862305,0.039569854736328125,39.10322189331055,51.49932098388672,12,random,"(0, 6)",-1.8836138916015628
1.195373764038088,False,DOWN,7,medium,"(7, 1)",LEFT,random_medium_7,"(5, 5)",6,5,"(4, 5)",50.16694641113281,50.07621383666992,50.07621383666992,50.16694641113281,-0.09073257446289062,47.664634704589844,48.57305145263672,12,random,"(0, 6)",1.195373764038088
0.19194416046142493,False,DOWN,6,medium,"(7, 1)",UP,random_medium_7,"(6, 5)",5,6,"(5, 5)",51.799583435058594,49.88307189941406,49.88307189941406,45.41205596923828,-1.9165115356445312,40.826656341552734,51.799583435058594,12,random,"(0, 6)",-0.19194416046142493
1.6803691482543925,True,DOWN,5,medium,"(7, 1)",DOWN,random_medium_7,"(7, 5)",4,7,"(6, 5)",49.934505462646484,50.20315933227539,50.20315933227539,48.72135925292969,0.26865386962890625,49.934505462646484,48.77020263671875,12,random,"(0, 6)",1.6803691482543925
0.7563288497924816,True,LEFT,4,medium,"(7, 1)",LEFT,random_medium_7,"(7, 4)",3,8,"(7, 5)",51.97347640991211,52.41770553588867,42.677093505859375,52.41770553588867,0.4442291259765625,51.97347640991211,49.581871032714844,12,random,"(0, 6)",-0.7563288497924816
0.655203475952149,True,LEFT,3,medium,"(7, 1)",LEFT,random_medium_7,"(7, 3)",2,9,"(7, 4)",51.96054458618164,52.19330978393555,42.26512145996094,52.19330978393555,0.23276519775390625,51.96054458618164,49.1542854309082,12,random,"(0, 6)",-0.655203475952149
1.3057078170776322,True,LEFT,2,medium,"(7, 1)",LEFT,random_medium_7,"(7, 2)",1,10,"(7, 3)",48.15713882446289,52.06879425048828,39.70003890991211,52.06879425048828,3.9116554260253906,48.15713882446289,43.398738861083984,12,random,"(0, 6)",-1.3057078170776322
4.422751197814941,False,LEFT,1,medium,"(7, 1)",UP,random_medium_7,"(7, 1)",0,11,"(7, 2)",51.285945892333984,14.412751197814941,38.36900329589844,14.412751197814941,-36.87319469451904,41.87296676635742,51.285945892333984,12,random,"(0, 6)",-4.422751197814941
0.05091156005859432,True,UP,12,medium,"(0, 1)",UP,random_medium_8,"(6, 6)",11,0,"(7, 6)",63.35467529296875,63.69873809814453,52.32779312133789,63.35467529296875,0.34406280517578125,63.106773376464844,63.69873809814453,12,random,"(7, 6)",0.05091156005859432
1.2635192108154314,True,UP,11,medium,"(0, 1)",UP,random_medium_8,"(5, 6)",10,1,"(6, 6)",62.31777572631836,64.4036865234375,61.83346939086914,61.7093391418457,2.0859107971191406,62.31777572631836,64.4036865234375,12,random,"(7, 6)",-1.2635192108154314
0.8697622680664026,False,LEFT,10,medium,"(0, 1)",DOWN,random_medium_8,"(5, 5)",9,2,"(5, 6)",63.788047790527344,63.760292053222656,63.788047790527344,63.760292053222656,-0.0277557373046875,62.8637580871582,55.487152099609375,12,random,"(7, 6)",-0.8697622680664026
2.958669662475586,True,UP,9,medium,"(0, 1)",UP,random_medium_8,"(4, 5)",8,3,"(5, 5)",63.19374084472656,63.535888671875,60.349308013916016,52.776119232177734,0.3421478271484375,63.19374084472656,63.535888671875,12,random,"(7, 6)",-2.958669662475586
2.404737625122074,False,UP,8,medium,"(0, 1)",LEFT,random_medium_8,"(3, 5)",7,4,"(4, 5)",61.19921112060547,61.11326599121094,58.63878631591797,61.19921112060547,-0.08594512939453125,50.32196044921875,61.11326599121094,12,random,"(7, 6)",2.404737625122074
3.226490402221671,False,UP,7,medium,"(0, 1)",RIGHT,random_medium_8,"(2, 5)",6,5,"(3, 5)",64.1697006225586,63.992698669433594,62.944679260253906,62.120635986328125,-0.177001953125,64.1697006225586,63.992698669433594,12,random,"(7, 6)",3.226490402221671
1.7631034088134783,True,UP,6,medium,"(0, 1)",UP,random_medium_8,"(1, 5)",5,6,"(2, 5)",65.31892395019531,67.90827178955078,65.31892395019531,52.849449157714844,2.5893478393554688,65.13643646240234,67.90827178955078,12,random,"(7, 6)",-1.7631034088134783
3.8004435729980344,False,LEFT,5,medium,"(0, 1)",DOWN,random_medium_8,"(1, 4)",4,7,"(1, 5)",66.82340240478516,65.79631805419922,66.82340240478516,65.79631805419922,-1.0270843505859375,58.10918045043945,62.84506607055664,12,random,"(7, 6)",3.8004435729980344
0.41088661193848,False,LEFT,4,medium,"(0, 1)",RIGHT,random_medium_8,"(1, 3)",3,8,"(1, 4)",70.30986022949219,67.07966613769531,58.771080017089844,67.07966613769531,-3.230194091796875,70.30986022949219,52.32380676269531,12,random,"(7, 6)",-0.41088661193848
1.2175746917724624,False,UP,3,medium,"(0, 1)",RIGHT,random_medium_8,"(0, 3)",2,9,"(1, 3)",67.35230255126953,64.92041778564453,65.92173767089844,62.51418685913086,-2.431884765625,67.35230255126953,64.92041778564453,12,random,"(7, 6)",-1.2175746917724624
2.563694343566894,False,LEFT,2,medium,"(0, 1)",DOWN,random_medium_8,"(0, 2)",1,10,"(0, 3)",64.35640716552734,59.545448303222656,64.35640716552734,59.545448303222656,-4.8109588623046875,52.61476516723633,52.687950134277344,12,random,"(7, 6)",2.563694343566894
5.215053310394287,False,LEFT,1,medium,"(0, 1)",DOWN,random_medium_8,"(0, 1)",0,11,"(0, 2)",62.74660873413086,4.774946689605713,62.74660873413086,4.774946689605713,-57.97166204452515,52.936683654785156,46.96766662597656,12,random,"(7, 6)",5.215053310394287
1.0837052154541027,True,RIGHT,13,medium,"(6, 7)",RIGHT,random_medium_9,"(0, 1)",12,0,"(0, 0)",46.557308197021484,57.33349609375,46.557308197021484,45.97378921508789,10.776187896728516,57.33349609375,44.818687438964844,13,random,"(0, 0)",-1.0837052154541027
0.9384505844116191,False,RIGHT,12,medium,"(6, 7)",LEFT,random_medium_9,"(0, 2)",11,1,"(0, 1)",56.82807159423828,56.01490783691406,47.56276321411133,56.82807159423828,-0.8131637573242188,56.01490783691406,47.364356994628906,13,random,"(0, 0)",0.9384505844116191
0.3663027191162129,False,DOWN,11,medium,"(6, 7)",RIGHT,random_medium_9,"(1, 2)",10,2,"(0, 2)",57.53874588012695,56.00098419189453,56.00098419189453,57.090694427490234,-1.5377616882324219,57.53874588012695,46.01531982421875,13,random,"(0, 0)",0.3663027191162129
0.5862855529785165,True,RIGHT,10,medium,"(6, 7)",RIGHT,random_medium_9,"(1, 3)",9,3,"(1, 2)",56.372703552246094,56.946754455566406,49.954307556152344,46.03416061401367,0.5740509033203125,56.946754455566406,56.372703552246094,13,random,"(0, 0)",0.5862855529785165
0.6255183410644563,False,DOWN,9,medium,"(6, 7)",UP,random_medium_9,"(2, 3)",8,4,"(1, 3)",58.12428283691406,57.997947692871094,57.997947692871094,56.2244758605957,-0.12633514404296875,47.48899459838867,58.12428283691406,13,random,"(0, 0)",0.6255183410644563
1.1000945663452129,True,DOWN,8,medium,"(6, 7)",DOWN,random_medium_9,"(3, 3)",7,5,"(2, 3)",57.606136322021484,59.22572326660156,59.22572326660156,49.28173065185547,1.6195869445800781,57.606136322021484,56.30174255371094,13,random,"(0, 0)",1.1000945663452129
1.7239803695678688,True,DOWN,7,medium,"(6, 7)",DOWN,random_medium_9,"(4, 3)",6,6,"(3, 3)",60.768463134765625,60.94527053833008,60.94527053833008,60.768463134765625,0.17680740356445312,51.25209045410156,57.32789993286133,13,random,"(0, 0)",-1.7239803695678688
0.2449501800537064,True,DOWN,6,medium,"(6, 7)",DOWN,random_medium_9,"(5, 3)",5,7,"(4, 3)",59.20343017578125,59.829586029052734,59.829586029052734,59.20343017578125,0.6261558532714844,59.02857971191406,58.60652160644531,13,random,"(0, 0)",-0.2449501800537064
0.5465869903564453,False,DOWN,5,medium,"(6, 7)",LEFT,random_medium_9,"(6, 3)",4,8,"(5, 3)",60.19660186767578,59.24246597290039,59.24246597290039,60.19660186767578,-0.9541358947753906,53.761356353759766,57.40428924560547,13,random,"(0, 0)",0.5465869903564453
2.0359933853149457,True,RIGHT,4,medium,"(6, 7)",RIGHT,random_medium_9,"(6, 4)",3,9,"(6, 3)",58.7038459777832,60.40308380126953,57.87845993041992,58.12861251831055,1.6992378234863281,60.40308380126953,58.7038459777832,13,random,"(0, 0)",2.0359933853149457
1.5902725982666013,True,RIGHT,3,medium,"(6, 7)",RIGHT,random_medium_9,"(6, 5)",2,10,"(6, 4)",59.63852310180664,63.07987594604492,59.63852310180664,59.031089782714844,3.4413528442382812,63.07987594604492,49.400978088378906,13,random,"(0, 0)",-1.5902725982666013
0.3744721221923868,True,RIGHT,2,medium,"(6, 7)",RIGHT,random_medium_9,"(6, 6)",1,11,"(6, 5)",60.664825439453125,62.120811462402344,60.023494720458984,58.30498123168945,1.4559860229492188,62.120811462402344,60.664825439453125,13,random,"(0, 0)",0.3744721221923868
0.6666362380981443,False,RIGHT,1,medium,"(6, 7)",UP,random_medium_9,"(6, 7)",0,12,"(6, 6)",63.13665008544922,10.656636238098145,61.76455307006836,61.506534576416016,-52.480013847351074,10.656636238098145,63.13665008544922,13,random,"(0, 0)",-0.6666362380981443
1.0928351974487285,True,DOWN,12,medium,"(7, 1)",DOWN,random_medium_10,"(2, 7)",11,0,"(1, 7)",54.116905212402344,54.66411209106445,54.66411209106445,52.88477325439453,0.5472068786621094,43.597225189208984,54.116905212402344,12,random,"(1, 7)",1.0928351974487285
0.26894653320312045,True,DOWN,11,medium,"(7, 1)",DOWN,random_medium_10,"(3, 7)",10,1,"(2, 7)",53.23244094848633,56.33024978637695,56.33024978637695,53.1214599609375,3.097808837890625,42.97751998901367,53.23244094848633,12,random,"(1, 7)",-0.26894653320312045
0.22323822021484574,False,DOWN,10,medium,"(7, 1)",LEFT,random_medium_10,"(4, 7)",9,2,"(3, 7)",56.63768005371094,55.94710159301758,55.94710159301758,56.63768005371094,-0.6905784606933594,45.167903900146484,54.837100982666016,12,random,"(1, 7)",0.22323822021484574
1.1055116653442383,True,DOWN,9,medium,"(7, 1)",DOWN,random_medium_10,"(5, 7)",8,3,"(4, 7)",54.753509521484375,56.74781799316406,56.74781799316406,45.679317474365234,1.9943084716796875,45.16304397583008,54.753509521484375,12,random,"(1, 7)",-1.1055116653442383
0.2343085098266613,False,DOWN,8,medium,"(7, 1)",LEFT,random_medium_10,"(6, 7)",7,4,"(5, 7)",56.21445083618164,55.73284912109375,55.73284912109375,56.21445083618164,-0.4816017150878906,44.78889846801758,55.342811584472656,12,random,"(1, 7)",-0.2343085098266613
1.2684062194824222,True,DOWN,7,medium,"(7, 1)",DOWN,random_medium_10,"(7, 7)",6,5,"(6, 7)",54.69178771972656,56.06923294067383,56.06923294067383,54.69178771972656,1.3774452209472656,46.03528594970703,54.39103317260742,12,random,"(1, 7)",-1.2684062194824222
0.25967712402344034,False,LEFT,6,medium,"(7, 1)",UP,random_medium_10,"(7, 6)",5,6,"(7, 7)",55.364471435546875,54.87617492675781,45.23363494873047,54.87617492675781,-0.4882965087890625,45.64360046386719,55.364471435546875,12,random,"(1, 7)",0.25967712402344034
0.660808105468746,True,LEFT,5,medium,"(7, 1)",LEFT,random_medium_10,"(7, 5)",4,7,"(7, 6)",55.261634826660156,55.702880859375,44.79204177856445,55.702880859375,0.44124603271484375,54.45207595825195,55.261634826660156,12,random,"(1, 7)",-0.660808105468746
0.4457908630371108,True,LEFT,4,medium,"(7, 1)",LEFT,random_medium_10,"(7, 4)",3,8,"(7, 5)",55.336219787597656,55.608154296875,44.57694625854492,55.608154296875,0.27193450927734375,54.238067626953125,55.336219787597656,12,random,"(1, 7)",-0.4457908630371108
0.8680875015258778,True,LEFT,3,medium,"(7, 1)",LEFT,random_medium_10,"(7, 3)",2,9,"(7, 4)",55.58192825317383,55.72966003417969,45.195556640625,55.72966003417969,0.14773178100585938,55.39492416381836,55.58192825317383,12,random,"(1, 7)",-0.8680875015258778
1.3022667694091794,False,LEFT,2,medium,"(7, 1)",UP,random_medium_10,"(7, 2)",1,10,"(7, 3)",55.42583084106445,54.572044372558594,45.433780670166016,54.572044372558594,-0.8537864685058594,55.12460708618164,55.42583084106445,12,random,"(1, 7)",1.3022667694091794
3.0765769577026365,False,LEFT,1,medium,"(7, 1)",UP,random_medium_10,"(7, 1)",0,11,"(7, 2)",56.44879913330078,13.066576957702637,46.23598861694336,13.066576957702637,-43.382222175598145,47.78928756713867,56.44879913330078,12,random,"(1, 7)",-3.0765769577026365
2.481926269531243,True,UP,13,medium,"(4, 0)",UP,random_medium_11,"(1, 7)",12,0,"(2, 7)",60.13484573364258,63.140167236328125,56.662776947021484,60.13484573364258,3.005321502685547,57.157371520996094,63.140167236328125,13,random,"(2, 7)",2.481926269531243
0.7267790222167889,False,UP,12,medium,"(4, 0)",DOWN,random_medium_11,"(0, 7)",11,1,"(1, 7)",66.2950439453125,64.09442901611328,66.2950439453125,54.904415130615234,-2.2006149291992188,54.48591232299805,64.09442901611328,13,random,"(2, 7)",0.7267790222167889
2.5180401611328023,False,LEFT,11,medium,"(4, 0)",DOWN,random_medium_11,"(0, 6)",10,2,"(0, 7)",65.48606872558594,65.0840835571289,65.48606872558594,65.0840835571289,-0.40198516845703125,56.75516128540039,55.001487731933594,13,random,"(2, 7)",2.5180401611328023
0.7629244995117119,True,LEFT,10,medium,"(4, 0)",LEFT,random_medium_11,"(0, 5)",9,3,"(0, 6)",66.85806274414062,68.29507446289062,57.10506057739258,68.29507446289062,1.43701171875,66.85806274414062,56.030513763427734,13,random,"(2, 7)",0.7629244995117119
2.8636155700683474,True,DOWN,9,medium,"(4, 0)",DOWN,random_medium_11,"(1, 5)",8,4,"(0, 5)",66.72167205810547,69.76565551757812,69.76565551757812,59.32818603515625,3.0439834594726562,66.72167205810547,55.53417205810547,13,random,"(2, 7)",2.8636155700683474
1.3991654205322277,True,DOWN,8,medium,"(4, 0)",DOWN,random_medium_11,"(2, 5)",7,5,"(1, 5)",70.55065155029297,73.37300109863281,73.37300109863281,70.55065155029297,2.8223495483398438,52.629703521728516,68.63273620605469,13,random,"(2, 7)",-1.3991654205322277
0.23763801574708054,True,DOWN,7,medium,"(4, 0)",DOWN,random_medium_11,"(3, 5)",6,6,"(2, 5)",70.45377349853516,72.71094512939453,72.71094512939453,57.54954528808594,2.257171630859375,54.33148956298828,70.45377349853516,13,random,"(2, 7)",-0.23763801574708054
1.6855746459960983,True,DOWN,6,medium,"(4, 0)",DOWN,random_medium_11,"(4, 5)",5,7,"(3, 5)",72.48905181884766,73.21546173095703,73.21546173095703,69.81536865234375,0.726409912109375,68.80548095703125,72.48905181884766,13,random,"(2, 7)",-1.6855746459960983
0.8818251037597662,False,LEFT,5,medium,"(4, 0)",DOWN,random_medium_11,"(4, 4)",4,8,"(4, 5)",72.26251220703125,69.16748809814453,72.26251220703125,69.16748809814453,-3.0950241088867188,68.9991455078125,71.39664459228516,13,random,"(2, 7)",0.8818251037597662
0.46000709533691975,False,LEFT,4,medium,"(4, 0)",DOWN,random_medium_11,"(4, 3)",3,9,"(4, 4)",70.76698303222656,70.41387176513672,70.76698303222656,70.41387176513672,-0.35311126708984375,68.13145446777344,69.49422454833984,13,random,"(2, 7)",-0.46000709533691975
0.5677896881103521,True,LEFT,3,medium,"(4, 0)",LEFT,random_medium_11,"(4, 2)",2,10,"(4, 3)",70.61662292480469,70.67057037353516,70.61662292480469,70.67057037353516,0.05394744873046875,68.03131866455078,68.10812377929688,13,random,"(2, 7)",0.5677896881103521
1.6617938232421778,False,LEFT,2,medium,"(4, 0)",DOWN,random_medium_11,"(4, 1)",1,11,"(4, 2)",71.9680404663086,66.86779022216797,71.9680404663086,66.86779022216797,-5.100250244140625,70.34175109863281,71.77620697021484,13,random,"(2, 7)",1.6617938232421778
1.7822005844116209,False,LEFT,1,medium,"(4, 0)",DOWN,random_medium_11,"(4, 0)",0,12,"(4, 1)",69.23190307617188,11.772200584411621,69.23190307617188,11.772200584411621,-57.459702491760254,67.19425201416016,58.18787384033203,13,random,"(2, 7)",-1.7822005844116209
0.4265048217773426,False,UP,12,medium,"(1, 0)",LEFT,random_medium_12,"(5, 7)",11,0,"(6, 7)",65.85015106201172,64.38378143310547,59.670650482177734,65.85015106201172,-1.46636962890625,53.928951263427734,64.38378143310547,12,random,"(6, 7)",0.4265048217773426
2.115539703369137,False,UP,11,medium,"(1, 0)",DOWN,random_medium_12,"(4, 7)",10,1,"(5, 7)",65.47503662109375,65.42505645751953,65.47503662109375,59.812400817871094,-0.04998016357421875,56.96858215332031,65.42505645751953,12,random,"(6, 7)",2.115539703369137
0.37965965270996094,True,LEFT,10,medium,"(1, 0)",LEFT,random_medium_12,"(4, 6)",9,2,"(4, 7)",67.2567138671875,68.23292541503906,67.2567138671875,68.23292541503906,0.9762115478515625,57.24862289428711,58.50363540649414,12,random,"(6, 7)",0.37965965270996094
0.8246471405029183,False,UP,9,medium,"(1, 0)",LEFT,random_medium_12,"(3, 6)",8,3,"(4, 6)",69.31574249267578,66.06250762939453,58.20799255371094,69.31574249267578,-3.25323486328125,65.22784423828125,66.06250762939453,12,random,"(6, 7)",0.8246471405029183
0.8195255279540987,False,UP,8,medium,"(1, 0)",LEFT,random_medium_12,"(2, 6)",7,4,"(3, 6)",67.57288360595703,64.37369537353516,66.17146301269531,67.57288360595703,-3.199188232421875,56.239524841308594,64.37369537353516,12,random,"(6, 7)",0.8195255279540987
0.9607762908935484,False,UP,7,medium,"(1, 0)",DOWN,random_medium_12,"(1, 6)",6,5,"(2, 6)",65.8618392944336,64.47941589355469,65.8618392944336,65.74797821044922,-1.3824234008789062,64.46959686279297,64.47941589355469,12,random,"(6, 7)",0.9607762908935484
1.4837985992431584,False,LEFT,6,medium,"(1, 0)",DOWN,random_medium_12,"(1, 5)",5,6,"(1, 6)",66.1113052368164,65.82459259033203,66.1113052368164,65.82459259033203,-0.286712646484375,63.853389739990234,64.61878204345703,12,random,"(6, 7)",1.4837985992431584
1.4063339996337874,True,LEFT,5,medium,"(1, 0)",LEFT,random_medium_12,"(1, 4)",4,7,"(1, 5)",67.89431762695312,67.99837493896484,67.89431762695312,67.99837493896484,0.10405731201171875,66.06756591796875,67.18701934814453,12,random,"(6, 7)",1.4063339996337874
1.0924542999267572,True,LEFT,4,medium,"(1, 0)",LEFT,random_medium_12,"(1, 3)",3,8,"(1, 4)",69.1988754272461,70.1158676147461,69.1988754272461,70.1158676147461,0.9169921875,67.17765808105469,68.56710052490234,12,random,"(6, 7)",-1.0924542999267572
0.8042343902587845,True,LEFT,3,medium,"(1, 0)",LEFT,random_medium_12,"(1, 2)",2,9,"(1, 3)",68.12213897705078,69.73072052001953,68.12213897705078,69.73072052001953,1.60858154296875,67.85015106201172,66.3245849609375,12,random,"(6, 7)",0.8042343902587845
1.148323554992679,False,LEFT,2,medium,"(1, 0)",DOWN,random_medium_12,"(1, 1)",1,10,"(1, 2)",71.25753021240234,61.58808898925781,71.25753021240234,61.58808898925781,-9.669441223144531,67.10844421386719,69.8147964477539,12,random,"(6, 7)",1.148323554992679
1.3470056152343748,False,LEFT,1,medium,"(1, 0)",RIGHT,random_medium_12,"(1, 0)",0,11,"(1, 1)",63.38021469116211,11.337005615234375,58.760868072509766,11.337005615234375,-52.043209075927734,63.38021469116211,48.36077880859375,12,random,"(6, 7)",-1.3470056152343748
0.5874298477172886,False,DOWN,12,medium,"(5, 0)",LEFT,random_medium_13,"(1, 7)",11,0,"(0, 7)",59.86835479736328,59.6907958984375,59.6907958984375,59.86835479736328,-0.17755889892578125,47.94883728027344,47.597415924072266,12,random,"(0, 7)",0.5874298477172886
0.6213851928710952,True,DOWN,11,medium,"(5, 0)",DOWN,random_medium_13,"(2, 7)",10,1,"(1, 7)",60.4208984375,60.89719772338867,60.89719772338867,60.4208984375,0.4762992858886719,50.17494583129883,58.75679016113281,12,random,"(0, 7)",-0.6213851928710952
1.948146247863768,False,DOWN,10,medium,"(5, 0)",LEFT,random_medium_13,"(3, 7)",9,2,"(2, 7)",60.89476013183594,60.18941116333008,60.18941116333008,60.89476013183594,-0.7053489685058594,49.42323303222656,56.639503479003906,12,random,"(0, 7)",1.948146247863768
0.9364442443847665,True,DOWN,9,medium,"(5, 0)",DOWN,random_medium_13,"(4, 7)",8,3,"(3, 7)",58.56893539428711,62.77531051635742,62.77531051635742,49.83278274536133,4.2063751220703125,50.897525787353516,58.56893539428711,12,random,"(0, 7)",-0.9364442443847665
0.1541307830810581,False,DOWN,8,medium,"(5, 0)",LEFT,random_medium_13,"(5, 7)",7,4,"(4, 7)",62.473602294921875,60.61042022705078,60.61042022705078,62.473602294921875,-1.8631820678710938,49.89450454711914,58.44200897216797,12,random,"(0, 7)",0.1541307830810581
0.03355640411377436,True,LEFT,7,medium,"(5, 0)",LEFT,random_medium_13,"(5, 6)",6,5,"(5, 7)",61.06613540649414,61.38843536376953,61.06613540649414,61.38843536376953,0.3222999572753906,51.5527458190918,59.05914306640625,12,random,"(0, 7)",0.03355640411377436
1.1754587173461886,True,LEFT,6,medium,"(5, 0)",LEFT,random_medium_13,"(5, 5)",5,6,"(5, 6)",60.64572525024414,62.05251693725586,60.64572525024414,62.05251693725586,1.4067916870117188,59.8446044921875,60.395381927490234,12,random,"(0, 7)",-1.1754587173461886
0.7242311096191401,True,LEFT,5,medium,"(5, 0)",LEFT,random_medium_13,"(5, 4)",4,7,"(5, 5)",60.833763122558594,61.502079010009766,53.699466705322266,61.502079010009766,0.6683158874511719,58.3917121887207,60.833763122558594,12,random,"(0, 7)",0.7242311096191401
0.18713935852051122,False,LEFT,4,medium,"(5, 0)",UP,random_medium_13,"(5, 3)",3,8,"(5, 4)",62.864959716796875,62.40715026855469,62.313377380371094,62.40715026855469,-0.4578094482421875,60.35826873779297,62.864959716796875,12,random,"(0, 7)",0.18713935852051122
1.6980633926391562,False,LEFT,3,medium,"(5, 0)",UP,random_medium_13,"(5, 2)",2,9,"(5, 3)",63.236656188964844,61.480934143066406,61.979496002197266,61.480934143066406,-1.7557220458984375,61.56235122680664,63.236656188964844,12,random,"(0, 7)",-1.6980633926391562
0.6643938827514688,True,LEFT,2,medium,"(5, 0)",LEFT,random_medium_13,"(5, 1)",1,10,"(5, 2)",58.64582443237305,60.3968391418457,50.390953063964844,60.3968391418457,1.7510147094726562,58.64582443237305,51.091033935546875,12,random,"(0, 7)",0.6643938827514688
3.7014224624633787,False,LEFT,1,medium,"(5, 0)",RIGHT,random_medium_13,"(5, 0)",0,11,"(5, 1)",61.688114166259766,13.691422462463379,53.5301628112793,13.691422462463379,-47.99669170379639,61.688114166259766,55.10143280029297,12,random,"(0, 7)",-3.7014224624633787
1.6436164093017567,True,DOWN,13,medium,"(6, 1)",DOWN,random_medium_14,"(1, 6)",12,0,"(0, 6)",64.33749389648438,66.00115966796875,66.00115966796875,57.14637756347656,1.663665771484375,64.33749389648438,56.42082977294922,13,random,"(0, 6)",1.6436164093017567
0.6724937438964815,False,DOWN,12,medium,"(6, 1)",LEFT,random_medium_14,"(2, 6)",11,1,"(1, 6)",68.3381576538086,66.203369140625,66.203369140625,68.3381576538086,-2.1347885131835938,58.68782424926758,64.8571548461914,13,random,"(0, 6)",0.6724937438964815
0.4646696472168088,False,DOWN,11,medium,"(6, 1)",LEFT,random_medium_14,"(3, 6)",10,2,"(2, 6)",67.56147766113281,66.57410430908203,66.57410430908203,67.56147766113281,-0.9873733520507812,66.30052185058594,66.3403549194336,13,random,"(0, 6)",-0.4646696472168088
1.7685120391845714,False,DOWN,10,medium,"(6, 1)",LEFT,random_medium_14,"(4, 6)",9,3,"(3, 6)",66.78730773925781,65.75970458984375,65.75970458984375,66.78730773925781,-1.0276031494140625,66.37564086914062,65.45696258544922,13,random,"(0, 6)",1.7685120391845714
0.7788980102538972,False,DOWN,9,medium,"(6, 1)",LEFT,random_medium_14,"(5, 6)",8,4,"(4, 6)",68.22042083740234,67.61920166015625,67.61920166015625,68.22042083740234,-0.6012191772460938,67.64866638183594,67.59134674072266,13,random,"(0, 6)",0.7788980102538972
0.6585741424560609,False,DOWN,8,medium,"(6, 1)",RIGHT,random_medium_14,"(6, 6)",7,5,"(5, 6)",69.09909057617188,68.74046325683594,68.74046325683594,59.382625579833984,-0.3586273193359375,69.09909057617188,68.13922882080078,13,random,"(0, 6)",-0.6585741424560609
0.5050624847412024,False,DOWN,7,medium,"(6, 1)",UP,random_medium_14,"(7, 6)",6,6,"(6, 6)",68.7796859741211,65.36363220214844,65.36363220214844,67.6379623413086,-3.4160537719726562,55.38101577758789,68.7796859741211,13,random,"(0, 6)",0.5050624847412024
1.8055153656005984,False,LEFT,6,medium,"(6, 1)",UP,random_medium_14,"(7, 5)",5,7,"(7, 6)",66.54413604736328,66.13493347167969,56.688350677490234,66.13493347167969,-0.40920257568359375,64.79946899414062,66.54413604736328,13,random,"(0, 6)",-1.8055153656005984
1.1053523254394548,True,LEFT,5,medium,"(6, 1)",LEFT,random_medium_14,"(7, 4)",4,8,"(7, 5)",64.43045806884766,64.98931121826172,55.1474494934082,64.98931121826172,0.5588531494140625,64.24955749511719,64.43045806884766,13,random,"(0, 6)",-1.1053523254394548
2.9694588470458996,False,LEFT,4,medium,"(6, 1)",UP,random_medium_14,"(7, 3)",3,9,"(7, 4)",64.53935241699219,63.76621627807617,54.88258743286133,63.76621627807617,-0.7731361389160156,64.28694152832031,64.53935241699219,13,random,"(0, 6)",-2.9694588470458996
2.1558444213867176,False,LEFT,3,medium,"(6, 1)",UP,random_medium_14,"(7, 2)",2,10,"(7, 3)",61.42096710205078,54.445491790771484,51.071651458740234,54.445491790771484,-6.975475311279297,60.88075637817383,61.42096710205078,13,random,"(0, 6)",-2.1558444213867176
0.3162332153320335,True,LEFT,2,medium,"(6, 1)",LEFT,random_medium_14,"(7, 1)",1,11,"(7, 2)",51.821712493896484,52.82792663574219,42.96705627441406,52.82792663574219,1.0062141418457031,51.821712493896484,39.15008544921875,13,random,"(0, 6)",0.3162332153320335
3.6696603393554685,False,UP,1,medium,"(6, 1)",LEFT,random_medium_14,"(6, 1)",0,12,"(7, 1)",53.691070556640625,13.659660339355469,33.071903228759766,53.691070556640625,-40.031410217285156,44.798831939697266,13.659660339355469,13,random,"(0, 6)",-3.6696603393554685
1.5340510559082077,True,UP,12,medium,"(2, 7)",UP,random_medium_15,"(6, 4)",11,0,"(7, 4)",73.35208129882812,75.20410919189453,62.43476104736328,70.78910827636719,1.8520278930664062,73.35208129882812,75.20410919189453,12,random,"(7, 4)",-1.5340510559082077
2.2267830657958996,False,LEFT,11,medium,"(2, 7)",RIGHT,random_medium_15,"(6, 3)",10,1,"(6, 4)",74.42430114746094,73.91234588623047,71.3858642578125,73.91234588623047,-0.5119552612304688,74.42430114746094,65.7460708618164,12,random,"(7, 4)",2.2267830657958996
3.3795117187500097,True,UP,10,medium,"(2, 7)",UP,random_medium_15,"(5, 3)",9,2,"(6, 3)",75.40628814697266,76.9183120727539,73.02456665039062,74.70916748046875,1.51202392578125,75.40628814697266,76.9183120727539,12,random,"(7, 4)",-3.3795117187500097
0.16106086730955838,True,UP,9,medium,"(2, 7)",UP,random_medium_15,"(4, 3)",8,3,"(5, 3)",74.12511444091797,74.29171752929688,72.97161102294922,74.12511444091797,0.16660308837890625,63.17171859741211,74.29171752929688,12,random,"(7, 4)",0.16106086730955838
0.33673599243164176,True,UP,8,medium,"(2, 7)",UP,random_medium_15,"(3, 3)",7,4,"(4, 3)",74.59850311279297,75.21492767333984,74.59850311279297,74.46402740478516,0.616424560546875,63.61600875854492,75.21492767333984,12,random,"(7, 4)",-0.33673599243164176
0.8572084808349558,False,UP,7,medium,"(2, 7)",DOWN,random_medium_15,"(2, 3)",6,5,"(3, 3)",75.64463806152344,75.52730560302734,75.64463806152344,73.8995132446289,-0.11733245849609375,62.25398635864258,75.52730560302734,12,random,"(7, 4)",0.8572084808349558
0.4790676879882909,False,UP,6,medium,"(2, 7)",RIGHT,random_medium_15,"(1, 3)",5,6,"(2, 3)",77.16617584228516,76.64408111572266,76.98417663574219,76.55745697021484,-0.5220947265625,77.16617584228516,76.64408111572266,12,random,"(7, 4)",-0.4790676879882909
0.17810661315918708,False,RIGHT,5,medium,"(2, 7)",DOWN,random_medium_15,"(1, 4)",4,7,"(1, 3)",76.9444580078125,76.93711853027344,76.9444580078125,75.8532485961914,-0.0073394775390625,76.93711853027344,66.03044128417969,12,random,"(7, 4)",-0.17810661315918708
0.01621131896972372,True,RIGHT,4,medium,"(2, 7)",RIGHT,random_medium_15,"(1, 5)",3,8,"(1, 4)",77.34131622314453,77.5444564819336,77.34131622314453,76.35848236083984,0.2031402587890625,77.5444564819336,74.7292251586914,12,random,"(7, 4)",0.01621131896972372
4.024953994750987,False,RIGHT,3,medium,"(2, 7)",LEFT,random_medium_15,"(1, 6)",2,9,"(1, 5)",78.35420989990234,77.88809204101562,67.68527221679688,78.35420989990234,-0.46611785888671875,77.88809204101562,75.47441101074219,12,random,"(7, 4)",-4.024953994750987
1.178046646118176,False,DOWN,2,medium,"(2, 7)",UP,random_medium_15,"(2, 6)",1,10,"(1, 6)",74.61933135986328,71.37049865722656,71.37049865722656,74.1650619506836,-3.2488327026367188,66.14989471435547,74.61933135986328,12,random,"(7, 4)",-1.178046646118176
4.669569721221924,False,RIGHT,1,medium,"(2, 7)",DOWN,random_medium_15,"(2, 7)",0,11,"(2, 6)",70.91156768798828,5.320430278778076,70.91156768798828,60.7091064453125,-65.5911374092102,5.320430278778076,70.66786193847656,12,random,"(7, 4)",4.669569721221924
6.550911331176756,False,UP,13,medium,"(7, 6)",LEFT,random_medium_16,"(0, 1)",12,0,"(1, 1)",56.41545867919922,51.64647674560547,44.1025505065918,56.41545867919922,-4.76898193359375,45.88618469238281,51.64647674560547,13,random,"(1, 1)",6.550911331176756
1.9778599929809602,False,RIGHT,12,medium,"(7, 6)",LEFT,random_medium_16,"(0, 2)",11,1,"(0, 1)",58.79534149169922,56.43478012084961,54.464691162109375,58.79534149169922,-2.3605613708496094,56.43478012084961,42.407310485839844,13,random,"(1, 1)",1.9778599929809602
1.3005572128295881,True,RIGHT,11,medium,"(7, 6)",RIGHT,random_medium_16,"(0, 3)",10,2,"(0, 2)",58.915557861328125,59.01276779174805,48.648712158203125,58.915557861328125,0.09720993041992188,59.01276779174805,47.3650016784668,13,random,"(1, 1)",1.3005572128295881
0.0388695526123044,True,DOWN,10,medium,"(7, 6)",DOWN,random_medium_16,"(1, 3)",9,3,"(0, 3)",59.660099029541016,60.93265151977539,60.93265151977539,59.660099029541016,1.272552490234375,59.449771881103516,50.26643753051758,13,random,"(1, 1)",0.0388695526123044
0.11983413696288636,True,DOWN,9,medium,"(7, 6)",DOWN,random_medium_16,"(2, 3)",8,4,"(1, 3)",60.58695983886719,61.597496032714844,61.597496032714844,52.43223190307617,1.0105361938476562,60.46480178833008,60.58695983886719,13,random,"(1, 1)",-0.11983413696288636
1.4996748352050773,False,DOWN,8,medium,"(7, 6)",UP,random_medium_16,"(3, 3)",7,5,"(2, 3)",62.10874938964844,60.236846923828125,60.236846923828125,61.82798385620117,-1.8719024658203125,61.32468032836914,62.10874938964844,13,random,"(1, 1)",1.4996748352050773
1.407722740173341,False,DOWN,7,medium,"(7, 6)",LEFT,random_medium_16,"(4, 3)",6,6,"(3, 3)",62.37022399902344,62.32278060913086,62.32278060913086,62.37022399902344,-0.047443389892578125,52.04669189453125,60.565818786621094,13,random,"(1, 1)",-1.407722740173341
2.5484524917602513,False,DOWN,6,medium,"(7, 6)",LEFT,random_medium_16,"(5, 3)",5,7,"(4, 3)",61.540462493896484,60.42695999145508,60.42695999145508,61.540462493896484,-1.1135025024414062,61.222904205322266,59.33662414550781,13,random,"(1, 1)",-2.5484524917602513
2.7531303405761705,True,RIGHT,5,medium,"(7, 6)",RIGHT,random_medium_16,"(5, 4)",4,8,"(5, 3)",56.426719665527344,58.47323989868164,51.79537582397461,56.426719665527344,2.046520233154297,58.47323989868164,55.70368194580078,13,random,"(1, 1)",2.7531303405761705
1.1308349609374986,False,DOWN,4,medium,"(7, 6)",LEFT,random_medium_16,"(6, 4)",3,9,"(5, 4)",61.85491943359375,56.40241622924805,56.40241622924805,61.85491943359375,-5.452503204345703,52.19540786743164,56.74604415893555,13,random,"(1, 1)",-1.1308349609374986
0.5165683364868201,False,DOWN,3,medium,"(7, 6)",UP,random_medium_16,"(7, 4)",2,10,"(6, 4)",55.83998107910156,53.53258514404297,53.53258514404297,49.81825637817383,-2.3073959350585938,45.31953811645508,55.83998107910156,13,random,"(1, 1)",0.5165683364868201
1.2380809402465829,False,RIGHT,2,medium,"(7, 6)",UP,random_medium_16,"(7, 5)",1,11,"(7, 4)",54.60520553588867,49.362876892089844,45.50885009765625,51.83373260498047,-5.242328643798828,49.362876892089844,54.60520553588867,13,random,"(1, 1)",-1.2380809402465829
6.978715667724609,False,RIGHT,1,medium,"(7, 6)",LEFT,random_medium_16,"(7, 6)",0,12,"(7, 5)",48.62100601196289,16.96871566772461,40.55644607543945,48.62100601196289,-31.65229034423828,16.96871566772461,34.88414764404297,13,random,"(1, 1)",-6.978715667724609
1.0273019790649442,True,UP,13,medium,"(0, 6)",UP,random_medium_17,"(6, 0)",12,0,"(7, 0)",51.19453811645508,57.53001022338867,45.90019989013672,48.39031219482422,6.335472106933594,51.19453811645508,57.53001022338867,13,random,"(7, 0)",1.0273019790649442
1.4389604187011713,True,UP,12,medium,"(0, 6)",UP,random_medium_17,"(5, 0)",11,1,"(6, 0)",56.98878860473633,59.15890121459961,56.98878860473633,49.91948699951172,2.1701126098632812,50.4023551940918,59.15890121459961,13,random,"(7, 0)",1.4389604187011713
1.7900572586059553,True,UP,11,medium,"(0, 6)",UP,random_medium_17,"(4, 0)",10,2,"(5, 0)",59.72043228149414,61.220062255859375,56.73382568359375,49.52154541015625,1.4996299743652344,59.72043228149414,61.220062255859375,13,random,"(7, 0)",-1.7900572586059553
0.41068878173827983,True,UP,10,medium,"(0, 6)",UP,random_medium_17,"(3, 0)",9,3,"(4, 0)",58.29126739501953,60.040409088134766,58.29126739501953,49.48050308227539,1.7491416931152344,51.173065185546875,60.040409088134766,13,random,"(7, 0)",-0.41068878173827983
0.3853733825683605,True,UP,9,medium,"(0, 6)",UP,random_medium_17,"(2, 0)",8,4,"(3, 0)",59.43071365356445,60.24214172363281,58.318756103515625,50.001319885253906,0.8114280700683594,59.43071365356445,60.24214172363281,13,random,"(7, 0)",0.3853733825683605
0.5001738357543957,True,UP,8,medium,"(0, 6)",UP,random_medium_17,"(1, 0)",7,5,"(2, 0)",60.75053024291992,61.25001525878906,60.75053024291992,50.15461349487305,0.4994850158691406,52.23006820678711,61.25001525878906,13,random,"(7, 0)",0.5001738357543957
1.1929774475097616,True,RIGHT,7,medium,"(0, 6)",RIGHT,random_medium_17,"(1, 1)",6,6,"(1, 0)",60.603858947753906,62.384029388427734,60.603858947753906,50.75159454345703,1.7801704406738281,62.384029388427734,60.068031311035156,13,random,"(7, 0)",-1.1929774475097616
2.187928237915031,True,RIGHT,6,medium,"(0, 6)",RIGHT,random_medium_17,"(1, 2)",5,7,"(1, 1)",60.20423126220703,61.819244384765625,51.21525192260742,60.20423126220703,1.6150131225585938,61.819244384765625,51.45057678222656,13,random,"(7, 0)",2.187928237915031
0.5649438476562523,False,UP,5,medium,"(0, 6)",RIGHT,random_medium_17,"(0, 2)",4,8,"(1, 2)",64.66381072998047,63.02628707885742,64.43063354492188,61.568138122558594,-1.6375236511230469,64.66381072998047,63.02628707885742,13,random,"(7, 0)",0.5649438476562523
1.1997206878662041,False,RIGHT,4,medium,"(0, 6)",DOWN,random_medium_17,"(0, 3)",3,9,"(0, 2)",64.24366760253906,62.9855842590332,64.24366760253906,51.621498107910156,-1.2580833435058594,62.9855842590332,52.3460693359375,13,random,"(7, 0)",1.1997206878662041
2.5302714538574236,False,RIGHT,3,medium,"(0, 6)",DOWN,random_medium_17,"(0, 4)",2,10,"(0, 3)",64.84374237060547,60.97491455078125,64.84374237060547,60.848060607910156,-3.8688278198242188,60.97491455078125,53.589698791503906,13,random,"(7, 0)",2.5302714538574236
3.7734772491455075,False,RIGHT,2,medium,"(0, 6)",DOWN,random_medium_17,"(0, 5)",1,11,"(0, 4)",64.15675354003906,59.60408401489258,64.15675354003906,60.95305252075195,-4.552669525146484,59.60408401489258,53.33673095703125,13,random,"(7, 0)",3.7734772491455075
3.2449281120300295,False,RIGHT,1,medium,"(0, 6)",DOWN,random_medium_17,"(0, 6)",0,12,"(0, 5)",64.02783966064453,6.745071887969971,64.02783966064453,42.47265625,-57.28276777267456,6.745071887969971,41.904205322265625,13,random,"(7, 0)",3.2449281120300295
1.940016174316412,True,DOWN,12,medium,"(6, 7)",DOWN,random_medium_18,"(2, 0)",11,0,"(1, 0)",64.68069458007812,66.41618347167969,66.41618347167969,54.43318176269531,1.7354888916015625,64.68069458007812,53.10443115234375,12,random,"(1, 0)",-1.940016174316412
0.6014566802978578,True,DOWN,11,medium,"(6, 7)",DOWN,random_medium_18,"(3, 0)",10,1,"(2, 0)",64.56331634521484,65.13754272460938,65.13754272460938,54.036521911621094,0.5742263793945312,64.56331634521484,62.337955474853516,12,random,"(1, 0)",-0.6014566802978578
0.3545166015625085,True,DOWN,10,medium,"(6, 7)",DOWN,random_medium_18,"(4, 0)",9,2,"(3, 0)",63.69244384765625,65.19806671142578,65.19806671142578,53.1988639831543,1.5056228637695312,63.69244384765625,62.51203918457031,12,random,"(1, 0)",-0.3545166015625085
0.6805853271484494,True,DOWN,9,medium,"(6, 7)",DOWN,random_medium_18,"(5, 0)",8,3,"(4, 0)",64.59286499023438,65.50863647460938,65.50863647460938,53.517826080322266,0.915771484375,64.59286499023438,61.952789306640625,12,random,"(1, 0)",-0.6805853271484494
1.4094159698486237,True,RIGHT,8,medium,"(6, 7)",RIGHT,random_medium_18,"(5, 1)",7,4,"(5, 0)",65.00782012939453,65.49298095703125,65.00782012939453,54.09082794189453,0.48516082763671875,65.49298095703125,63.25895690917969,12,random,"(1, 0)",1.4094159698486237
1.30276718139649,True,RIGHT,7,medium,"(6, 7)",RIGHT,random_medium_18,"(5, 2)",6,5,"(5, 1)",66.265625,67.5882797241211,66.265625,65.74341583251953,1.3226547241210938,67.5882797241211,65.44813537597656,12,random,"(1, 0)",-1.30276718139649
0.2692897033691395,True,RIGHT,6,medium,"(6, 7)",RIGHT,random_medium_18,"(5, 3)",5,6,"(5, 2)",65.32467651367188,66.96516418457031,56.543575286865234,65.32467651367188,1.6404876708984375,66.96516418457031,64.49056243896484,12,random,"(1, 0)",0.2692897033691395
0.10961486816405852,False,RIGHT,5,medium,"(6, 7)",LEFT,random_medium_18,"(5, 4)",4,7,"(5, 3)",67.92369079589844,67.82266998291016,66.821533203125,67.92369079589844,-0.10102081298828125,67.82266998291016,64.1143569946289,12,random,"(1, 0)",0.10961486816405852
0.9725598907470641,False,RIGHT,4,medium,"(6, 7)",DOWN,random_medium_18,"(5, 5)",3,8,"(5, 4)",68.62857055664062,67.84953308105469,68.62857055664062,66.78768920898438,-0.7790374755859375,67.84953308105469,66.50293731689453,12,random,"(1, 0)",0.9725598907470641
1.6052953338623013,True,RIGHT,3,medium,"(6, 7)",RIGHT,random_medium_18,"(5, 6)",2,9,"(5, 5)",69.0915298461914,69.5273666381836,69.0915298461914,67.48088836669922,0.4358367919921875,69.5273666381836,67.43975067138672,12,random,"(1, 0)",1.6052953338623013
0.810550003051759,False,RIGHT,2,medium,"(6, 7)",UP,random_medium_18,"(5, 7)",1,10,"(5, 6)",71.86127471923828,65.33702850341797,59.06491470336914,69.89545440673828,-6.5242462158203125,65.33702850341797,71.86127471923828,12,random,"(1, 0)",-0.810550003051759
8.78823257446289,False,DOWN,1,medium,"(6, 7)",LEFT,random_medium_18,"(6, 7)",0,11,"(5, 7)",65.18836212158203,18.77823257446289,18.77823257446289,65.18836212158203,-46.41012954711914,56.85922622680664,43.084617614746094,12,random,"(1, 0)",-8.78823257446289
0.7068368530273403,False,UP,12,medium,"(0, 6)",RIGHT,random_medium_19,"(5, 0)",11,0,"(6, 0)",67.15924072265625,65.29934692382812,63.67449188232422,56.3400764465332,-1.859893798828125,67.15924072265625,65.29934692382812,12,random,"(6, 0)",0.7068368530273403
0.8356172943115183,False,UP,11,medium,"(0, 6)",RIGHT,random_medium_19,"(4, 0)",10,1,"(5, 0)",66.68301391601562,65.09691619873047,65.24617004394531,55.098392486572266,-1.5860977172851562,66.68301391601562,65.09691619873047,12,random,"(6, 0)",0.8356172943115183
1.8839067077636713,False,UP,10,medium,"(0, 6)",RIGHT,random_medium_19,"(3, 0)",9,2,"(4, 0)",66.6086196899414,64.16389465332031,64.92031860351562,54.69660186767578,-2.4447250366210938,66.6086196899414,64.16389465332031,12,random,"(6, 0)",1.8839067077636713
0.11613067626953466,True,RIGHT,9,medium,"(0, 6)",RIGHT,random_medium_19,"(3, 1)",8,3,"(3, 0)",64.79842376708984,66.72505187988281,64.79842376708984,52.737762451171875,1.9266281127929688,66.72505187988281,64.0458755493164,12,random,"(6, 0)",-0.11613067626953466
1.8513150787353538,True,RIGHT,8,medium,"(0, 6)",RIGHT,random_medium_19,"(3, 2)",7,4,"(3, 1)",66.58941650390625,67.29183959960938,66.58941650390625,65.3764877319336,0.702423095703125,67.29183959960938,57.14372253417969,12,random,"(6, 0)",-1.8513150787353538
1.0360379791259646,False,UP,7,medium,"(0, 6)",LEFT,random_medium_19,"(2, 2)",6,5,"(3, 2)",66.11164093017578,65.96334075927734,65.52851867675781,66.11164093017578,-0.1483001708984375,56.20998001098633,65.96334075927734,12,random,"(6, 0)",1.0360379791259646
2.3897087097167855,False,UP,6,medium,"(0, 6)",DOWN,random_medium_19,"(1, 2)",5,6,"(2, 2)",67.68624114990234,66.73259735107422,67.68624114990234,53.12806701660156,-0.953643798828125,56.988468170166016,66.73259735107422,12,random,"(6, 0)",2.3897087097167855
0.6018074035644645,True,UP,5,medium,"(0, 6)",UP,random_medium_19,"(0, 2)",4,7,"(1, 2)",69.55162048339844,69.83061218261719,69.55162048339844,59.35626220703125,0.27899169921875,69.14537811279297,69.83061218261719,12,random,"(6, 0)",-0.6018074035644645
1.4962896728515602,True,RIGHT,4,medium,"(0, 6)",RIGHT,random_medium_19,"(0, 3)",3,8,"(0, 2)",69.01712036132812,69.93818664550781,69.01712036132812,63.580780029296875,0.9210662841796875,69.93818664550781,58.48942565917969,12,random,"(6, 0)",1.4962896728515602
1.6775965881347759,True,RIGHT,3,medium,"(0, 6)",RIGHT,random_medium_19,"(0, 4)",2,9,"(0, 3)",69.29733276367188,72.1661376953125,69.29733276367188,65.43592071533203,2.868804931640625,72.1661376953125,58.44515609741211,12,random,"(6, 0)",-1.6775965881347759
1.025801849365223,True,RIGHT,2,medium,"(0, 6)",RIGHT,random_medium_19,"(0, 5)",1,10,"(0, 4)",69.10868835449219,71.21064758300781,69.10868835449219,66.07486724853516,2.101959228515625,71.21064758300781,57.61030578613281,12,random,"(6, 0)",1.025801849365223
0.1827924346923826,False,RIGHT,1,medium,"(0, 6)",DOWN,random_medium_19,"(0, 6)",0,11,"(0, 5)",72.97621154785156,10.172792434692383,72.97621154785156,45.05654525756836,-62.80341911315918,10.172792434692383,46.313541412353516,12,random,"(6, 0)",-0.1827924346923826
0.3941175842285105,True,UP,12,medium,"(2, 7)",UP,random_medium_20,"(6, 0)",11,0,"(7, 0)",76.10122680664062,80.68785858154297,67.00924682617188,66.19515228271484,4.586631774902344,76.10122680664062,80.68785858154297,12,random,"(7, 0)",0.3941175842285105
0.9329357910156375,True,UP,11,medium,"(2, 7)",UP,random_medium_20,"(5, 0)",10,1,"(6, 0)",78.96537017822266,81.91108703613281,78.31532287597656,70.00025177001953,2.9457168579101562,78.96537017822266,81.91108703613281,12,random,"(7, 0)",-0.9329357910156375
2.2045455169677695,True,RIGHT,10,medium,"(2, 7)",RIGHT,random_medium_20,"(5, 1)",9,2,"(5, 0)",80.29220581054688,81.80621337890625,80.29220581054688,72.97820281982422,1.514007568359375,81.80621337890625,71.7261962890625,12,random,"(7, 0)",2.2045455169677695
0.006940231323241619,False,UP,9,medium,"(2, 7)",LEFT,random_medium_20,"(4, 1)",8,3,"(5, 1)",84.86945343017578,82.7433853149414,81.24253845214844,84.86945343017578,-2.126068115234375,82.79940795898438,82.7433853149414,12,random,"(7, 0)",-0.006940231323241619
0.8489194488525413,True,UP,8,medium,"(2, 7)",UP,random_medium_20,"(3, 1)",7,4,"(4, 1)",80.80657196044922,83.58226776123047,80.80657196044922,71.96585083007812,2.77569580078125,73.30070495605469,83.58226776123047,12,random,"(7, 0)",-0.8489194488525413
1.1970483398437608,True,UP,7,medium,"(2, 7)",UP,random_medium_20,"(2, 1)",6,5,"(3, 1)",82.79986572265625,83.57913970947266,81.74557495117188,74.21187591552734,0.7792739868164062,82.79986572265625,83.57913970947266,12,random,"(7, 0)",-1.1970483398437608
0.12605834960938012,True,RIGHT,6,medium,"(2, 7)",RIGHT,random_medium_20,"(2, 2)",5,6,"(2, 1)",81.79092407226562,83.22433471679688,81.79092407226562,81.5679702758789,1.43341064453125,83.22433471679688,79.12699127197266,12,random,"(7, 0)",-0.12605834960938012
1.0658663177490268,True,RIGHT,5,medium,"(2, 7)",RIGHT,random_medium_20,"(2, 3)",4,7,"(2, 2)",82.81743621826172,83.94775390625,81.05166625976562,82.81743621826172,1.1303176879882812,83.94775390625,79.41863250732422,12,random,"(7, 0)",-1.0658663177490268
1.3206514739990212,False,RIGHT,4,medium,"(2, 7)",LEFT,random_medium_20,"(2, 4)",3,8,"(2, 3)",83.72917938232422,82.44671630859375,81.76782989501953,83.72917938232422,-1.2824630737304688,82.44671630859375,81.20113372802734,12,random,"(7, 0)",1.3206514739990212
0.4317346954345709,False,RIGHT,3,medium,"(2, 7)",UP,random_medium_20,"(2, 5)",2,9,"(2, 4)",84.62360382080078,80.96705627441406,84.59271240234375,83.13219451904297,-3.6565475463867188,80.96705627441406,84.62360382080078,12,random,"(7, 0)",0.4317346954345709
6.576059417724608,False,RIGHT,2,medium,"(2, 7)",DOWN,random_medium_20,"(2, 6)",1,10,"(2, 5)",82.2311019897461,79.3221664428711,82.2311019897461,81.95451354980469,-2.908935546875,79.3221664428711,77.49539184570312,12,random,"(7, 0)",6.576059417724608
5.03703857421875,False,RIGHT,1,medium,"(2, 7)",DOWN,random_medium_20,"(2, 7)",0,11,"(2, 6)",86.77598571777344,15.02703857421875,86.77598571777344,83.3174057006836,-71.74894714355469,15.02703857421875,73.5734634399414,12,random,"(7, 0)",-5.03703857421875
1.1133266448974624,True,DOWN,12,medium,"(7, 6)",DOWN,random_medium_21,"(1, 1)",11,0,"(0, 1)",49.93253707885742,50.477439880371094,50.477439880371094,49.306541442871094,0.5449028015136719,49.93253707885742,41.843788146972656,12,random,"(0, 1)",1.1133266448974624
1.0423608398437452,True,RIGHT,11,medium,"(7, 6)",RIGHT,random_medium_21,"(1, 2)",10,1,"(1, 1)",51.464111328125,52.121986389160156,51.464111328125,48.84425354003906,0.6578750610351562,52.121986389160156,50.59649658203125,12,random,"(0, 1)",-1.0423608398437452
1.0142099380493121,True,RIGHT,10,medium,"(7, 6)",RIGHT,random_medium_21,"(1, 3)",9,2,"(1, 2)",51.26338577270508,51.605682373046875,51.26338577270508,48.52142333984375,0.3422966003417969,51.605682373046875,50.33158874511719,12,random,"(0, 1)",-1.0142099380493121
1.2857716751098636,True,RIGHT,9,medium,"(7, 6)",RIGHT,random_medium_21,"(1, 4)",8,3,"(1, 3)",50.48920440673828,51.11259841918945,44.061309814453125,50.48920440673828,0.6233940124511719,51.11259841918945,38.66388702392578,12,random,"(0, 1)",-1.2857716751098636
4.375780143737792,True,RIGHT,8,medium,"(7, 6)",RIGHT,random_medium_21,"(1, 5)",7,4,"(1, 4)",49.86436462402344,50.34022903442383,44.86579895019531,49.86436462402344,0.4758644104003906,50.34022903442383,38.326942443847656,12,random,"(0, 1)",4.375780143737792
1.1478322601318354,True,DOWN,7,medium,"(7, 6)",DOWN,random_medium_21,"(2, 5)",6,5,"(1, 5)",50.6815071105957,55.2787971496582,55.2787971496582,50.6815071105957,4.5972900390625,48.029239654541016,38.273216247558594,12,random,"(0, 1)",-1.1478322601318354
0.6478744125366163,True,DOWN,6,medium,"(7, 6)",DOWN,random_medium_21,"(3, 5)",5,6,"(2, 5)",50.21614074707031,54.687843322753906,54.687843322753906,41.47224044799805,4.471702575683594,43.818172454833984,50.21614074707031,12,random,"(0, 1)",-0.6478744125366163
0.23635738372802706,True,DOWN,5,medium,"(7, 6)",DOWN,random_medium_21,"(4, 5)",4,7,"(3, 5)",52.076759338378906,54.59592819213867,54.59592819213867,51.72486877441406,2.5191688537597656,51.477474212646484,52.076759338378906,12,random,"(0, 1)",-0.23635738372802706
0.767309494018555,True,DOWN,4,medium,"(7, 6)",DOWN,random_medium_21,"(5, 5)",3,8,"(4, 5)",51.51175308227539,54.918758392333984,54.918758392333984,51.51175308227539,3.4070053100585938,43.25374221801758,51.075992584228516,12,random,"(0, 1)",-0.767309494018555
1.734638671875004,True,DOWN,3,medium,"(7, 6)",DOWN,random_medium_21,"(6, 5)",2,9,"(5, 5)",54.07060241699219,54.708534240722656,54.708534240722656,54.067169189453125,0.6379318237304688,51.000179290771484,54.07060241699219,12,random,"(0, 1)",1.734638671875004
4.448380737304689,False,DOWN,2,medium,"(7, 6)",UP,random_medium_21,"(7, 5)",1,10,"(6, 5)",57.023406982421875,55.61265182495117,55.61265182495117,53.41680908203125,-1.4107551574707031,45.31256103515625,57.023406982421875,12,random,"(0, 1)",4.448380737304689
3.6648270988464358,False,RIGHT,1,medium,"(7, 6)",UP,random_medium_21,"(7, 6)",0,11,"(7, 5)",60.67781066894531,6.3251729011535645,45.131954193115234,49.430328369140625,-54.35263776779175,6.3251729011535645,60.67781066894531,12,random,"(0, 1)",3.6648270988464358
0.21033729553222713,True,RIGHT,12,medium,"(6, 7)",RIGHT,random_medium_22,"(1, 1)",11,0,"(1, 0)",65.2911605834961,66.93348693847656,56.82966232299805,56.649864196777344,1.6423263549804688,66.93348693847656,65.2911605834961,12,random,"(1, 0)",0.21033729553222713
0.4269618225097531,True,DOWN,11,medium,"(6, 7)",DOWN,random_medium_22,"(2, 1)",10,1,"(1, 1)",67.79524230957031,67.83214569091797,67.83214569091797,66.63577270507812,0.03690338134765625,67.79524230957031,67.39370727539062,12,random,"(1, 0)",0.4269618225097531
0.349115524292003,True,DOWN,10,medium,"(6, 7)",DOWN,random_medium_22,"(3, 1)",9,2,"(2, 1)",67.41785430908203,68.95869445800781,68.95869445800781,59.04962921142578,1.5408401489257812,67.41785430908203,67.3867416381836,12,random,"(1, 0)",-0.349115524292003
1.0016405487060638,False,DOWN,9,medium,"(6, 7)",RIGHT,random_medium_22,"(4, 1)",8,3,"(3, 1)",69.31270599365234,69.01585388183594,69.01585388183594,65.61858367919922,-0.29685211181640625,69.31270599365234,67.7936782836914,12,random,"(1, 0)",-1.0016405487060638
1.5714548492431533,False,RIGHT,8,medium,"(6, 7)",UP,random_medium_22,"(4, 2)",7,4,"(4, 1)",68.7113265991211,68.6763916015625,67.9802474975586,67.64844512939453,-0.03493499755859375,68.6763916015625,68.7113265991211,12,random,"(1, 0)",1.5714548492431533
0.8700196838378957,True,RIGHT,7,medium,"(6, 7)",RIGHT,random_medium_22,"(4, 3)",6,5,"(4, 2)",70.00800323486328,70.96752166748047,59.931575775146484,69.29596710205078,0.9595184326171875,70.96752166748047,70.00800323486328,12,random,"(1, 0)",-0.8700196838378957
1.100524291992187,True,DOWN,6,medium,"(6, 7)",DOWN,random_medium_22,"(5, 3)",5,6,"(4, 3)",70.80951690673828,70.81565856933594,70.81565856933594,69.80455780029297,0.00614166259765625,70.80951690673828,68.79496765136719,12,random,"(1, 0)",1.100524291992187
0.14404357910156307,True,RIGHT,5,medium,"(6, 7)",RIGHT,random_medium_22,"(5, 4)",4,7,"(5, 3)",71.3434829711914,72.6527099609375,70.87567138671875,59.16009521484375,1.3092269897460938,72.6527099609375,71.3434829711914,12,random,"(1, 0)",0.14404357910156307
0.3776014709472548,False,RIGHT,4,medium,"(6, 7)",LEFT,random_medium_22,"(5, 5)",3,8,"(5, 4)",73.54217529296875,73.296142578125,72.05431365966797,73.54217529296875,-0.24603271484375,73.296142578125,69.94731903076172,12,random,"(1, 0)",0.3776014709472548
0.6455382537841814,True,RIGHT,3,medium,"(6, 7)",RIGHT,random_medium_22,"(5, 6)",2,9,"(5, 5)",73.00605010986328,74.42802429199219,63.863128662109375,73.00605010986328,1.4219741821289062,74.42802429199219,69.16051483154297,12,random,"(1, 0)",-0.6455382537841814
0.8409265899658322,False,DOWN,2,medium,"(6, 7)",UP,random_medium_22,"(6, 6)",1,10,"(5, 6)",74.5378646850586,71.17462158203125,71.17462158203125,71.16558074951172,-3.3632431030273438,66.77220153808594,74.5378646850586,12,random,"(1, 0)",-0.8409265899658322
0.16144824981689432,False,RIGHT,1,medium,"(6, 7)",UP,random_medium_22,"(6, 7)",0,11,"(6, 6)",71.05423736572266,10.151448249816895,69.96479797363281,59.697105407714844,-60.90278911590576,10.151448249816895,71.05423736572266,12,random,"(1, 0)",-0.16144824981689432
0.9913264465331935,False,UP,12,medium,"(4, 0)",LEFT,random_medium_23,"(5, 6)",11,0,"(6, 6)",79.96637725830078,79.51860809326172,68.17691802978516,79.96637725830078,-0.4477691650390625,76.39115142822266,79.51860809326172,12,random,"(6, 6)",0.9913264465331935
2.5831673431396496,True,UP,11,medium,"(4, 0)",UP,random_medium_23,"(4, 6)",10,1,"(5, 6)",80.55310821533203,81.33326721191406,78.52938079833984,80.55310821533203,0.7801589965820312,67.167236328125,81.33326721191406,12,random,"(6, 6)",-2.5831673431396496
0.08583930969238907,False,LEFT,10,medium,"(4, 0)",UP,random_medium_23,"(4, 5)",9,2,"(4, 6)",79.55565643310547,79.55364990234375,79.0939712524414,79.55364990234375,-0.00200653076171875,77.67742919921875,79.55565643310547,12,random,"(6, 6)",-0.08583930969238907
1.3362408447265608,False,LEFT,9,medium,"(4, 0)",DOWN,random_medium_23,"(4, 4)",8,3,"(4, 5)",80.2806167602539,78.47909545898438,80.2806167602539,78.47909545898438,-1.8015213012695312,80.13240814208984,80.1596908569336,12,random,"(6, 6)",1.3362408447265608
1.52447509765625,False,LEFT,8,medium,"(4, 0)",RIGHT,random_medium_23,"(4, 3)",7,4,"(4, 4)",80.63165283203125,79.30506134033203,77.92619323730469,79.30506134033203,-1.3265914916992188,80.63165283203125,67.71934509277344,12,random,"(6, 6)",1.52447509765625
0.9114712524414017,False,UP,7,medium,"(4, 0)",RIGHT,random_medium_23,"(3, 3)",6,5,"(4, 3)",81.65609741210938,78.7183609008789,79.42477416992188,80.79826354980469,-2.9377365112304688,81.65609741210938,78.7183609008789,12,random,"(6, 6)",0.9114712524414017
1.9142951202392453,False,LEFT,6,medium,"(4, 0)",DOWN,random_medium_23,"(3, 2)",5,6,"(3, 3)",80.44427490234375,79.11351776123047,80.44427490234375,79.11351776123047,-1.3307571411132812,69.17971801757812,69.31951904296875,12,random,"(6, 6)",1.9142951202392453
1.4614002990722668,True,UP,5,medium,"(4, 0)",UP,random_medium_23,"(2, 2)",4,7,"(3, 2)",81.8551025390625,81.85637664794922,79.6308822631836,67.97457122802734,0.00127410888671875,81.8551025390625,81.85637664794922,12,random,"(6, 6)",-1.4614002990722668
5.121426773071292,False,LEFT,4,medium,"(4, 0)",DOWN,random_medium_23,"(2, 1)",3,8,"(2, 2)",81.21714782714844,78.03656005859375,81.21714782714844,78.03656005859375,-3.1805877685546875,68.98410034179688,80.28450012207031,12,random,"(6, 6)",-5.121426773071292
0.6239956665039017,False,LEFT,3,medium,"(4, 0)",UP,random_medium_23,"(2, 0)",2,9,"(2, 1)",73.66175079345703,72.77754974365234,66.50874328613281,72.77754974365234,-0.8842010498046875,73.60009765625,73.66175079345703,12,random,"(6, 6)",0.6239956665039017
0.6645448303222565,False,DOWN,2,medium,"(4, 0)",RIGHT,random_medium_23,"(3, 0)",1,10,"(2, 0)",74.153076171875,69.46736907958984,69.46736907958984,60.19606018066406,-4.685707092285156,74.153076171875,70.46112823486328,12,random,"(6, 6)",0.6645448303222565
22.069017181396482,False,DOWN,1,medium,"(4, 0)",RIGHT,random_medium_23,"(4, 0)",0,11,"(3, 0)",70.85041809082031,32.059017181396484,32.059017181396484,56.42759704589844,-38.79140090942383,70.85041809082031,57.28036117553711,12,random,"(6, 6)",-22.069017181396482
0.2674658584594738,False,DOWN,12,medium,"(7, 6)",UP,random_medium_24,"(2, 0)",11,0,"(1, 0)",60.47628402709961,59.39338302612305,59.39338302612305,49.609195709228516,-1.0829010009765625,59.631954193115234,60.47628402709961,12,random,"(1, 0)",-0.2674658584594738
1.479739036560062,False,DOWN,11,medium,"(7, 6)",RIGHT,random_medium_24,"(3, 0)",10,1,"(2, 0)",59.73324966430664,58.34737777709961,58.34737777709961,49.69983673095703,-1.3858718872070312,59.73324966430664,59.24375915527344,12,random,"(1, 0)",1.479739036560062
1.1723612594604518,True,RIGHT,10,medium,"(7, 6)",RIGHT,random_medium_24,"(3, 1)",9,2,"(3, 0)",59.508644104003906,60.441532135009766,50.1729621887207,50.104164123535156,0.9328880310058594,60.441532135009766,59.508644104003906,12,random,"(1, 0)",1.1723612594604518
2.0076493835449227,False,DOWN,9,medium,"(7, 6)",RIGHT,random_medium_24,"(4, 1)",8,3,"(3, 1)",62.24635696411133,60.508548736572266,60.508548736572266,60.925941467285156,-1.7378082275390625,62.24635696411133,60.04460906982422,12,random,"(1, 0)",2.0076493835449227
0.10306400299072749,False,DOWN,8,medium,"(7, 6)",RIGHT,random_medium_24,"(5, 1)",7,4,"(4, 1)",63.15777587890625,60.40047073364258,60.40047073364258,51.754432678222656,-2.757305145263672,63.15777587890625,59.74296569824219,12,random,"(1, 0)",0.10306400299072749
0.7358587646484409,False,DOWN,7,medium,"(7, 6)",RIGHT,random_medium_24,"(6, 1)",6,5,"(5, 1)",61.12478256225586,58.69953536987305,58.69953536987305,59.5571403503418,-2.4252471923828125,61.12478256225586,59.28004455566406,12,random,"(1, 0)",0.7358587646484409
0.7217835998535165,False,RIGHT,6,medium,"(7, 6)",UP,random_medium_24,"(6, 2)",5,6,"(6, 1)",60.04585266113281,59.03677749633789,48.73775100708008,51.165313720703125,-1.0090751647949219,59.03677749633789,60.04585266113281,12,random,"(1, 0)",0.7217835998535165
1.1860512924194353,False,DOWN,5,medium,"(7, 6)",LEFT,random_medium_24,"(7, 2)",4,7,"(6, 2)",60.372283935546875,59.967193603515625,59.967193603515625,60.372283935546875,-0.40509033203125,59.8289909362793,60.19667053222656,12,random,"(1, 0)",1.1860512924194353
0.10130157470702983,True,RIGHT,4,medium,"(7, 6)",RIGHT,random_medium_24,"(7, 3)",3,8,"(7, 2)",61.34191131591797,61.78105545043945,51.25368881225586,52.38207244873047,0.4391441345214844,61.78105545043945,61.34191131591797,12,random,"(1, 0)",0.10130157470702983
0.48611217498779524,False,RIGHT,3,medium,"(7, 6)",LEFT,random_medium_24,"(7, 4)",2,9,"(7, 3)",62.51753234863281,61.56853485107422,52.066280364990234,62.51753234863281,-0.9489974975585938,61.56853485107422,62.02806854248047,12,random,"(1, 0)",0.48611217498779524
0.897541503906254,False,RIGHT,2,medium,"(7, 6)",UP,random_medium_24,"(7, 5)",1,10,"(7, 4)",62.69156265258789,61.997867584228516,51.561405181884766,61.881935119628906,-0.693695068359375,61.997867584228516,62.69156265258789,12,random,"(1, 0)",0.897541503906254
1.744117012023926,False,RIGHT,1,medium,"(7, 6)",UP,random_medium_24,"(7, 6)",0,11,"(7, 5)",63.54081726074219,8.245882987976074,48.544002532958984,55.41157150268555,-55.29493427276611,8.245882987976074,63.54081726074219,12,random,"(1, 0)",1.744117012023926
1.466381874084469,True,DOWN,12,medium,"(6, 6)",DOWN,random_medium_25,"(1, 0)",11,0,"(0, 0)",54.174537658691406,54.399375915527344,54.399375915527344,43.07434844970703,0.2248382568359375,54.174537658691406,42.72291946411133,12,random,"(0, 0)",-1.466381874084469
0.31331295013427507,True,DOWN,11,medium,"(6, 6)",DOWN,random_medium_25,"(2, 0)",10,1,"(1, 0)",52.94750213623047,53.4777717590332,53.4777717590332,42.619380950927734,0.5302696228027344,43.12443161010742,52.94750213623047,12,random,"(0, 0)",-0.31331295013427507
0.8712371826171861,False,DOWN,10,medium,"(6, 6)",RIGHT,random_medium_25,"(3, 0)",9,2,"(2, 0)",53.71157455444336,53.603416442871094,53.603416442871094,42.13786315917969,-0.10815811157226562,53.71157455444336,53.611053466796875,12,random,"(0, 0)",0.8712371826171861
0.36852962493896513,False,RIGHT,9,medium,"(6, 6)",UP,random_medium_25,"(3, 1)",8,3,"(3, 0)",55.035003662109375,54.38298416137695,47.03599166870117,42.92621994018555,-0.6520195007324219,54.38298416137695,55.035003662109375,12,random,"(0, 0)",-0.36852962493896513
0.19793762207031307,True,RIGHT,8,medium,"(6, 6)",RIGHT,random_medium_25,"(3, 2)",7,4,"(3, 1)",54.09648895263672,54.57015609741211,45.58974075317383,52.75732421875,0.4736671447753906,54.57015609741211,54.09648895263672,12,random,"(0, 0)",-0.19793762207031307
3.3477912902832045,False,DOWN,7,medium,"(6, 6)",LEFT,random_medium_25,"(4, 2)",6,5,"(3, 2)",54.93153381347656,54.34115982055664,54.34115982055664,54.93153381347656,-0.5903739929199219,54.66025161743164,44.66558074951172,12,random,"(0, 0)",3.3477912902832045
0.015243415832514984,True,DOWN,6,medium,"(6, 6)",DOWN,random_medium_25,"(5, 2)",5,6,"(4, 2)",56.234554290771484,58.281768798828125,58.281768798828125,47.07746505737305,2.0472145080566406,56.234554290771484,54.97411346435547,12,random,"(0, 0)",-0.015243415832514984
2.113841514587399,True,DOWN,5,medium,"(6, 6)",DOWN,random_medium_25,"(6, 2)",4,7,"(5, 2)",58.67379379272461,58.865177154541016,58.865177154541016,56.65351867675781,0.19138336181640625,58.67379379272461,56.793846130371094,12,random,"(0, 0)",-2.113841514587399
0.6781638336181643,False,RIGHT,4,medium,"(6, 6)",DOWN,random_medium_25,"(6, 3)",3,8,"(6, 2)",57.33468246459961,57.28300857543945,57.33468246459961,48.72087097167969,-0.05167388916015625,57.28300857543945,57.25353240966797,12,random,"(0, 0)",0.6781638336181643
1.5030253601074222,False,RIGHT,3,medium,"(6, 6)",UP,random_medium_25,"(6, 4)",2,9,"(6, 3)",58.556739807128906,58.214054107666016,57.536006927490234,56.74060821533203,-0.3426856994628906,58.214054107666016,58.556739807128906,12,random,"(0, 0)",1.5030253601074222
0.5407763671875045,False,RIGHT,2,medium,"(6, 6)",UP,random_medium_25,"(6, 5)",1,10,"(6, 4)",60.33038330078125,56.78340530395508,57.84103012084961,56.88227462768555,-3.546977996826172,56.78340530395508,60.33038330078125,12,random,"(0, 0)",0.5407763671875045
1.6692502593994138,False,RIGHT,1,medium,"(6, 6)",LEFT,random_medium_25,"(6, 6)",0,11,"(6, 5)",57.91331481933594,11.659250259399414,48.43108367919922,57.91331481933594,-46.25406455993652,11.659250259399414,57.41758346557617,12,random,"(0, 0)",-1.6692502593994138
0.6286055755615223,True,UP,13,medium,"(1, 0)",UP,random_medium_26,"(6, 7)",12,0,"(7, 7)",66.50469207763672,68.4649887084961,58.105098724365234,66.50469207763672,1.960296630859375,56.38480758666992,68.4649887084961,13,random,"(7, 7)",-0.6286055755615223
0.8377080535888695,True,UP,12,medium,"(1, 0)",UP,random_medium_26,"(5, 7)",11,1,"(6, 7)",68.18010711669922,68.53170013427734,68.18010711669922,68.10920715332031,0.351593017578125,57.14121627807617,68.53170013427734,13,random,"(7, 7)",-0.8377080535888695
1.3590274047851665,True,UP,11,medium,"(1, 0)",UP,random_medium_26,"(4, 7)",10,2,"(5, 7)",68.19488525390625,68.38787078857422,68.19488525390625,67.7734375,0.19298553466796875,57.48169708251953,68.38787078857422,13,random,"(7, 7)",-1.3590274047851665
0.3227423858642453,True,UP,10,medium,"(1, 0)",UP,random_medium_26,"(3, 7)",9,3,"(4, 7)",67.5152816772461,67.71600341796875,67.5152816772461,67.34848022460938,0.20072174072265625,56.49138259887695,67.71600341796875,13,random,"(7, 7)",0.3227423858642453
0.44481033325196506,False,UP,9,medium,"(1, 0)",LEFT,random_medium_26,"(2, 7)",8,4,"(3, 7)",68.7361068725586,68.3284683227539,67.37574768066406,68.7361068725586,-0.4076385498046875,57.02928924560547,68.3284683227539,13,random,"(7, 7)",-0.44481033325196506
1.2078305816650357,False,LEFT,8,medium,"(1, 0)",DOWN,random_medium_26,"(2, 6)",7,5,"(2, 7)",68.57945251464844,66.47948455810547,68.57945251464844,66.47948455810547,-2.0999679565429688,56.14788818359375,55.589576721191406,13,random,"(7, 7)",1.2078305816650357
0.968311538696284,False,LEFT,7,medium,"(1, 0)",DOWN,random_medium_26,"(2, 5)",6,6,"(2, 6)",68.3811264038086,66.8249282836914,68.3811264038086,66.8249282836914,-1.5561981201171875,66.8258056640625,67.14708709716797,13,random,"(7, 7)",0.968311538696284
2.8334741973876874,True,LEFT,6,medium,"(1, 0)",LEFT,random_medium_26,"(2, 4)",5,7,"(2, 5)",67.3580093383789,68.48812103271484,60.114540100097656,68.48812103271484,1.1301116943359375,65.58485412597656,67.3580093383789,13,random,"(7, 7)",2.8334741973876874
1.2741925811767487,True,LEFT,5,medium,"(1, 0)",LEFT,random_medium_26,"(2, 3)",4,8,"(2, 4)",70.69771575927734,72.05211639404297,70.3980484008789,72.05211639404297,1.354400634765625,68.80675506591797,70.69771575927734,13,random,"(7, 7)",1.2741925811767487
0.46394149780272187,True,LEFT,4,medium,"(1, 0)",LEFT,random_medium_26,"(2, 2)",3,9,"(2, 3)",72.89155578613281,74.07707977294922,72.89155578613281,74.07707977294922,1.1855239868164062,70.69032287597656,60.08897399902344,13,random,"(7, 7)",0.46394149780272187
6.654233551025385,False,LEFT,3,medium,"(1, 0)",DOWN,random_medium_26,"(2, 1)",2,10,"(2, 2)",75.30406188964844,71.6588363647461,75.30406188964844,71.6588363647461,-3.6452255249023438,73.13124084472656,66.08187103271484,13,random,"(7, 7)",6.654233551025385
1.928829650878896,False,LEFT,2,medium,"(1, 0)",DOWN,random_medium_26,"(2, 0)",1,11,"(2, 1)",79.11421203613281,70.57676696777344,79.11421203613281,70.57676696777344,-8.537445068359375,76.73689270019531,39.68468475341797,13,random,"(7, 7)",1.928829650878896
1.398622741699219,False,UP,1,medium,"(1, 0)",RIGHT,random_medium_26,"(1, 0)",0,12,"(2, 0)",73.24807739257812,8.591377258300781,39.7651252746582,61.95302200317383,-64.65670013427734,73.24807739257812,8.591377258300781,13,random,"(7, 7)",1.398622741699219
0.9537760162353521,True,UP,12,medium,"(0, 0)",UP,random_medium_27,"(6, 5)",11,0,"(7, 5)",50.86388397216797,53.264564514160156,40.359275817871094,39.71050262451172,2.4006805419921875,50.86388397216797,53.264564514160156,12,random,"(7, 5)",-0.9537760162353521
0.988830986022954,True,UP,11,medium,"(0, 0)",UP,random_medium_27,"(5, 5)",10,1,"(6, 5)",52.06233215332031,52.849281311035156,50.121734619140625,52.06233215332031,0.7869491577148438,43.8661994934082,52.849281311035156,12,random,"(7, 5)",0.988830986022954
2.0072917175292986,True,UP,10,medium,"(0, 0)",UP,random_medium_27,"(4, 5)",9,2,"(5, 5)",52.63115692138672,54.392032623291016,52.63115692138672,45.224151611328125,1.7608757019042969,46.04342269897461,54.392032623291016,12,random,"(7, 5)",-2.0072917175292986
2.2318795013427746,True,UP,9,medium,"(0, 0)",UP,random_medium_27,"(3, 5)",8,3,"(4, 5)",52.03190231323242,52.923980712890625,51.51710891723633,52.03190231323242,0.8920783996582031,44.370052337646484,52.923980712890625,12,random,"(7, 5)",2.2318795013427746
1.271643180847171,True,LEFT,8,medium,"(0, 0)",LEFT,random_medium_27,"(3, 4)",7,4,"(3, 5)",54.45553970336914,55.72309112548828,54.45553970336914,55.72309112548828,1.2675514221191406,54.4202995300293,44.166419982910156,12,random,"(7, 5)",1.271643180847171
0.9566779327392609,False,UP,7,medium,"(0, 0)",RIGHT,random_medium_27,"(2, 4)",6,5,"(3, 4)",57.58053970336914,55.80815887451172,54.92024612426758,45.450904846191406,-1.7723808288574219,57.58053970336914,55.80815887451172,12,random,"(7, 5)",0.9566779327392609
0.3097258377075178,False,UP,6,medium,"(0, 0)",LEFT,random_medium_27,"(1, 4)",5,6,"(2, 4)",57.34832000732422,56.65617752075195,56.00315856933594,57.34832000732422,-0.6921424865722656,47.62957000732422,56.65617752075195,12,random,"(7, 5)",-0.3097258377075178
0.875074729919433,False,UP,5,medium,"(0, 0)",LEFT,random_medium_27,"(0, 4)",4,7,"(1, 4)",56.92570877075195,54.99555969238281,54.69404220581055,56.92570877075195,-1.9301490783691406,54.192569732666016,54.99555969238281,12,random,"(7, 5)",-0.875074729919433
0.550138092041017,True,LEFT,4,medium,"(0, 0)",LEFT,random_medium_27,"(0, 3)",3,8,"(0, 4)",53.841983795166016,54.6772575378418,53.56026840209961,54.6772575378418,0.8352737426757812,53.841983795166016,43.52058029174805,12,random,"(7, 5)",0.550138092041017
1.1861122894287135,False,LEFT,3,medium,"(0, 0)",RIGHT,random_medium_27,"(0, 2)",2,9,"(0, 3)",55.79534912109375,53.95864486694336,55.70137405395508,53.95864486694336,-1.8367042541503906,55.79534912109375,43.49744415283203,12,random,"(7, 5)",1.1861122894287135
0.8934483718872102,False,LEFT,2,medium,"(0, 0)",RIGHT,random_medium_27,"(0, 1)",1,10,"(0, 2)",55.711875915527344,52.15573501586914,54.4161262512207,52.15573501586914,-3.556140899658203,55.711875915527344,40.3838005065918,12,random,"(7, 5)",0.8934483718872102
3.8949172401428225,False,LEFT,1,medium,"(0, 0)",DOWN,random_medium_27,"(0, 0)",0,11,"(0, 1)",53.59513473510742,6.095082759857178,53.59513473510742,6.095082759857178,-47.500051975250244,49.21926498413086,41.02374267578125,12,random,"(7, 5)",3.8949172401428225
2.0075868988037158,False,UP,12,medium,"(0, 6)",RIGHT,random_medium_28,"(5, 0)",11,0,"(6, 0)",60.424007415771484,59.052894592285156,58.23136901855469,50.795894622802734,-1.3711128234863281,60.424007415771484,59.052894592285156,12,random,"(6, 0)",2.0075868988037158
0.7639963150024371,True,UP,11,medium,"(0, 6)",UP,random_medium_28,"(4, 0)",10,1,"(5, 0)",59.511741638183594,61.687355041503906,59.511741638183594,51.688804626464844,2.1756134033203125,49.886497497558594,61.687355041503906,12,random,"(6, 0)",-0.7639963150024371
3.0869706726074213,False,UP,10,medium,"(0, 6)",RIGHT,random_medium_28,"(3, 0)",9,2,"(4, 0)",61.54884719848633,61.353824615478516,60.465511322021484,52.720245361328125,-0.1950225830078125,61.54884719848633,61.353824615478516,12,random,"(6, 0)",-3.0869706726074213
3.1765054321289057,True,UP,9,medium,"(0, 6)",UP,random_medium_28,"(2, 0)",8,3,"(3, 0)",58.15919494628906,58.865509033203125,58.15919494628906,49.002906799316406,0.7063140869140625,51.506263732910156,58.865509033203125,12,random,"(6, 0)",3.1765054321289057
2.6807270431518546,False,UP,8,medium,"(0, 6)",RIGHT,random_medium_28,"(1, 0)",7,4,"(2, 0)",62.678802490234375,59.51662826538086,60.99444580078125,51.699100494384766,-3.1621742248535156,62.678802490234375,59.51662826538086,12,random,"(6, 0)",2.6807270431518546
2.362394599914552,False,UP,7,medium,"(0, 6)",RIGHT,random_medium_28,"(0, 0)",6,5,"(1, 0)",62.83571243286133,60.59364700317383,62.44428634643555,50.86416244506836,-2.2420654296875,62.83571243286133,60.59364700317383,12,random,"(6, 0)",2.362394599914552
0.3143749999999983,True,RIGHT,6,medium,"(0, 6)",RIGHT,random_medium_28,"(0, 1)",5,6,"(0, 0)",61.60982894897461,63.6020622253418,61.60982894897461,53.48646545410156,1.9922332763671875,63.6020622253418,52.043174743652344,12,random,"(6, 0)",0.3143749999999983
0.3020719909667946,True,RIGHT,5,medium,"(0, 6)",RIGHT,random_medium_28,"(0, 2)",4,7,"(0, 1)",62.996158599853516,64.57215881347656,62.996158599853516,62.6761589050293,1.5760002136230469,64.57215881347656,52.593727111816406,12,random,"(6, 0)",0.3020719909667946
2.4373570251464827,True,RIGHT,4,medium,"(0, 6)",RIGHT,random_medium_28,"(0, 3)",3,8,"(0, 2)",63.22887420654297,65.53962707519531,56.399696350097656,63.22887420654297,2.3107528686523438,65.53962707519531,51.306522369384766,12,random,"(6, 0)",2.4373570251464827
0.05220001220703807,False,RIGHT,3,medium,"(0, 6)",DOWN,random_medium_28,"(0, 4)",2,9,"(0, 3)",68.67372131347656,66.69169616699219,68.67372131347656,62.392845153808594,-1.982025146484375,66.69169616699219,54.385704040527344,12,random,"(6, 0)",-0.05220001220703807
3.850841903686515,False,RIGHT,2,medium,"(0, 6)",DOWN,random_medium_28,"(0, 5)",1,10,"(0, 4)",67.32272338867188,67.01498413085938,67.32272338867188,63.809017181396484,-0.3077392578125,67.01498413085938,53.709564208984375,12,random,"(6, 0)",3.850841903686515
4.468392601013184,False,RIGHT,1,medium,"(0, 6)",DOWN,random_medium_28,"(0, 6)",0,11,"(0, 5)",71.59174346923828,5.521607398986816,71.59174346923828,42.079341888427734,-66.07013607025146,5.521607398986816,46.65171813964844,12,random,"(6, 0)",4.468392601013184
0.7915718841552746,True,UP,12,medium,"(1, 6)",UP,random_medium_29,"(6, 0)",11,0,"(7, 0)",68.48052215576172,79.26459503173828,68.48052215576172,65.90697479248047,10.784072875976562,67.4248275756836,79.26459503173828,12,random,"(7, 0)",0.7915718841552746
0.6048529052734466,True,UP,11,medium,"(1, 6)",UP,random_medium_29,"(5, 0)",10,1,"(6, 0)",77.7257080078125,80.87491607666016,76.596923828125,67.75443267822266,3.1492080688476562,77.7257080078125,80.87491607666016,12,random,"(7, 0)",-0.6048529052734466
0.17715072631835938,False,UP,10,medium,"(1, 6)",RIGHT,random_medium_29,"(4, 0)",9,2,"(5, 0)",81.09097290039062,79.99186706542969,80.33576965332031,70.08346557617188,-1.0991058349609375,81.09097290039062,79.99186706542969,12,random,"(7, 0)",0.17715072631835938
0.517804183959953,False,UP,9,medium,"(1, 6)",DOWN,random_medium_29,"(3, 0)",8,3,"(4, 0)",80.98890686035156,80.04765319824219,80.98890686035156,69.5802230834961,-0.941253662109375,68.2359848022461,80.04765319824219,12,random,"(7, 0)",0.517804183959953
1.7722808837890511,True,UP,8,medium,"(1, 6)",UP,random_medium_29,"(2, 0)",7,4,"(3, 0)",80.04124450683594,81.38935089111328,80.04124450683594,69.74784088134766,1.3481063842773438,71.36714172363281,81.38935089111328,12,random,"(7, 0)",1.7722808837890511
0.028422088623045738,False,UP,7,medium,"(1, 6)",RIGHT,random_medium_29,"(1, 0)",6,5,"(2, 0)",84.01174926757812,81.68154907226562,80.66740417480469,73.1473159790039,-2.3302001953125,84.01174926757812,81.68154907226562,12,random,"(7, 0)",0.028422088623045738
0.7157939910888587,True,RIGHT,6,medium,"(1, 6)",RIGHT,random_medium_29,"(1, 1)",5,6,"(1, 0)",80.60397338867188,82.54542541503906,80.60397338867188,71.62489318847656,1.9414520263671875,82.54542541503906,71.18870544433594,12,random,"(7, 0)",0.7157939910888587
0.07649551391601506,True,RIGHT,5,medium,"(1, 6)",RIGHT,random_medium_29,"(1, 2)",4,7,"(1, 1)",81.73175811767578,84.11234283447266,81.0093994140625,81.25875091552734,2.380584716796875,84.11234283447266,81.73175811767578,12,random,"(7, 0)",0.07649551391601506
0.8259629821777281,True,RIGHT,4,medium,"(1, 6)",RIGHT,random_medium_29,"(1, 3)",3,8,"(1, 2)",84.38848876953125,85.04933166503906,84.38848876953125,82.75467681884766,0.6608428955078125,85.04933166503906,84.2339096069336,12,random,"(7, 0)",0.8259629821777281
1.3416198730468665,False,RIGHT,3,medium,"(1, 6)",DOWN,random_medium_29,"(1, 4)",2,9,"(1, 3)",86.75282287597656,84.18760681152344,86.75282287597656,84.27981567382812,-2.565216064453125,84.18760681152344,83.03031921386719,12,random,"(7, 0)",1.3416198730468665
2.6353644561767453,False,RIGHT,2,medium,"(1, 6)",DOWN,random_medium_29,"(1, 5)",1,10,"(1, 4)",86.40325927734375,83.65469360351562,86.40325927734375,83.59186553955078,-2.748565673828125,83.65469360351562,84.90308380126953,12,random,"(7, 0)",2.6353644561767453
1.2725040817260744,False,RIGHT,1,medium,"(1, 6)",DOWN,random_medium_29,"(1, 6)",0,11,"(1, 5)",87.1717758178711,8.717495918273926,87.1717758178711,76.33045959472656,-78.45427989959717,8.717495918273926,81.8400650024414,12,random,"(7, 0)",1.2725040817260744
0.09376182556152202,True,UP,18,hard,"(7, 1)",UP,random_hard_0,"(6, 7)",17,0,"(7, 7)",55.323936462402344,56.243675231933594,45.0549430847168,55.323936462402344,0.91973876953125,42.13594436645508,56.243675231933594,18,random,"(7, 7)",0.09376182556152202
2.14322067260742,True,LEFT,17,hard,"(7, 1)",LEFT,random_hard_0,"(6, 6)",16,1,"(6, 7)",55.90984344482422,56.916603088378906,55.90984344482422,56.916603088378906,1.0067596435546875,44.59196472167969,46.57514190673828,18,random,"(7, 7)",2.14322067260742
0.23365531921386662,True,UP,16,hard,"(7, 1)",UP,random_hard_0,"(5, 6)",15,2,"(6, 6)",58.61907958984375,59.66648864746094,56.26953887939453,58.61907958984375,1.0474090576171875,54.850433349609375,59.66648864746094,18,random,"(7, 7)",0.23365531921386662
0.5501245498657212,True,UP,15,hard,"(7, 1)",UP,random_hard_0,"(4, 6)",14,3,"(5, 6)",59.425533294677734,60.515296936035156,59.425533294677734,59.11723327636719,1.0897636413574219,46.50949478149414,60.515296936035156,18,random,"(7, 7)",-0.5501245498657212
1.4539587783813488,True,UP,14,hard,"(7, 1)",UP,random_hard_0,"(3, 6)",13,4,"(4, 6)",60.429325103759766,60.58098220825195,59.827842712402344,60.429325103759766,0.1516571044921875,46.74223709106445,60.58098220825195,18,random,"(7, 7)",1.4539587783813488
0.613706207275392,False,LEFT,13,hard,"(7, 1)",DOWN,random_hard_0,"(3, 5)",12,5,"(3, 6)",62.67165756225586,62.3604850769043,62.67165756225586,62.3604850769043,-0.3111724853515625,60.17369079589844,53.127708435058594,18,random,"(7, 7)",-0.613706207275392
2.3872052764892544,True,UP,12,hard,"(7, 1)",UP,random_hard_0,"(2, 5)",11,6,"(3, 5)",61.66746520996094,62.380584716796875,61.66746520996094,61.63628387451172,0.7131195068359375,61.217872619628906,62.380584716796875,18,random,"(7, 7)",-2.3872052764892544
1.086807746887203,True,LEFT,11,hard,"(7, 1)",LEFT,random_hard_0,"(2, 4)",10,7,"(2, 5)",60.20808792114258,60.609474182128906,60.20808792114258,60.609474182128906,0.4013862609863281,47.305885314941406,59.078338623046875,18,random,"(7, 7)",-1.086807746887203
1.2274955749511705,True,LEFT,10,hard,"(7, 1)",LEFT,random_hard_0,"(2, 3)",9,8,"(2, 4)",60.01047134399414,60.13400650024414,60.01047134399414,60.13400650024414,0.12353515625,58.94369888305664,58.07273864746094,18,random,"(7, 7)",-1.2274955749511705
0.6397895431518563,True,LEFT,9,hard,"(7, 1)",LEFT,random_hard_0,"(2, 2)",8,9,"(2, 3)",58.24287033081055,59.511627197265625,57.61316680908203,59.511627197265625,1.2687568664550781,58.24287033081055,56.45484161376953,18,random,"(7, 7)",0.6397895431518563
3.0199887084960935,True,LEFT,8,hard,"(7, 1)",LEFT,random_hard_0,"(2, 1)",7,10,"(2, 2)",59.951377868652344,60.769107818603516,48.78952407836914,60.769107818603516,0.8177299499511719,59.951377868652344,59.083343505859375,18,random,"(7, 7)",-3.0199887084960935
1.4750108337402352,False,DOWN,7,hard,"(7, 1)",LEFT,random_hard_0,"(3, 1)",6,11,"(2, 1)",58.34254455566406,56.15697479248047,56.15697479248047,58.34254455566406,-2.1855697631835938,57.65877151489258,57.89186477661133,18,random,"(7, 7)",1.4750108337402352
0.776727180480961,False,DOWN,6,hard,"(7, 1)",UP,random_hard_0,"(4, 1)",5,12,"(3, 1)",58.22422790527344,56.09612274169922,56.09612274169922,56.88579559326172,-2.1281051635742188,49.62320327758789,58.22422790527344,18,random,"(7, 7)",0.776727180480961
0.4710171508789074,True,LEFT,5,hard,"(7, 1)",LEFT,random_hard_0,"(4, 0)",4,13,"(4, 1)",56.35793685913086,57.45742416381836,45.113101959228516,57.45742416381836,1.0994873046875,56.35793685913086,54.851524353027344,18,random,"(7, 7)",-0.4710171508789074
1.6029449081420921,False,DOWN,4,hard,"(7, 1)",UP,random_hard_0,"(5, 0)",3,14,"(4, 0)",57.57212829589844,53.599151611328125,53.599151611328125,46.594051361083984,-3.9729766845703125,55.16684341430664,57.57212829589844,18,random,"(7, 7)",1.6029449081420921
0.9542747116088819,False,DOWN,3,hard,"(7, 1)",UP,random_hard_0,"(6, 0)",2,15,"(5, 0)",55.76979446411133,52.89372634887695,52.89372634887695,44.898685455322266,-2.876068115234375,41.41109085083008,55.76979446411133,18,random,"(7, 7)",-0.9542747116088819
2.5829267883300773,False,DOWN,2,hard,"(7, 1)",UP,random_hard_0,"(7, 0)",1,16,"(6, 0)",52.47419357299805,45.298187255859375,45.298187255859375,38.84432601928711,-7.176006317138672,45.90824508666992,52.47419357299805,18,random,"(7, 7)",2.5829267883300773
5.739725341796875,False,RIGHT,1,hard,"(7, 1)",UP,random_hard_0,"(7, 1)",0,17,"(7, 0)",48.37486267089844,4.250274658203125,31.801128387451172,23.417879104614258,-44.12458801269531,4.250274658203125,48.37486267089844,18,random,"(7, 7)",5.739725341796875
0.16916110992431754,False,RIGHT,18,hard,"(7, 0)",LEFT,random_hard_1,"(5, 7)",17,0,"(5, 6)",62.13710021972656,60.66370391845703,62.00002670288086,62.13710021972656,-1.4733963012695312,60.66370391845703,54.64362335205078,18,random,"(5, 6)",0.16916110992431754
1.8940112304687489,False,UP,17,hard,"(7, 0)",LEFT,random_hard_1,"(4, 7)",16,1,"(5, 7)",61.45743942260742,59.974342346191406,52.21644592285156,61.45743942260742,-1.4830970764160156,51.46609115600586,59.974342346191406,18,random,"(5, 6)",1.8940112304687489
1.2453029632568402,True,UP,16,hard,"(7, 0)",UP,random_hard_1,"(3, 7)",15,2,"(4, 7)",61.41571807861328,62.503387451171875,61.41571807861328,50.36574172973633,1.0876693725585938,51.49251937866211,62.503387451171875,18,random,"(5, 6)",1.2453029632568402
4.394059219360351,False,UP,15,hard,"(7, 0)",LEFT,random_hard_1,"(2, 7)",14,3,"(3, 7)",64.40271759033203,59.42579650878906,61.7852897644043,64.40271759033203,-4.976921081542969,52.7042236328125,59.42579650878906,18,random,"(5, 6)",4.394059219360351
0.5063468170165919,True,LEFT,14,hard,"(7, 0)",LEFT,random_hard_1,"(2, 6)",13,4,"(2, 7)",62.28242111206055,64.47460174560547,62.28242111206055,64.47460174560547,2.192180633544922,53.37086486816406,57.34856033325195,18,random,"(5, 6)",0.5063468170165919
0.36250526428223395,False,LEFT,13,hard,"(7, 0)",DOWN,random_hard_1,"(2, 5)",12,5,"(2, 6)",65.64742279052734,65.43120574951172,65.64742279052734,65.43120574951172,-0.216217041015625,62.40290451049805,51.86760711669922,18,random,"(5, 6)",-0.36250526428223395
4.2676839065551775,False,UP,12,hard,"(7, 0)",DOWN,random_hard_1,"(1, 5)",11,6,"(2, 5)",65.7360610961914,64.32344818115234,65.7360610961914,55.332279205322266,-1.4126129150390625,63.27494430541992,64.32344818115234,18,random,"(5, 6)",-4.2676839065551775
0.8625854873657275,False,LEFT,11,hard,"(7, 0)",DOWN,random_hard_1,"(1, 4)",10,7,"(1, 5)",60.672489166259766,58.482303619384766,60.672489166259766,58.482303619384766,-2.190185546875,45.6017951965332,56.354652404785156,18,random,"(5, 6)",0.8625854873657275
1.1644165420532246,False,LEFT,10,hard,"(7, 0)",RIGHT,random_hard_1,"(1, 3)",9,8,"(1, 4)",59.95443344116211,59.60264587402344,50.13838195800781,59.60264587402344,-0.3517875671386719,59.95443344116211,48.097740173339844,18,random,"(5, 6)",1.1644165420532246
1.2021705245971717,False,DOWN,9,hard,"(7, 0)",RIGHT,random_hard_1,"(2, 3)",8,9,"(1, 3)",61.39097213745117,60.9765739440918,60.9765739440918,59.41840744018555,-0.414398193359375,61.39097213745117,51.07536697387695,18,random,"(5, 6)",1.2021705245971717
0.7608257675170904,False,LEFT,8,hard,"(7, 0)",UP,random_hard_1,"(2, 2)",7,10,"(2, 3)",62.81691360473633,62.1259765625,55.109130859375,62.1259765625,-0.6909370422363281,53.40085220336914,62.81691360473633,18,random,"(5, 6)",0.7608257675170904
2.2609901428222656,False,DOWN,7,hard,"(7, 0)",UP,random_hard_1,"(3, 2)",6,11,"(2, 2)",63.53212356567383,62.70627975463867,62.70627975463867,61.54386901855469,-0.8258438110351562,61.787864685058594,63.53212356567383,18,random,"(5, 6)",2.2609901428222656
4.474673080444333,False,DOWN,6,hard,"(7, 0)",UP,random_hard_1,"(4, 2)",5,12,"(3, 2)",65.63360595703125,62.50032424926758,62.50032424926758,60.499698638916016,-3.133281707763672,50.701236724853516,65.63360595703125,18,random,"(5, 6)",4.474673080444333
1.468063049316406,False,DOWN,5,hard,"(7, 0)",UP,random_hard_1,"(5, 2)",4,13,"(4, 2)",67.66161346435547,64.49642181396484,64.49642181396484,63.608863830566406,-3.165191650390625,55.568851470947266,67.66161346435547,18,random,"(5, 6)",-1.468063049316406
0.8588043212890639,False,DOWN,4,hard,"(7, 0)",UP,random_hard_1,"(6, 2)",3,14,"(5, 2)",63.67510986328125,61.159584045410156,61.159584045410156,62.326446533203125,-2.5155258178710938,60.00523376464844,63.67510986328125,18,random,"(5, 6)",0.8588043212890639
1.969247817993164,False,LEFT,3,hard,"(7, 0)",UP,random_hard_1,"(6, 1)",2,15,"(6, 2)",62.654937744140625,62.136024475097656,60.07344436645508,62.136024475097656,-0.5189132690429688,49.74683380126953,62.654937744140625,18,random,"(5, 6)",1.969247817993164
2.817635498046876,False,LEFT,2,hard,"(7, 0)",UP,random_hard_1,"(6, 0)",1,16,"(6, 1)",64.76290130615234,60.546775817871094,52.594303131103516,60.546775817871094,-4.21612548828125,61.88351058959961,64.76290130615234,18,random,"(5, 6)",2.817635498046876
5.057296524047851,False,DOWN,1,hard,"(7, 0)",RIGHT,random_hard_1,"(7, 0)",0,17,"(6, 0)",64.01455688476562,15.047296524047852,15.047296524047852,50.61772918701172,-48.96726036071777,64.01455688476562,51.52109146118164,18,random,"(5, 6)",-5.057296524047851
1.18894969940186,True,DOWN,20,hard,"(6, 5)",DOWN,random_hard_2,"(4, 0)",19,0,"(3, 0)",50.80344009399414,57.124027252197266,57.124027252197266,48.1312255859375,6.320587158203125,50.80344009399414,48.752471923828125,20,random,"(3, 0)",1.18894969940186
0.7370980453491214,True,DOWN,19,hard,"(6, 5)",DOWN,random_hard_2,"(5, 0)",18,1,"(4, 0)",58.1835823059082,58.9120979309082,58.9120979309082,51.674644470214844,0.728515625,50.703521728515625,58.1835823059082,20,random,"(3, 0)",0.7370980453491214
0.1922553634643549,True,DOWN,18,hard,"(6, 5)",DOWN,random_hard_2,"(6, 0)",17,2,"(5, 0)",58.474952697753906,60.26181411743164,60.26181411743164,50.2360954284668,1.7868614196777344,47.7288703918457,58.474952697753906,20,random,"(3, 0)",0.1922553634643549
1.4378528976440421,False,RIGHT,17,hard,"(6, 5)",UP,random_hard_2,"(6, 1)",16,3,"(6, 0)",61.0748176574707,57.247310638427734,58.36161422729492,50.005210876464844,-3.8275070190429688,57.247310638427734,61.0748176574707,20,random,"(3, 0)",1.4378528976440421
2.1972163391113284,True,RIGHT,16,hard,"(6, 5)",RIGHT,random_hard_2,"(6, 2)",15,4,"(6, 1)",59.265533447265625,59.28804397583008,59.265533447265625,57.841182708740234,0.022510528564453125,59.28804397583008,51.102169036865234,20,random,"(3, 0)",2.1972163391113284
2.072224082946775,True,UP,15,hard,"(6, 5)",UP,random_hard_2,"(5, 2)",14,5,"(6, 2)",59.18232727050781,62.116424560546875,54.548519134521484,59.18232727050781,2.9340972900390625,44.84309005737305,62.116424560546875,20,random,"(3, 0)",-2.072224082946775
1.4801590728759777,True,UP,14,hard,"(6, 5)",UP,random_hard_2,"(4, 2)",13,6,"(5, 2)",57.73870086669922,60.66080856323242,57.73870086669922,51.40216064453125,2.922107696533203,48.62995529174805,60.66080856323242,20,random,"(3, 0)",1.4801590728759777
1.4182872772216797,False,UP,13,hard,"(6, 5)",RIGHT,random_hard_2,"(3, 2)",12,7,"(4, 2)",62.77875518798828,61.66619110107422,59.672569274902344,52.328399658203125,-1.1125640869140625,62.77875518798828,61.66619110107422,20,random,"(3, 0)",-1.4182872772216797
3.3543634033203062,True,RIGHT,12,hard,"(6, 5)",RIGHT,random_hard_2,"(3, 3)",11,8,"(3, 2)",57.305503845214844,60.86656951904297,57.305503845214844,52.88428497314453,3.561065673828125,60.86656951904297,47.31455993652344,20,random,"(3, 0)",3.3543634033203062
0.19524085998536123,True,RIGHT,11,hard,"(6, 5)",RIGHT,random_hard_2,"(3, 4)",10,9,"(3, 3)",63.04505920410156,64.87973022460938,60.00395584106445,62.586483001708984,1.8346710205078125,64.87973022460938,63.04505920410156,20,random,"(3, 0)",-0.19524085998536123
0.20684494018554744,False,RIGHT,10,hard,"(6, 5)",UP,random_hard_2,"(3, 5)",9,10,"(3, 4)",65.34796905517578,63.41279220581055,60.602054595947266,64.98348236083984,-1.9351768493652344,63.41279220581055,65.34796905517578,20,random,"(3, 0)",-0.20684494018554744
0.5448474884033203,False,RIGHT,9,hard,"(6, 5)",LEFT,random_hard_2,"(3, 6)",8,11,"(3, 5)",63.8544921875,62.1651496887207,60.51718521118164,63.8544921875,-1.6893424987792969,62.1651496887207,62.67072296142578,20,random,"(3, 0)",-0.5448474884033203
1.6502528381347688,True,RIGHT,8,hard,"(6, 5)",RIGHT,random_hard_2,"(3, 7)",7,12,"(3, 6)",61.92010498046875,62.252830505371094,51.82858657836914,61.92010498046875,0.33272552490234375,62.252830505371094,61.43566131591797,20,random,"(3, 0)",1.6502528381347688
2.300795783996584,False,DOWN,7,hard,"(6, 5)",UP,random_hard_2,"(4, 7)",6,13,"(3, 7)",64.55867004394531,56.66032028198242,56.66032028198242,63.864341735839844,-7.898349761962891,50.638946533203125,64.55867004394531,20,random,"(3, 0)",2.300795783996584
1.0686685943603536,False,DOWN,6,hard,"(6, 5)",UP,random_hard_2,"(5, 7)",5,14,"(4, 7)",59.5667839050293,54.16980743408203,54.16980743408203,49.305049896240234,-5.396976470947266,47.275272369384766,59.5667839050293,20,random,"(3, 0)",1.0686685943603536
3.626631317138674,False,DOWN,5,hard,"(6, 5)",UP,random_hard_2,"(6, 7)",4,15,"(5, 7)",55.806541442871094,49.985443115234375,49.985443115234375,52.16785430908203,-5.821098327636719,47.09526062011719,55.806541442871094,20,random,"(3, 0)",3.626631317138674
3.356559257507328,False,DOWN,4,hard,"(6, 5)",UP,random_hard_2,"(7, 7)",3,16,"(6, 7)",54.16371154785156,48.248191833496094,48.248191833496094,31.2496337890625,-5.915519714355469,37.167633056640625,54.16371154785156,20,random,"(3, 0)",3.356559257507328
0.583235130310058,False,LEFT,3,hard,"(6, 5)",UP,random_hard_2,"(7, 6)",2,17,"(7, 7)",52.136112213134766,44.335201263427734,40.81296920776367,44.335201263427734,-7.800910949707031,37.69152069091797,52.136112213134766,20,random,"(3, 0)",-0.583235130310058
0.13797008514404752,False,LEFT,2,hard,"(6, 5)",RIGHT,random_hard_2,"(7, 5)",1,18,"(7, 6)",44.20400619506836,34.72149658203125,29.933040618896484,34.72149658203125,-9.48250961303711,44.20400619506836,24.78508949279785,20,random,"(3, 0)",0.13797008514404752
3.318420181274414,False,UP,1,hard,"(6, 5)",RIGHT,random_hard_2,"(6, 5)",0,19,"(7, 5)",35.221683502197266,13.308420181274414,26.13992691040039,24.845876693725586,-21.91326332092285,35.221683502197266,13.308420181274414,20,random,"(3, 0)",-3.318420181274414
0.9924912643432648,False,DOWN,18,hard,"(0, 6)",RIGHT,random_hard_3,"(2, 1)",17,0,"(1, 1)",61.64970397949219,59.76670837402344,59.76670837402344,59.68634796142578,-1.88299560546875,61.64970397949219,59.62031936645508,18,random,"(1, 1)",0.9924912643432648
0.9343629074096711,False,DOWN,17,hard,"(0, 6)",RIGHT,random_hard_3,"(3, 1)",16,1,"(2, 1)",61.38302993774414,60.73007583618164,60.73007583618164,51.92382049560547,-0.6529541015625,61.38302993774414,60.85005569458008,18,random,"(1, 1)",0.9343629074096711
2.2053823852539054,False,LEFT,16,hard,"(0, 6)",RIGHT,random_hard_3,"(3, 0)",15,2,"(3, 1)",62.29741287231445,60.29362487792969,53.120399475097656,60.29362487792969,-2.0037879943847656,62.29741287231445,61.352699279785156,18,random,"(1, 1)",2.2053823852539054
2.3549835205078153,False,DOWN,15,hard,"(0, 6)",RIGHT,random_hard_3,"(4, 0)",14,3,"(3, 0)",63.140411376953125,60.34567642211914,60.34567642211914,53.89872741699219,-2.7947349548339844,63.140411376953125,52.34473419189453,18,random,"(1, 1)",2.3549835205078153
1.5197887420654297,False,DOWN,14,hard,"(0, 6)",UP,random_hard_3,"(5, 0)",13,4,"(4, 0)",63.34410095214844,60.25837326049805,60.25837326049805,50.61042022705078,-3.0857276916503906,52.96738815307617,63.34410095214844,18,random,"(1, 1)",1.5197887420654297
0.7863780975341825,False,DOWN,13,hard,"(0, 6)",RIGHT,random_hard_3,"(6, 0)",12,5,"(5, 0)",62.41228485107422,60.327186584472656,60.327186584472656,50.920616149902344,-2.0850982666015625,62.41228485107422,61.66033935546875,18,random,"(1, 1)",0.7863780975341825
0.6522919845581043,False,RIGHT,12,hard,"(0, 6)",UP,random_hard_3,"(6, 1)",11,6,"(6, 0)",61.74097442626953,61.27518081665039,58.328433990478516,51.14286804199219,-0.4657936096191406,61.27518081665039,61.74097442626953,18,random,"(1, 1)",-0.6522919845581043
1.3698756027221677,False,RIGHT,11,hard,"(0, 6)",UP,random_hard_3,"(6, 2)",10,7,"(6, 1)",61.24534225463867,61.09782028198242,58.73564529418945,59.3333854675293,-0.14752197265625,61.09782028198242,61.24534225463867,18,random,"(1, 1)",1.3698756027221677
0.02564609527587436,True,RIGHT,10,hard,"(0, 6)",RIGHT,random_hard_3,"(6, 3)",9,8,"(6, 2)",61.985774993896484,63.10878372192383,58.299224853515625,61.985774993896484,1.1230087280273438,63.10878372192383,52.925682067871094,18,random,"(1, 1)",-0.02564609527587436
2.298982620239258,True,RIGHT,9,hard,"(0, 6)",RIGHT,random_hard_3,"(6, 4)",8,9,"(6, 3)",63.71240997314453,63.73044204711914,62.172908782958984,63.18074417114258,0.018032073974609375,63.73044204711914,63.71240997314453,18,random,"(1, 1)",2.298982620239258
0.4582492065429591,True,RIGHT,8,hard,"(0, 6)",RIGHT,random_hard_3,"(6, 5)",7,10,"(6, 4)",64.5777816772461,66.70648956298828,59.66102981567383,64.5777816772461,2.1287078857421875,66.70648956298828,51.746070861816406,18,random,"(1, 1)",0.4582492065429591
3.942793655395505,True,RIGHT,7,hard,"(0, 6)",RIGHT,random_hard_3,"(6, 6)",6,11,"(6, 5)",64.26749420166016,67.853271484375,55.33430862426758,64.26749420166016,3.5857772827148438,67.853271484375,52.1492805480957,18,random,"(1, 1)",-3.942793655395505
0.786314239501948,False,UP,6,hard,"(0, 6)",DOWN,random_hard_3,"(5, 6)",5,12,"(6, 6)",64.5661392211914,64.18565368652344,64.5661392211914,63.74307632446289,-0.38048553466796875,57.08869552612305,64.18565368652344,18,random,"(1, 1)",0.786314239501948
0.3570700836181544,False,UP,5,hard,"(0, 6)",DOWN,random_hard_3,"(4, 6)",4,13,"(5, 6)",65.63835144042969,64.54608154296875,65.63835144042969,58.46586990356445,-1.0922698974609375,64.38369750976562,64.54608154296875,18,random,"(1, 1)",0.3570700836181544
0.23348686218261605,False,UP,4,hard,"(0, 6)",LEFT,random_hard_3,"(3, 6)",3,14,"(4, 6)",65.56884002685547,64.10977935791016,62.475440979003906,65.56884002685547,-1.4590606689453125,64.47560119628906,64.10977935791016,18,random,"(1, 1)",-0.23348686218261605
0.8737452697753909,False,UP,3,hard,"(0, 6)",RIGHT,random_hard_3,"(2, 6)",2,15,"(3, 6)",64.53160858154297,59.54024887084961,62.80559539794922,63.8857536315918,-4.991359710693359,64.53160858154297,59.54024887084961,18,random,"(1, 1)",-0.8737452697753909
3.1058190536499026,False,UP,2,hard,"(0, 6)",DOWN,random_hard_3,"(1, 6)",1,16,"(2, 6)",59.269195556640625,39.69413757324219,59.269195556640625,46.85784149169922,-19.575057983398438,57.03203582763672,39.69413757324219,18,random,"(1, 1)",-3.1058190536499026
4.582333335876465,False,UP,1,hard,"(0, 6)",DOWN,random_hard_3,"(0, 6)",0,17,"(1, 6)",36.96799850463867,14.572333335876465,36.96799850463867,35.25886535644531,-22.395665168762207,24.50162124633789,14.572333335876465,18,random,"(1, 1)",-4.582333335876465
1.6176696395873975,False,DOWN,18,hard,"(0, 7)",RIGHT,random_hard_4,"(7, 5)",17,0,"(6, 5)",56.708553314208984,56.13612747192383,56.13612747192383,55.788665771484375,-0.5724258422851562,56.708553314208984,56.1505241394043,18,random,"(6, 5)",-1.6176696395873975
0.32695606231689567,True,LEFT,17,hard,"(0, 7)",LEFT,random_hard_4,"(7, 4)",16,1,"(7, 5)",54.22739791870117,55.07925033569336,46.1583366394043,55.07925033569336,0.8518524169921875,46.3796501159668,54.22739791870117,18,random,"(6, 5)",-0.32695606231689567
0.7922870254516567,False,LEFT,16,hard,"(0, 7)",UP,random_hard_4,"(7, 3)",15,2,"(7, 4)",55.31544876098633,54.05009460449219,45.863494873046875,54.05009460449219,-1.2653541564941406,54.913330078125,55.31544876098633,18,random,"(6, 5)",-0.7922870254516567
1.404006233215334,True,LEFT,15,hard,"(0, 7)",LEFT,random_hard_4,"(7, 2)",14,3,"(7, 3)",52.9982795715332,53.80586624145508,43.62021255493164,53.80586624145508,0.807586669921875,52.9982795715332,52.03662872314453,18,random,"(6, 5)",-1.404006233215334
0.6881521606445276,True,LEFT,14,hard,"(0, 7)",LEFT,random_hard_4,"(7, 1)",13,4,"(7, 2)",51.491092681884766,52.9412727355957,39.950313568115234,52.9412727355957,1.4501800537109375,51.491092681884766,42.68606185913086,18,random,"(6, 5)",-0.6881521606445276
0.5187789154052709,False,UP,13,hard,"(0, 7)",LEFT,random_hard_4,"(6, 1)",12,5,"(7, 1)",52.79103088378906,51.888118743896484,42.47444534301758,52.79103088378906,-0.9029121398925781,50.792545318603516,51.888118743896484,18,random,"(6, 5)",-0.5187789154052709
0.6924475479126002,True,UP,12,hard,"(0, 7)",UP,random_hard_4,"(5, 1)",11,6,"(6, 1)",51.80137252807617,51.89832305908203,51.6727409362793,51.80137252807617,0.09695053100585938,39.40500259399414,51.89832305908203,18,random,"(6, 5)",0.6924475479126002
1.5181830215454113,True,UP,11,hard,"(0, 7)",UP,random_hard_4,"(4, 1)",10,7,"(5, 1)",52.763404846191406,53.1320915222168,52.049598693847656,52.763404846191406,0.3686866760253906,39.576175689697266,53.1320915222168,18,random,"(6, 5)",1.5181830215454113
3.996748275756836,False,RIGHT,10,hard,"(0, 7)",LEFT,random_hard_4,"(4, 2)",9,8,"(4, 1)",55.212398529052734,54.81263732910156,53.88121032714844,55.212398529052734,-0.3997611999511719,54.81263732910156,45.93915557861328,18,random,"(6, 5)",3.996748275756836
1.3602119064331006,True,UP,9,hard,"(0, 7)",UP,random_hard_4,"(3, 2)",8,9,"(4, 2)",56.840187072753906,59.41352081298828,48.17002487182617,56.840187072753906,2.573333740234375,48.10539245605469,59.41352081298828,18,random,"(6, 5)",-1.3602119064331006
0.30789787292480497,True,RIGHT,8,hard,"(0, 7)",RIGHT,random_hard_4,"(3, 3)",7,10,"(3, 2)",58.459251403808594,58.64980697631836,58.459251403808594,47.3714599609375,0.19055557250976562,58.64980697631836,57.90036392211914,18,random,"(6, 5)",-0.30789787292480497
1.7536289596557637,True,RIGHT,7,hard,"(0, 7)",RIGHT,random_hard_4,"(3, 4)",6,11,"(3, 3)",58.51664733886719,58.941322326660156,49.20002746582031,54.03820037841797,0.42467498779296875,58.941322326660156,58.51664733886719,18,random,"(6, 5)",-1.7536289596557637
0.9402727890014617,True,RIGHT,6,hard,"(0, 7)",RIGHT,random_hard_4,"(3, 5)",5,12,"(3, 4)",53.814186096191406,57.775447845458984,46.01853942871094,53.814186096191406,3.961261749267578,57.775447845458984,48.078460693359375,18,random,"(6, 5)",-0.9402727890014617
1.4365590667724604,True,UP,5,hard,"(0, 7)",UP,random_hard_4,"(2, 5)",4,13,"(3, 5)",57.38652801513672,57.419368743896484,48.00437545776367,56.474029541015625,0.032840728759765625,57.38652801513672,57.419368743896484,18,random,"(6, 5)",1.4365590667724604
0.5064792251586923,True,UP,4,hard,"(0, 7)",UP,random_hard_4,"(1, 5)",3,14,"(2, 5)",58.835391998291016,59.460533142089844,58.28982162475586,50.504051208496094,0.6251411437988281,58.835391998291016,59.460533142089844,18,random,"(6, 5)",-0.5064792251586923
1.1341490936279257,False,UP,3,hard,"(0, 7)",DOWN,random_hard_4,"(0, 5)",2,15,"(1, 5)",59.55965042114258,56.22966003417969,59.55965042114258,58.47205352783203,-3.3299903869628906,48.791141510009766,56.22966003417969,18,random,"(6, 5)",-1.1341490936279257
4.550094490051272,False,RIGHT,2,hard,"(0, 7)",DOWN,random_hard_4,"(0, 6)",1,16,"(0, 5)",55.662132263183594,48.52067565917969,55.662132263183594,39.41835021972656,-7.141456604003906,48.52067565917969,44.462066650390625,18,random,"(6, 5)",4.550094490051272
1.6749822998046877,False,RIGHT,1,hard,"(0, 7)",DOWN,random_hard_4,"(0, 7)",0,17,"(0, 6)",53.616939544677734,8.315017700195312,53.616939544677734,41.100624084472656,-45.30192184448242,8.315017700195312,37.48590850830078,18,random,"(6, 5)",1.6749822998046877
0.5209243011474598,True,DOWN,18,hard,"(1, 7)",DOWN,random_hard_5,"(5, 4)",17,0,"(4, 4)",53.69561004638672,59.1417350769043,59.1417350769043,53.69561004638672,5.446125030517578,48.29901885986328,50.361122131347656,18,random,"(4, 4)",0.5209243011474598
2.3132210922241256,False,DOWN,17,hard,"(1, 7)",UP,random_hard_5,"(6, 4)",16,1,"(5, 4)",60.275413513183594,56.976749420166016,56.976749420166016,51.32182312011719,-3.298664093017578,59.31482696533203,60.275413513183594,18,random,"(4, 4)",2.3132210922241256
0.9492760086059562,False,DOWN,16,hard,"(1, 7)",UP,random_hard_5,"(7, 4)",15,2,"(6, 4)",59.89896011352539,57.6473274230957,57.6473274230957,49.39794921875,-2.2516326904296875,52.544349670410156,59.89896011352539,18,random,"(4, 4)",0.9492760086059562
0.07505970001220419,False,LEFT,15,hard,"(1, 7)",UP,random_hard_5,"(7, 3)",14,3,"(7, 4)",59.19858932495117,58.26774597167969,47.72053909301758,58.26774597167969,-0.9308433532714844,58.68632125854492,59.19858932495117,18,random,"(4, 4)",-0.07505970001220419
0.8558620071411127,True,LEFT,14,hard,"(1, 7)",LEFT,random_hard_5,"(7, 2)",13,4,"(7, 3)",58.696842193603516,58.790592193603516,46.962032318115234,58.790592193603516,0.09375,58.696842193603516,52.852874755859375,18,random,"(4, 4)",0.8558620071411127
0.7323826217651401,True,UP,13,hard,"(1, 7)",UP,random_hard_5,"(6, 2)",12,5,"(7, 2)",58.56577682495117,60.2590446472168,47.58059310913086,51.103302001953125,1.693267822265625,58.56577682495117,60.2590446472168,18,random,"(4, 4)",0.7323826217651401
0.30530899047851534,True,UP,12,hard,"(1, 7)",UP,random_hard_5,"(5, 2)",11,6,"(6, 2)",57.16016387939453,61.61760330200195,57.16016387939453,49.45709991455078,4.457439422607422,52.244449615478516,61.61760330200195,18,random,"(4, 4)",-0.30530899047851534
0.20655250549316406,True,UP,11,hard,"(1, 7)",UP,random_hard_5,"(4, 2)",10,7,"(5, 2)",57.160064697265625,61.94171142578125,55.73488235473633,57.160064697265625,4.781646728515625,48.91576385498047,61.94171142578125,18,random,"(4, 4)",0.20655250549316406
1.797262191772461,True,UP,10,hard,"(1, 7)",UP,random_hard_5,"(3, 2)",9,8,"(4, 2)",60.21083450317383,62.78612518310547,60.21083450317383,58.656883239746094,2.5752906799316406,52.354183197021484,62.78612518310547,18,random,"(4, 4)",-1.797262191772461
0.1194395446777392,False,UP,9,hard,"(1, 7)",DOWN,random_hard_5,"(2, 2)",8,9,"(3, 2)",61.615013122558594,59.866424560546875,61.615013122558594,59.65760803222656,-1.7485885620117188,60.10329818725586,59.866424560546875,18,random,"(4, 4)",0.1194395446777392
2.9626440811157266,False,UP,8,hard,"(1, 7)",DOWN,random_hard_5,"(1, 2)",7,10,"(2, 2)",60.60188293457031,58.46548080444336,60.60188293457031,58.25331115722656,-2.136402130126953,51.0763053894043,58.46548080444336,18,random,"(4, 4)",2.9626440811157266
0.29051631927490007,True,RIGHT,7,hard,"(1, 7)",RIGHT,random_hard_5,"(1, 3)",6,11,"(1, 2)",61.80177688598633,62.058712005615234,61.80177688598633,58.4502067565918,0.25693511962890625,62.058712005615234,52.18372344970703,18,random,"(4, 4)",-0.29051631927490007
1.8130653381347628,True,RIGHT,6,hard,"(1, 7)",RIGHT,random_hard_5,"(1, 4)",5,12,"(1, 3)",60.69895553588867,62.402217864990234,50.97639846801758,60.69895553588867,1.7032623291015625,62.402217864990234,52.27803039550781,18,random,"(4, 4)",1.8130653381347628
1.3229410934448254,False,UP,5,hard,"(1, 7)",DOWN,random_hard_5,"(0, 4)",4,13,"(1, 4)",64.8740234375,61.97695541381836,64.8740234375,60.841957092285156,-2.8970680236816406,54.70394515991211,61.97695541381836,18,random,"(4, 4)",1.3229410934448254
0.34516307830810433,False,RIGHT,4,hard,"(1, 7)",DOWN,random_hard_5,"(0, 5)",3,14,"(0, 4)",63.94939041137695,61.34268569946289,63.94939041137695,51.18193817138672,-2.6067047119140625,61.34268569946289,52.32002639770508,18,random,"(4, 4)",-0.34516307830810433
2.526631698608398,True,RIGHT,3,hard,"(1, 7)",RIGHT,random_hard_5,"(0, 6)",2,15,"(0, 5)",60.104530334472656,61.62376022338867,45.293338775634766,60.104530334472656,1.5192298889160156,61.62376022338867,51.547340393066406,18,random,"(4, 4)",-2.526631698608398
9.360288085937498,False,DOWN,2,hard,"(1, 7)",LEFT,random_hard_5,"(1, 6)",1,16,"(0, 6)",59.70417022705078,56.79268264770508,56.79268264770508,59.70417022705078,-2.911487579345703,50.119564056396484,47.24489212036133,18,random,"(4, 4)",9.360288085937498
6.6210360431671145,False,RIGHT,1,hard,"(1, 7)",DOWN,random_hard_5,"(1, 7)",0,17,"(1, 6)",66.83128356933594,3.3689639568328857,66.83128356933594,52.018924713134766,-63.46231961250305,3.3689639568328857,59.242740631103516,18,random,"(4, 4)",6.6210360431671145
1.1858432769775362,False,LEFT,20,hard,"(1, 7)",UP,random_hard_6,"(6, 5)",19,0,"(6, 6)",68.6448974609375,64.86314392089844,56.06528091430664,64.86314392089844,-3.7817535400390625,65.40101623535156,68.6448974609375,20,random,"(6, 6)",1.1858432769775362
1.4051417541503781,False,LEFT,19,hard,"(1, 7)",UP,random_hard_6,"(6, 4)",18,1,"(6, 5)",66.72624969482422,63.31458282470703,55.10128402709961,63.31458282470703,-3.4116668701171875,64.34590148925781,66.72624969482422,20,random,"(6, 6)",1.4051417541503781
1.7212975311279308,False,LEFT,18,hard,"(1, 7)",RIGHT,random_hard_6,"(6, 3)",17,2,"(6, 4)",65.38356018066406,64.7052993774414,60.76169204711914,64.7052993774414,-0.6782608032226562,65.38356018066406,54.575496673583984,20,random,"(6, 6)",1.7212975311279308
4.62495719909667,False,LEFT,17,hard,"(1, 7)",UP,random_hard_6,"(6, 2)",16,3,"(6, 3)",67.10767364501953,62.46481704711914,55.7741584777832,62.46481704711914,-4.642856597900391,63.37923812866211,67.10767364501953,20,random,"(6, 6)",4.62495719909667
0.44462608337403253,True,LEFT,16,hard,"(1, 7)",LEFT,random_hard_6,"(6, 1)",15,4,"(6, 2)",67.7195053100586,67.77754974365234,56.229976654052734,67.77754974365234,0.05804443359375,67.7195053100586,67.24650573730469,20,random,"(6, 6)",-0.44462608337403253
1.296105880737315,False,LEFT,15,hard,"(1, 7)",DOWN,random_hard_6,"(6, 0)",14,5,"(6, 1)",68.02315521240234,66.75220489501953,68.02315521240234,66.75220489501953,-1.2709503173828125,67.20484161376953,59.14733123779297,20,random,"(6, 6)",-1.296105880737315
0.9288808441162075,True,UP,14,hard,"(1, 7)",UP,random_hard_6,"(5, 0)",13,6,"(6, 0)",66.05126953125,66.12737274169922,66.05126953125,56.56443786621094,0.07610321044921875,65.49848937988281,66.12737274169922,20,random,"(6, 6)",0.9288808441162075
2.0244490051269537,True,UP,13,hard,"(1, 7)",UP,random_hard_6,"(4, 0)",12,7,"(5, 0)",66.72027587890625,67.74369049072266,66.72027587890625,55.74760437011719,1.0234146118164062,58.4694709777832,67.74369049072266,20,random,"(6, 6)",-2.0244490051269537
2.532606277465817,True,UP,12,hard,"(1, 7)",UP,random_hard_6,"(3, 0)",11,8,"(4, 0)",65.00564575195312,66.39317321777344,65.00564575195312,54.81755828857422,1.3875274658203125,58.176151275634766,66.39317321777344,20,random,"(6, 6)",-2.532606277465817
2.9640090942382784,True,RIGHT,11,hard,"(1, 7)",RIGHT,random_hard_6,"(3, 1)",10,9,"(3, 0)",64.14912414550781,64.5157241821289,64.14912414550781,52.61627960205078,0.36660003662109375,64.5157241821289,59.561378479003906,20,random,"(6, 6)",2.9640090942382784
0.8219676971435632,True,UP,10,hard,"(1, 7)",UP,random_hard_6,"(2, 1)",9,10,"(3, 1)",64.14093017578125,68.17144775390625,57.10173797607422,64.14093017578125,4.030517578125,56.591766357421875,68.17144775390625,20,random,"(6, 6)",-0.8219676971435632
0.46825576782227074,False,RIGHT,9,hard,"(1, 7)",DOWN,random_hard_6,"(2, 2)",8,11,"(2, 1)",68.03987884521484,66.61473083496094,68.03987884521484,56.044403076171875,-1.4251480102539062,66.61473083496094,58.84712219238281,20,random,"(6, 6)",-0.46825576782227074
0.18298751831054005,True,UP,8,hard,"(1, 7)",UP,random_hard_6,"(1, 2)",7,12,"(2, 2)",65.04029083251953,66.82472229003906,59.28279113769531,64.79489135742188,1.7844314575195312,65.04029083251953,66.82472229003906,20,random,"(6, 6)",0.18298751831054005
0.37108535766600426,False,RIGHT,7,hard,"(1, 7)",DOWN,random_hard_6,"(1, 3)",6,13,"(1, 2)",67.69465637207031,66.81460571289062,67.69465637207031,55.14673614501953,-0.8800506591796875,66.81460571289062,51.69728088378906,20,random,"(6, 6)",0.37108535766600426
1.962227096557612,False,UP,6,hard,"(1, 7)",DOWN,random_hard_6,"(0, 3)",5,14,"(1, 3)",67.87443542480469,66.56328582763672,67.87443542480469,63.8673095703125,-1.3111495971679688,58.44430160522461,66.56328582763672,20,random,"(6, 6)",1.962227096557612
1.649538574218738,True,RIGHT,5,hard,"(1, 7)",RIGHT,random_hard_6,"(0, 4)",4,15,"(0, 3)",67.28927612304688,69.22779083251953,67.28927612304688,59.47315979003906,1.9385147094726562,69.22779083251953,57.238525390625,20,random,"(6, 6)",1.649538574218738
1.148268280029285,True,RIGHT,4,hard,"(1, 7)",RIGHT,random_hard_6,"(0, 5)",3,16,"(0, 4)",68.47457885742188,71.60336303710938,59.86381149291992,68.47457885742188,3.1287841796875,71.60336303710938,54.206756591796875,20,random,"(6, 6)",1.148268280029285
2.136201782226564,True,RIGHT,3,hard,"(1, 7)",RIGHT,random_hard_6,"(0, 6)",2,17,"(0, 5)",69.42692565917969,73.49659729003906,60.256290435791016,69.42692565917969,4.069671630859375,73.49659729003906,55.45701599121094,20,random,"(6, 6)",-2.136201782226564
0.8386816406249977,True,DOWN,2,hard,"(1, 7)",DOWN,random_hard_6,"(1, 6)",1,18,"(0, 6)",68.9969711303711,72.09130859375,72.09130859375,68.9969711303711,3.0943374633789062,61.994285583496094,55.94643783569336,20,random,"(6, 6)",0.8386816406249977
1.9853437042236326,False,RIGHT,1,hard,"(1, 7)",DOWN,random_hard_6,"(1, 7)",0,19,"(1, 6)",73.6767578125,11.975343704223633,73.6767578125,63.523170471191406,-61.70141410827637,11.975343704223633,63.00871276855469,20,random,"(6, 6)",-1.9853437042236326
2.0625328826904337,True,DOWN,18,hard,"(0, 0)",DOWN,random_hard_7,"(5, 6)",17,0,"(4, 6)",52.293827056884766,52.526920318603516,52.526920318603516,52.14164352416992,0.23309326171875,52.293827056884766,52.00505828857422,18,random,"(4, 6)",2.0625328826904337
0.7490548706054696,False,DOWN,17,hard,"(0, 0)",LEFT,random_hard_7,"(6, 6)",16,1,"(5, 6)",55.150962829589844,54.4092903137207,54.4092903137207,55.150962829589844,-0.7416725158691406,53.2830924987793,54.99830627441406,18,random,"(4, 6)",0.7490548706054696
0.19865989685058594,False,DOWN,16,hard,"(0, 0)",UP,random_hard_7,"(7, 6)",15,2,"(6, 6)",55.72560119628906,54.95241165161133,54.95241165161133,55.19159698486328,-0.7731895446777344,53.268192291259766,55.72560119628906,18,random,"(4, 6)",0.19865989685058594
0.11064651489257926,False,LEFT,15,hard,"(0, 0)",UP,random_hard_7,"(7, 5)",14,3,"(7, 6)",55.71825408935547,55.44798278808594,45.57456588745117,55.44798278808594,-0.27027130126953125,54.62095642089844,55.71825408935547,18,random,"(4, 6)",0.11064651489257926
0.16388137817382642,False,LEFT,14,hard,"(0, 0)",UP,random_hard_7,"(7, 4)",13,4,"(7, 5)",56.12992858886719,54.797950744628906,46.562320709228516,54.797950744628906,-1.3319778442382812,55.72697067260742,56.12992858886719,18,random,"(4, 6)",-0.16388137817382642
2.3986553192138658,True,LEFT,13,hard,"(0, 0)",LEFT,random_hard_7,"(7, 3)",12,5,"(7, 4)",54.584903717041016,55.19602966308594,44.29783630371094,55.19602966308594,0.6111259460449219,54.584903717041016,43.59760284423828,18,random,"(4, 6)",-2.3986553192138658
1.5278908157348638,False,UP,12,hard,"(0, 0)",RIGHT,random_hard_7,"(6, 3)",11,6,"(7, 3)",53.340782165527344,53.229698181152344,43.57915115356445,51.802772521972656,-0.111083984375,53.340782165527344,53.229698181152344,18,random,"(4, 6)",1.5278908157348638
1.1931228637695312,False,LEFT,11,hard,"(0, 0)",DOWN,random_hard_7,"(6, 2)",10,7,"(6, 3)",55.320796966552734,52.58573913574219,55.320796966552734,52.58573913574219,-2.735057830810547,42.26898193359375,45.75932693481445,18,random,"(4, 6)",1.1931228637695312
1.8650669479370166,False,UP,10,hard,"(0, 0)",DOWN,random_hard_7,"(5, 2)",9,8,"(6, 2)",54.332183837890625,52.71287155151367,54.332183837890625,52.7800407409668,-1.6193122863769531,52.2402229309082,52.71287155151367,18,random,"(4, 6)",1.8650669479370166
0.47969902038574475,False,UP,9,hard,"(0, 0)",DOWN,random_hard_7,"(4, 2)",8,9,"(5, 2)",55.13933181762695,52.931243896484375,55.13933181762695,53.581417083740234,-2.208087921142578,41.69089126586914,52.931243896484375,18,random,"(4, 6)",0.47969902038574475
0.791192932128908,False,UP,8,hard,"(0, 0)",DOWN,random_hard_7,"(3, 2)",7,10,"(4, 2)",53.960548400878906,51.8817138671875,53.960548400878906,52.10683059692383,-2.0788345336914062,52.10184097290039,51.8817138671875,18,random,"(4, 6)",0.791192932128908
1.7335608673095706,True,RIGHT,7,hard,"(0, 0)",RIGHT,random_hard_7,"(3, 3)",6,11,"(3, 2)",52.14527893066406,53.215057373046875,52.14527893066406,46.329551696777344,1.0697784423828125,53.215057373046875,39.04697799682617,18,random,"(4, 6)",1.7335608673095706
1.5097067260742207,True,UP,6,hard,"(0, 0)",UP,random_hard_7,"(2, 3)",5,12,"(3, 3)",54.436180114746094,55.513755798339844,54.436180114746094,54.029884338378906,1.07757568359375,44.26673126220703,55.513755798339844,18,random,"(4, 6)",1.5097067260742207
1.1974074554443348,False,UP,5,hard,"(0, 0)",DOWN,random_hard_7,"(1, 3)",4,13,"(2, 3)",57.60955810546875,54.5285758972168,57.60955810546875,44.17509078979492,-3.080982208251953,53.82862854003906,54.5285758972168,18,random,"(4, 6)",1.1974074554443348
0.43765289306640653,True,UP,4,hard,"(0, 0)",UP,random_hard_7,"(0, 3)",3,14,"(1, 3)",56.12284469604492,56.298973083496094,56.12284469604492,52.988521575927734,0.17612838745117188,45.91208267211914,56.298973083496094,18,random,"(4, 6)",0.43765289306640653
1.2702428436279334,False,LEFT,3,hard,"(0, 0)",DOWN,random_hard_7,"(0, 2)",2,15,"(0, 3)",57.31982421875,51.528778076171875,57.31982421875,51.528778076171875,-5.791046142578125,53.80796432495117,42.94700622558594,18,random,"(4, 6)",1.2702428436279334
2.0837152862548862,False,LEFT,2,hard,"(0, 0)",DOWN,random_hard_7,"(0, 1)",1,16,"(0, 2)",53.342445373535156,50.20738983154297,53.342445373535156,50.20738983154297,-3.1350555419921875,52.24503707885742,37.07234191894531,18,random,"(4, 6)",2.0837152862548862
0.005723228454590057,False,LEFT,1,hard,"(0, 0)",DOWN,random_hard_7,"(0, 0)",0,17,"(0, 1)",52.82939910888672,9.98427677154541,52.82939910888672,9.98427677154541,-42.84512233734131,43.6093635559082,41.129173278808594,18,random,"(4, 6)",0.005723228454590057
1.3092630004882793,False,RIGHT,18,hard,"(0, 0)",UP,random_hard_8,"(2, 5)",17,0,"(2, 4)",51.111324310302734,50.551700592041016,42.64033126831055,49.58213806152344,-0.5596237182617188,50.551700592041016,51.111324310302734,18,random,"(2, 4)",1.3092630004882793
2.726534042358402,False,DOWN,17,hard,"(0, 0)",UP,random_hard_8,"(3, 5)",16,1,"(2, 5)",52.39491271972656,51.07516098022461,51.07516098022461,49.06817626953125,-1.3197517395019531,51.13680648803711,52.39491271972656,18,random,"(2, 4)",2.726534042358402
0.11882358551024907,False,RIGHT,16,hard,"(0, 0)",UP,random_hard_8,"(3, 6)",15,2,"(3, 5)",54.355247497558594,53.138179779052734,47.51544189453125,40.16553497314453,-1.2170677185058594,53.138179779052734,54.355247497558594,18,random,"(2, 4)",-0.11882358551024907
3.588789710998533,False,RIGHT,15,hard,"(0, 0)",UP,random_hard_8,"(3, 7)",14,3,"(3, 6)",53.565006256103516,50.07613754272461,42.51780319213867,49.14977264404297,-3.4888687133789062,50.07613754272461,53.565006256103516,18,random,"(2, 4)",3.588789710998533
0.4622550964355483,True,DOWN,14,hard,"(0, 0)",DOWN,random_hard_8,"(4, 7)",13,4,"(3, 7)",52.34822082519531,54.217098236083984,54.217098236083984,52.34822082519531,1.8688774108886719,43.268062591552734,45.15008544921875,18,random,"(2, 4)",-0.4622550964355483
0.2567559814453162,False,DOWN,13,hard,"(0, 0)",UP,random_hard_8,"(5, 7)",12,5,"(4, 7)",54.30792236328125,51.91781234741211,51.91781234741211,36.871315002441406,-2.3901100158691406,42.32194900512695,54.30792236328125,18,random,"(2, 4)",0.2567559814453162
2.6183063888549825,False,LEFT,12,hard,"(0, 0)",UP,random_hard_8,"(5, 6)",11,6,"(5, 7)",52.71168518066406,49.56371307373047,51.1835823059082,49.56371307373047,-3.1479721069335938,40.65623092651367,52.71168518066406,18,random,"(2, 4)",2.6183063888549825
2.8166940689086957,False,LEFT,11,hard,"(0, 0)",DOWN,random_hard_8,"(5, 5)",10,7,"(5, 6)",52.71921157836914,50.7860107421875,52.71921157836914,50.7860107421875,-1.9332008361816406,50.57033920288086,42.124855041503906,18,random,"(2, 4)",2.8166940689086957
1.3473484420776387,False,LEFT,10,hard,"(0, 0)",DOWN,random_hard_8,"(5, 4)",9,8,"(5, 5)",54.15424728393555,53.02129364013672,54.15424728393555,53.02129364013672,-1.1329536437988281,51.311771392822266,45.13568878173828,18,random,"(2, 4)",1.3473484420776387
2.937511634826663,False,LEFT,9,hard,"(0, 0)",DOWN,random_hard_8,"(5, 3)",8,9,"(5, 4)",54.927921295166016,51.648380279541016,54.927921295166016,51.648380279541016,-3.279541015625,51.39147186279297,42.632118225097656,18,random,"(2, 4)",2.937511634826663
0.6081421661376964,False,LEFT,8,hard,"(0, 0)",DOWN,random_hard_8,"(5, 2)",7,10,"(5, 3)",55.14736557006836,54.799713134765625,55.14736557006836,54.799713134765625,-0.3476524353027344,53.70365524291992,53.04969787597656,18,random,"(2, 4)",-0.6081421661376964
0.6161344909667932,False,LEFT,7,hard,"(0, 0)",DOWN,random_hard_8,"(5, 1)",6,11,"(5, 2)",54.749061584472656,54.07850646972656,54.749061584472656,54.07850646972656,-0.6705551147460938,52.40489959716797,47.0110969543457,18,random,"(2, 4)",-0.6161344909667932
0.9339584350585923,True,UP,6,hard,"(0, 0)",UP,random_hard_8,"(4, 1)",5,12,"(5, 1)",53.55748748779297,54.01249694824219,43.91349411010742,40.65293502807617,0.45500946044921875,53.55748748779297,54.01249694824219,18,random,"(2, 4)",-0.9339584350585923
1.1115028762817403,True,UP,5,hard,"(0, 0)",UP,random_hard_8,"(3, 1)",4,13,"(4, 1)",53.03860092163086,53.624786376953125,53.03860092163086,51.790645599365234,0.5861854553222656,44.02360534667969,53.624786376953125,18,random,"(2, 4)",1.1115028762817403
1.661007423400882,False,UP,4,hard,"(0, 0)",DOWN,random_hard_8,"(2, 1)",3,14,"(3, 1)",55.29928207397461,53.53703308105469,55.29928207397461,54.58313751220703,-1.7622489929199219,47.76712417602539,53.53703308105469,18,random,"(2, 4)",1.661007423400882
0.5250239562988313,False,UP,3,hard,"(0, 0)",DOWN,random_hard_8,"(1, 1)",2,15,"(2, 1)",55.76569747924805,52.58845520019531,55.76569747924805,53.085853576660156,-3.1772422790527344,48.04566955566406,52.58845520019531,18,random,"(2, 4)",0.5250239562988313
4.727159423828127,False,UP,2,hard,"(0, 0)",DOWN,random_hard_8,"(0, 1)",1,16,"(1, 1)",53.66007995605469,50.30722427368164,53.66007995605469,49.77840805053711,-3.352855682373047,50.4808349609375,50.30722427368164,18,random,"(2, 4)",4.727159423828127
3.714038600921631,False,LEFT,1,hard,"(0, 0)",DOWN,random_hard_8,"(0, 0)",0,17,"(0, 1)",55.60038757324219,6.275961399078369,55.60038757324219,6.275961399078369,-49.32442617416382,46.69271469116211,42.114837646484375,18,random,"(2, 4)",3.714038600921631
0.6105292129516613,True,LEFT,20,hard,"(0, 7)",LEFT,random_hard_9,"(6, 6)",19,0,"(6, 7)",42.685089111328125,43.67402267456055,42.685089111328125,43.67402267456055,0.9889335632324219,33.90054702758789,33.21284484863281,20,random,"(6, 7)",-0.6105292129516613
0.7040325164794936,True,LEFT,19,hard,"(0, 7)",LEFT,random_hard_9,"(6, 5)",18,1,"(6, 6)",43.06596755981445,43.50857925415039,43.06596755981445,43.50857925415039,0.4426116943359375,40.96745300292969,38.982032775878906,20,random,"(6, 7)",-0.7040325164794936
0.31734550476073764,True,LEFT,18,hard,"(0, 7)",LEFT,random_hard_9,"(6, 4)",17,2,"(6, 5)",40.5286979675293,43.24701690673828,33.9914665222168,43.24701690673828,2.7183189392089844,40.5286979675293,33.5101203918457,20,random,"(6, 7)",-0.31734550476073764
1.2699903869628884,True,LEFT,17,hard,"(0, 7)",LEFT,random_hard_9,"(6, 3)",16,3,"(6, 4)",40.1158561706543,43.37340545654297,32.73225021362305,43.37340545654297,3.257549285888672,40.1158561706543,33.912567138671875,20,random,"(6, 7)",-1.2699903869628884
1.3379456710815418,False,UP,16,hard,"(0, 7)",LEFT,random_hard_9,"(5, 3)",15,4,"(6, 3)",42.53880310058594,41.517234802246094,34.45932388305664,42.53880310058594,-1.0215682983398438,40.703617095947266,41.517234802246094,20,random,"(6, 7)",-1.3379456710815418
2.095488624572752,False,LEFT,15,hard,"(0, 7)",DOWN,random_hard_9,"(5, 2)",14,5,"(5, 3)",40.59524154663086,39.99424743652344,40.59524154663086,39.99424743652344,-0.6009941101074219,30.253313064575195,30.97837257385254,20,random,"(6, 7)",-2.095488624572752
3.9924535751342773,False,LEFT,14,hard,"(0, 7)",DOWN,random_hard_9,"(5, 1)",13,6,"(5, 2)",38.29167556762695,38.18229675292969,38.29167556762695,38.18229675292969,-0.10937881469726562,36.0369758605957,33.53544235229492,20,random,"(6, 7)",3.9924535751342773
0.8820965194702097,True,UP,13,hard,"(0, 7)",UP,random_hard_9,"(4, 1)",12,7,"(5, 1)",40.52686309814453,42.61085891723633,34.73194122314453,38.17611312866211,2.083995819091797,40.52686309814453,42.61085891723633,20,random,"(6, 7)",-0.8820965194702097
1.113965530395511,False,LEFT,12,hard,"(0, 7)",DOWN,random_hard_9,"(4, 0)",11,8,"(4, 1)",42.16036605834961,41.99675369262695,42.16036605834961,41.99675369262695,-0.16361236572265625,34.67238998413086,33.77891540527344,20,random,"(6, 7)",1.113965530395511
3.0318818283081015,False,UP,11,hard,"(0, 7)",DOWN,random_hard_9,"(3, 0)",10,9,"(4, 0)",43.55628204345703,43.274314880371094,43.55628204345703,36.50885772705078,-0.2819671630859375,41.84016036987305,43.274314880371094,20,random,"(6, 7)",-3.0318818283081015
0.13708690643310462,False,UP,10,hard,"(0, 7)",DOWN,random_hard_9,"(2, 0)",9,10,"(3, 0)",40.65902328491211,40.36323547363281,40.65902328491211,34.33086395263672,-0.2957878112792969,29.38054847717285,40.36323547363281,20,random,"(6, 7)",-0.13708690643310462
1.8779325485229492,False,UP,9,hard,"(0, 7)",DOWN,random_hard_9,"(1, 0)",8,11,"(2, 0)",40.642574310302734,39.61326217651367,40.642574310302734,31.787460327148438,-1.0293121337890625,30.7242374420166,39.61326217651367,20,random,"(6, 7)",1.8779325485229492
0.9608391189575229,False,RIGHT,8,hard,"(0, 7)",DOWN,random_hard_9,"(1, 1)",7,12,"(1, 0)",41.9203987121582,41.714508056640625,41.9203987121582,32.8756103515625,-0.20589065551757812,41.714508056640625,33.481998443603516,20,random,"(6, 7)",0.9608391189575229
2.09358367919922,True,RIGHT,7,hard,"(0, 7)",RIGHT,random_hard_9,"(1, 2)",6,13,"(1, 1)",41.50756072998047,43.116512298583984,36.63858413696289,41.22590255737305,1.6089515686035156,43.116512298583984,41.50756072998047,20,random,"(6, 7)",2.09358367919922
0.6032210922241177,False,RIGHT,6,hard,"(0, 7)",DOWN,random_hard_9,"(1, 3)",5,14,"(1, 2)",45.67686462402344,42.2226448059082,45.67686462402344,39.98389434814453,-3.4542198181152344,42.2226448059082,33.880332946777344,20,random,"(6, 7)",-0.6032210922241177
1.3309005737304673,True,RIGHT,5,hard,"(0, 7)",RIGHT,random_hard_9,"(1, 4)",4,15,"(1, 3)",40.56624984741211,42.049922943115234,36.650794982910156,40.56624984741211,1.483673095703125,42.049922943115234,34.431488037109375,20,random,"(6, 7)",-1.3309005737304673
2.057080535888673,False,RIGHT,4,hard,"(0, 7)",LEFT,random_hard_9,"(1, 5)",3,16,"(1, 4)",41.14042663574219,40.075157165527344,37.77956008911133,41.14042663574219,-1.0652694702148438,40.075157165527344,31.832202911376953,20,random,"(6, 7)",2.057080535888673
1.252864723205569,False,UP,3,hard,"(0, 7)",LEFT,random_hard_9,"(0, 5)",2,17,"(1, 5)",42.56791687011719,40.897254943847656,37.2645378112793,42.56791687011719,-1.6706619262695312,31.01419448852539,40.897254943847656,20,random,"(6, 7)",1.252864723205569
0.28170005798340014,False,RIGHT,2,hard,"(0, 7)",DOWN,random_hard_9,"(0, 6)",1,18,"(0, 5)",42.58597946166992,39.2743034362793,42.58597946166992,32.53059387207031,-3.311676025390625,39.2743034362793,32.044151306152344,20,random,"(6, 7)",0.28170005798340014
3.5177743339538576,False,RIGHT,1,hard,"(0, 7)",DOWN,random_hard_9,"(0, 7)",0,19,"(0, 6)",39.965660095214844,6.472225666046143,39.965660095214844,32.85609436035156,-33.4934344291687,6.472225666046143,24.476259231567383,20,random,"(6, 7)",3.5177743339538576
0.5534221267700232,True,DOWN,20,hard,"(7, 7)",DOWN,random_hard_10,"(1, 6)",19,0,"(0, 6)",47.452457427978516,48.43364334106445,48.43364334106445,47.146915435791016,0.9811859130859375,47.452457427978516,37.90970993041992,20,random,"(0, 6)",0.5534221267700232
1.759519844055177,False,LEFT,19,hard,"(7, 7)",RIGHT,random_hard_10,"(1, 5)",18,1,"(1, 6)",49.49198532104492,48.344268798828125,48.2547492980957,48.344268798828125,-1.1477165222167969,49.49198532104492,46.97875213623047,20,random,"(0, 6)",-1.759519844055177
0.2735731124877958,False,LEFT,18,hard,"(7, 7)",RIGHT,random_hard_10,"(1, 4)",17,2,"(1, 5)",47.06540298461914,46.705780029296875,37.335731506347656,46.705780029296875,-0.3596229553222656,47.06540298461914,44.19869613647461,20,random,"(0, 6)",0.2735731124877958
2.7600922775268586,False,LEFT,17,hard,"(7, 7)",RIGHT,random_hard_10,"(1, 3)",16,3,"(1, 4)",47.463993072509766,46.2695198059082,40.4223518371582,46.2695198059082,-1.1944732666015625,47.463993072509766,38.69456481933594,20,random,"(0, 6)",2.7600922775268586
1.7289481353759726,True,DOWN,16,hard,"(7, 7)",DOWN,random_hard_10,"(2, 3)",15,4,"(1, 3)",49.43857192993164,49.53496170043945,49.53496170043945,47.582977294921875,0.0963897705078125,49.43857192993164,47.336273193359375,20,random,"(0, 6)",-1.7289481353759726
0.8406835937500006,True,LEFT,15,hard,"(7, 7)",LEFT,random_hard_10,"(2, 2)",14,5,"(2, 3)",45.08181381225586,48.29900360107422,37.963802337646484,48.29900360107422,3.2171897888183594,38.71540832519531,45.08181381225586,20,random,"(0, 6)",0.8406835937500006
2.020809631347653,False,DOWN,14,hard,"(7, 7)",LEFT,random_hard_10,"(3, 2)",13,6,"(2, 2)",49.646148681640625,49.37807083129883,49.37807083129883,49.646148681640625,-0.2680778503417969,49.04000473022461,49.01628875732422,20,random,"(0, 6)",-2.020809631347653
1.559600028991703,False,LEFT,13,hard,"(7, 7)",UP,random_hard_10,"(3, 1)",12,7,"(3, 2)",47.84571838378906,47.30718231201172,39.94870376586914,47.30718231201172,-0.5385360717773438,40.02945327758789,47.84571838378906,20,random,"(0, 6)",1.559600028991703
5.721639633178711,False,LEFT,12,hard,"(7, 7)",RIGHT,random_hard_10,"(3, 0)",11,8,"(3, 1)",49.370487213134766,45.845863342285156,38.84682846069336,45.845863342285156,-3.5246238708496094,49.370487213134766,47.38002014160156,20,random,"(0, 6)",5.721639633178711
2.5838609695434585,True,DOWN,11,hard,"(7, 7)",DOWN,random_hard_10,"(4, 0)",10,9,"(3, 0)",49.34534454345703,52.098487854003906,52.098487854003906,39.55433654785156,2.753143310546875,49.34534454345703,41.55302429199219,20,random,"(0, 6)",-2.5838609695434585
1.107521514892575,True,DOWN,10,hard,"(7, 7)",DOWN,random_hard_10,"(5, 0)",9,10,"(4, 0)",49.92124938964844,50.02487564086914,50.02487564086914,38.16197967529297,0.10362625122070312,42.35255432128906,49.92124938964844,20,random,"(0, 6)",-1.107521514892575
1.2680508041381842,False,RIGHT,9,hard,"(7, 7)",UP,random_hard_10,"(5, 1)",8,11,"(5, 0)",49.42156982421875,48.448787689208984,42.33590316772461,37.993614196777344,-0.9727821350097656,48.448787689208984,49.42156982421875,20,random,"(0, 6)",1.2680508041381842
2.0105205535888686,True,DOWN,8,hard,"(7, 7)",DOWN,random_hard_10,"(6, 1)",7,12,"(5, 1)",46.55226516723633,50.229129791259766,50.229129791259766,46.55226516723633,3.6768646240234375,40.953548431396484,36.45912170410156,20,random,"(0, 6)",-2.0105205535888686
0.06913288116454908,False,DOWN,7,hard,"(7, 7)",RIGHT,random_hard_10,"(7, 1)",6,13,"(6, 1)",48.71576690673828,48.50446701049805,48.50446701049805,39.752925872802734,-0.21129989624023438,48.71576690673828,48.09160232543945,20,random,"(0, 6)",-0.06913288116454908
1.1083306503295915,True,RIGHT,6,hard,"(7, 7)",RIGHT,random_hard_10,"(7, 2)",5,14,"(7, 1)",48.28221130371094,48.9346809387207,37.29963302612305,38.192264556884766,0.6524696350097656,48.9346809387207,48.28221130371094,20,random,"(0, 6)",1.1083306503295915
1.3347046279907246,True,RIGHT,5,hard,"(7, 7)",RIGHT,random_hard_10,"(7, 3)",4,15,"(7, 2)",48.348541259765625,50.558597564697266,39.37532424926758,48.348541259765625,2.2100563049316406,50.558597564697266,48.174808502197266,20,random,"(0, 6)",-1.3347046279907246
0.7368913269042991,True,RIGHT,4,hard,"(7, 7)",RIGHT,random_hard_10,"(7, 4)",3,16,"(7, 3)",49.300907135009766,49.731204986572266,38.87308883666992,49.300907135009766,0.4302978515625,49.731204986572266,47.92780303955078,20,random,"(0, 6)",0.7368913269042991
0.537399177551265,True,RIGHT,3,hard,"(7, 7)",RIGHT,random_hard_10,"(7, 5)",2,17,"(7, 4)",48.35392761230469,50.98797607421875,40.11745834350586,48.35392761230469,2.6340484619140625,50.98797607421875,47.08424758911133,20,random,"(0, 6)",-0.537399177551265
1.086861343383788,True,RIGHT,2,hard,"(7, 7)",RIGHT,random_hard_10,"(7, 6)",1,18,"(7, 5)",47.810272216796875,50.970279693603516,40.16885757446289,47.810272216796875,3.1600074768066406,50.970279693603516,46.6948356628418,20,random,"(0, 6)",-1.086861343383788
0.6867263412475584,False,RIGHT,1,hard,"(7, 7)",UP,random_hard_10,"(7, 7)",0,19,"(7, 6)",50.39739227294922,10.676726341247559,42.06568145751953,49.84994125366211,-39.72066593170166,10.676726341247559,50.39739227294922,20,random,"(0, 6)",-0.6867263412475584
2.3818445587158195,False,UP,20,hard,"(6, 1)",RIGHT,random_hard_11,"(0, 0)",19,0,"(1, 0)",62.728187561035156,58.404685974121094,61.16485595703125,53.492149353027344,-4.3235015869140625,62.728187561035156,58.404685974121094,20,random,"(1, 0)",2.3818445587158195
0.5627865219116188,True,RIGHT,19,hard,"(6, 1)",RIGHT,random_hard_11,"(0, 1)",18,1,"(0, 0)",60.5551872253418,61.41063690185547,60.5551872253418,53.083290100097656,0.8554496765136719,61.41063690185547,48.59697341918945,20,random,"(1, 0)",-0.5627865219116188
0.2687028121948245,True,RIGHT,18,hard,"(6, 1)",RIGHT,random_hard_11,"(0, 2)",17,2,"(0, 1)",61.097206115722656,61.47257614135742,61.097206115722656,60.971988677978516,0.3753700256347656,61.47257614135742,47.015316009521484,20,random,"(1, 0)",-0.2687028121948245
0.5748880004882793,False,RIGHT,17,hard,"(6, 1)",DOWN,random_hard_11,"(0, 3)",16,3,"(0, 2)",61.83219528198242,61.265987396240234,61.83219528198242,61.40443801879883,-0.5662078857421875,61.265987396240234,47.40092849731445,20,random,"(1, 0)",0.5748880004882793
2.4623165130615234,False,RIGHT,16,hard,"(6, 1)",DOWN,random_hard_11,"(0, 4)",15,4,"(0, 3)",62.47563171386719,61.071563720703125,62.47563171386719,62.280818939208984,-1.4040679931640625,61.071563720703125,50.62220001220703,20,random,"(1, 0)",2.4623165130615234
2.0445117950439453,False,RIGHT,15,hard,"(6, 1)",LEFT,random_hard_11,"(0, 5)",14,5,"(0, 4)",64.18573760986328,60.83375930786133,63.54198455810547,64.18573760986328,-3.351978302001953,60.83375930786133,52.44938278198242,20,random,"(1, 0)",2.0445117950439453
1.4688790893554682,False,RIGHT,14,hard,"(6, 1)",LEFT,random_hard_11,"(0, 6)",13,6,"(0, 5)",63.52350616455078,60.01911544799805,50.71073913574219,63.52350616455078,-3.5043907165527344,60.01911544799805,51.758724212646484,20,random,"(1, 0)",1.4688790893554682
1.7369962692260756,False,DOWN,13,hard,"(6, 1)",LEFT,random_hard_11,"(1, 6)",12,7,"(0, 6)",62.11918640136719,61.6656494140625,61.6656494140625,62.11918640136719,-0.4535369873046875,60.72493362426758,50.602359771728516,20,random,"(1, 0)",-1.7369962692260756
0.8318599319458002,True,DOWN,12,hard,"(6, 1)",DOWN,random_hard_11,"(2, 6)",11,8,"(1, 6)",59.565921783447266,60.54409408569336,60.54409408569336,51.502891540527344,0.9781723022460938,59.565921783447266,58.526485443115234,20,random,"(1, 0)",-0.8318599319458002
1.789896240234377,True,DOWN,11,hard,"(6, 1)",DOWN,random_hard_11,"(3, 6)",10,9,"(2, 6)",59.22486114501953,60.32548904418945,60.32548904418945,50.12119674682617,1.1006278991699219,58.716331481933594,59.22486114501953,20,random,"(1, 0)",1.789896240234377
1.8863877868652352,False,DOWN,10,hard,"(6, 1)",LEFT,random_hard_11,"(4, 6)",9,10,"(3, 6)",62.75291442871094,57.92277908325195,57.92277908325195,62.75291442871094,-4.830135345458984,60.05112838745117,59.24531173706055,20,random,"(1, 0)",1.8863877868652352
1.539897079467778,False,DOWN,9,hard,"(6, 1)",UP,random_hard_11,"(5, 6)",8,11,"(4, 6)",60.42340087890625,58.171630859375,58.171630859375,53.4676513671875,-2.25177001953125,50.848167419433594,60.42340087890625,20,random,"(1, 0)",1.539897079467778
3.0595424270629863,False,DOWN,8,hard,"(6, 1)",UP,random_hard_11,"(6, 6)",7,12,"(5, 6)",60.32477569580078,56.7154655456543,56.7154655456543,52.43029022216797,-3.6093101501464844,57.86148452758789,60.32477569580078,20,random,"(1, 0)",3.0595424270629863
3.5337931823730457,False,DOWN,7,hard,"(6, 1)",UP,random_hard_11,"(7, 6)",6,13,"(6, 6)",60.38889694213867,55.6169548034668,55.6169548034668,50.83063507080078,-4.771942138671875,56.21211624145508,60.38889694213867,20,random,"(1, 0)",3.5337931823730457
1.0801253890991163,False,LEFT,6,hard,"(6, 1)",UP,random_hard_11,"(7, 5)",5,14,"(7, 6)",59.758331298828125,57.037071228027344,48.36275863647461,57.037071228027344,-2.7212600708007812,56.84128952026367,59.758331298828125,20,random,"(1, 0)",-1.0801253890991163
2.191418075561522,True,LEFT,5,hard,"(6, 1)",LEFT,random_hard_11,"(7, 4)",4,15,"(7, 5)",56.113643646240234,56.53226852416992,45.354679107666016,56.53226852416992,0.4186248779296875,56.113643646240234,42.802101135253906,20,random,"(1, 0)",-2.191418075561522
0.9071745681762735,False,LEFT,4,hard,"(6, 1)",UP,random_hard_11,"(7, 3)",3,16,"(7, 4)",54.89984893798828,52.83378219604492,43.02094650268555,52.83378219604492,-2.0660667419433594,52.64131546020508,54.89984893798828,20,random,"(1, 0)",0.9071745681762735
0.535456657409668,False,LEFT,3,hard,"(6, 1)",RIGHT,random_hard_11,"(7, 2)",2,17,"(7, 3)",54.29389572143555,53.45423126220703,41.58710479736328,53.45423126220703,-0.8396644592285156,54.29389572143555,47.40509033203125,20,random,"(1, 0)",0.535456657409668
1.4886581039428677,False,UP,2,hard,"(6, 1)",RIGHT,random_hard_11,"(6, 2)",1,18,"(7, 2)",54.54513931274414,51.11474609375,42.07500076293945,48.412254333496094,-3.4303932189941406,54.54513931274414,51.11474609375,20,random,"(1, 0)",-1.4886581039428677
3.31076789855957,False,LEFT,1,hard,"(6, 1)",DOWN,random_hard_11,"(6, 1)",0,19,"(6, 2)",50.1374626159668,13.30076789855957,50.1374626159668,13.30076789855957,-36.83669471740723,47.93359375,45.36674499511719,20,random,"(1, 0)",-3.31076789855957
0.07225948333740462,False,LEFT,19,hard,"(7, 5)",RIGHT,random_hard_12,"(4, 0)",18,0,"(4, 1)",52.3659553527832,52.346519470214844,51.98561096191406,52.346519470214844,-0.019435882568359375,52.3659553527832,41.623939514160156,19,random,"(4, 1)",0.07225948333740462
0.5266269302368158,False,UP,18,hard,"(7, 5)",DOWN,random_hard_12,"(3, 0)",17,1,"(4, 0)",52.9583625793457,51.82088851928711,52.9583625793457,43.63156509399414,-1.1374740600585938,52.62529754638672,51.82088851928711,19,random,"(4, 1)",0.5266269302368158
0.6682123184204087,True,UP,17,hard,"(7, 5)",UP,random_hard_12,"(2, 0)",16,2,"(3, 0)",52.63656997680664,52.88637924194336,52.63656997680664,45.54629135131836,0.24980926513671875,43.96761703491211,52.88637924194336,19,random,"(4, 1)",0.6682123184204087
0.378001327514653,True,UP,16,hard,"(7, 5)",UP,random_hard_12,"(1, 0)",15,3,"(2, 0)",53.83200454711914,54.105648040771484,53.83200454711914,45.152069091796875,0.27364349365234375,44.87260818481445,54.105648040771484,19,random,"(4, 1)",0.378001327514653
0.00686546325683679,False,RIGHT,15,hard,"(7, 5)",DOWN,random_hard_12,"(1, 1)",14,4,"(1, 0)",55.044090270996094,53.42993927001953,55.044090270996094,44.252296447753906,-1.6141510009765625,53.42993927001953,44.868900299072266,19,random,"(4, 1)",0.00686546325683679
0.22368808746337976,False,RIGHT,14,hard,"(7, 5)",LEFT,random_hard_12,"(1, 2)",13,5,"(1, 1)",53.986671447753906,53.352413177490234,46.157039642333984,53.986671447753906,-0.6342582702636719,53.352413177490234,51.63502502441406,19,random,"(4, 1)",-0.22368808746337976
1.6741973876953153,False,RIGHT,13,hard,"(7, 5)",LEFT,random_hard_12,"(1, 3)",12,6,"(1, 2)",53.675479888916016,52.08359146118164,49.27385711669922,53.675479888916016,-1.591888427734375,52.08359146118164,43.38221740722656,19,random,"(4, 1)",1.6741973876953153
1.400673408508304,False,RIGHT,12,hard,"(7, 5)",LEFT,random_hard_12,"(1, 4)",11,7,"(1, 3)",54.31089782714844,53.95522689819336,47.54758834838867,54.31089782714844,-0.3556709289550781,53.95522689819336,49.85153579711914,19,random,"(4, 1)",1.400673408508304
0.45178096771240206,False,DOWN,11,hard,"(7, 5)",LEFT,random_hard_12,"(2, 4)",10,8,"(1, 4)",55.92515182495117,55.3555908203125,55.3555908203125,55.92515182495117,-0.5695610046386719,42.14997482299805,43.555877685546875,19,random,"(4, 1)",0.45178096771240206
0.15216754913330277,True,DOWN,10,hard,"(7, 5)",DOWN,random_hard_12,"(3, 4)",9,9,"(2, 4)",51.589839935302734,56.38118362426758,56.38118362426758,49.07445526123047,4.791343688964844,47.739803314208984,51.589839935302734,19,random,"(4, 1)",-0.15216754913330277
2.207909164428713,True,RIGHT,9,hard,"(7, 5)",RIGHT,random_hard_12,"(3, 5)",8,10,"(3, 4)",56.78071594238281,56.80708694458008,48.02107620239258,56.78071594238281,0.026371002197265625,56.80708694458008,54.94024658203125,19,random,"(4, 1)",2.207909164428713
1.5123025894164996,False,RIGHT,8,hard,"(7, 5)",LEFT,random_hard_12,"(3, 6)",7,11,"(3, 5)",59.62120819091797,58.80375289916992,49.72398376464844,59.62120819091797,-0.8174552917480469,58.80375289916992,50.29005813598633,19,random,"(4, 1)",-1.5123025894164996
0.9741416931152358,True,RIGHT,7,hard,"(7, 5)",RIGHT,random_hard_12,"(3, 7)",6,12,"(3, 6)",57.84188461303711,57.880252838134766,47.71297073364258,57.84188461303711,0.03836822509765625,57.880252838134766,54.37889862060547,19,random,"(4, 1)",0.9741416931152358
0.47934543609618885,False,DOWN,6,hard,"(7, 5)",LEFT,random_hard_12,"(4, 7)",5,13,"(3, 7)",59.458984375,57.3812370300293,57.3812370300293,59.458984375,-2.077747344970703,47.71548843383789,57.03573226928711,19,random,"(4, 1)",-0.47934543609618885
4.428765106201169,True,DOWN,5,hard,"(7, 5)",DOWN,random_hard_12,"(5, 7)",4,14,"(4, 7)",55.01611328125,57.486759185791016,57.486759185791016,47.93427276611328,2.4706459045410156,47.704959869384766,55.01611328125,19,random,"(4, 1)",-4.428765106201169
1.786631469726558,False,LEFT,4,hard,"(7, 5)",UP,random_hard_12,"(5, 6)",3,15,"(5, 7)",53.604034423828125,50.570899963378906,46.67802047729492,50.570899963378906,-3.0331344604492188,45.69034957885742,53.604034423828125,19,random,"(4, 1)",-1.786631469726558
4.365180435180669,False,DOWN,3,hard,"(7, 5)",RIGHT,random_hard_12,"(6, 6)",2,16,"(5, 6)",49.287139892578125,46.07752990722656,46.07752990722656,36.83228302001953,-3.2096099853515625,49.287139892578125,37.415557861328125,19,random,"(4, 1)",4.365180435180669
1.7749713134765628,False,DOWN,2,hard,"(7, 5)",UP,random_hard_12,"(7, 6)",1,17,"(6, 6)",50.96233367919922,49.2866325378418,49.2866325378418,41.197933197021484,-1.6757011413574219,35.93864059448242,50.96233367919922,19,random,"(4, 1)",1.7749713134765628
3.1467463874816897,False,LEFT,1,hard,"(7, 5)",UP,random_hard_12,"(7, 5)",0,18,"(7, 6)",51.58747863769531,6.8432536125183105,40.80094528198242,6.8432536125183105,-44.744225025177,40.083797454833984,51.58747863769531,19,random,"(4, 1)",3.1467463874816897
2.2103865814208987,True,DOWN,18,hard,"(0, 1)",DOWN,random_hard_13,"(6, 4)",17,0,"(5, 4)",50.57057189941406,54.732627868652344,54.732627868652344,44.70267105102539,4.162055969238281,50.57057189941406,46.678733825683594,18,random,"(5, 4)",2.2103865814208987
2.0932751464843733,False,DOWN,17,hard,"(0, 1)",UP,random_hard_13,"(7, 4)",16,1,"(6, 4)",57.528297424316406,56.88029479980469,56.88029479980469,48.05329132080078,-0.6480026245117188,54.2148323059082,57.528297424316406,18,random,"(5, 4)",-2.0932751464843733
0.4172550964355466,False,RIGHT,16,hard,"(0, 1)",UP,random_hard_13,"(7, 5)",15,2,"(7, 4)",55.35052490234375,54.95441818237305,44.89339828491211,51.675193786621094,-0.3961067199707031,54.95441818237305,55.35052490234375,18,random,"(5, 4)",-0.4172550964355466
0.3996294021606488,False,RIGHT,15,hard,"(0, 1)",UP,random_hard_13,"(7, 6)",14,3,"(7, 5)",55.09814453125,54.20121765136719,44.8125114440918,54.0941276550293,-0.8969268798828125,54.20121765136719,55.09814453125,18,random,"(5, 4)",0.3996294021606488
1.0849677276611303,True,RIGHT,14,hard,"(0, 1)",RIGHT,random_hard_13,"(7, 7)",13,4,"(7, 6)",53.824615478515625,55.162471771240234,45.413570404052734,53.824615478515625,1.3378562927246094,55.162471771240234,42.336181640625,18,random,"(5, 4)",-1.0849677276611303
0.4663167953491225,True,UP,13,hard,"(0, 1)",UP,random_hard_13,"(6, 7)",12,5,"(7, 7)",53.839927673339844,54.63384246826172,45.08746337890625,53.839927673339844,0.793914794921875,43.74711990356445,54.63384246826172,18,random,"(5, 4)",-0.4663167953491225
0.2230251312255902,False,UP,12,hard,"(0, 1)",DOWN,random_hard_13,"(5, 7)",11,6,"(6, 7)",54.72477340698242,54.56391143798828,54.72477340698242,46.50981903076172,-0.16086196899414062,42.86692428588867,54.56391143798828,18,random,"(5, 4)",0.2230251312255902
2.4871362686157212,True,UP,11,hard,"(0, 1)",UP,random_hard_13,"(4, 7)",10,7,"(5, 7)",54.4156494140625,55.350440979003906,54.4156494140625,46.75812530517578,0.9347915649414062,43.27375793457031,55.350440979003906,18,random,"(5, 4)",2.4871362686157212
1.1882230377197232,True,UP,10,hard,"(0, 1)",UP,random_hard_13,"(3, 7)",9,8,"(4, 7)",56.64910125732422,58.4318962097168,54.595985412597656,56.64910125732422,1.7827949523925781,47.469791412353516,58.4318962097168,18,random,"(5, 4)",-1.1882230377197232
0.11873359680176065,False,LEFT,9,hard,"(0, 1)",UP,random_hard_13,"(3, 6)",8,9,"(3, 7)",57.831993103027344,57.39313507080078,56.48237991333008,57.39313507080078,-0.4388580322265625,48.16509246826172,57.831993103027344,18,random,"(5, 4)",0.11873359680176065
0.44758834838867045,False,LEFT,8,hard,"(0, 1)",DOWN,random_hard_13,"(3, 5)",7,10,"(3, 6)",58.10289764404297,56.41384506225586,58.10289764404297,56.41384506225586,-1.6890525817871094,55.37203598022461,56.69901657104492,18,random,"(5, 4)",0.44758834838867045
0.031182975769041832,True,LEFT,7,hard,"(0, 1)",LEFT,random_hard_13,"(3, 4)",6,11,"(3, 5)",57.01680374145508,57.445892333984375,50.36663055419922,57.445892333984375,0.4290885925292969,56.33198928833008,57.01680374145508,18,random,"(5, 4)",0.031182975769041832
0.7333470153808577,True,LEFT,6,hard,"(0, 1)",LEFT,random_hard_13,"(3, 3)",5,12,"(3, 4)",56.45651626586914,58.067752838134766,37.888484954833984,58.067752838134766,1.611236572265625,56.45651626586914,43.113609313964844,18,random,"(5, 4)",0.7333470153808577
3.2948796463012684,False,LEFT,5,hard,"(0, 1)",RIGHT,random_hard_13,"(3, 2)",4,13,"(3, 3)",59.4051513671875,58.833587646484375,56.80429458618164,58.833587646484375,-0.571563720703125,59.4051513671875,47.913150787353516,18,random,"(5, 4)",-3.2948796463012684
2.052331199645998,False,UP,4,hard,"(0, 1)",RIGHT,random_hard_13,"(2, 2)",3,14,"(3, 2)",56.109806060791016,55.99240493774414,55.16279983520508,54.401065826416016,-0.117401123046875,56.109806060791016,55.99240493774414,18,random,"(5, 4)",2.052331199645998
0.9620422744750954,False,LEFT,3,hard,"(0, 1)",DOWN,random_hard_13,"(2, 1)",2,15,"(2, 2)",58.64114761352539,55.35822296142578,58.64114761352539,55.35822296142578,-3.2829246520996094,47.3506965637207,44.12130355834961,18,random,"(5, 4)",-0.9620422744750954
0.7930061340331989,False,UP,2,hard,"(0, 1)",RIGHT,random_hard_13,"(1, 1)",1,16,"(2, 1)",54.95573806762695,50.68647766113281,54.70875930786133,53.755027770996094,-4.269260406494141,54.95573806762695,50.68647766113281,18,random,"(5, 4)",-0.7930061340331989
7.502821674346924,False,UP,1,hard,"(0, 1)",LEFT,random_hard_13,"(0, 1)",0,17,"(1, 1)",50.40754699707031,2.487178325653076,46.734683990478516,50.40754699707031,-47.920368671417236,37.918861389160156,2.487178325653076,18,random,"(5, 4)",7.502821674346924
0.12639984130859006,True,UP,18,hard,"(7, 0)",UP,random_hard_14,"(3, 5)",17,0,"(4, 5)",62.675376892089844,63.53733825683594,62.675376892089844,51.68714141845703,0.8619613647460938,60.84170150756836,63.53733825683594,18,random,"(4, 5)",-0.12639984130859006
1.7081818008422829,True,UP,17,hard,"(7, 0)",UP,random_hard_14,"(2, 5)",16,1,"(3, 5)",62.75859451293945,64.06155395507812,62.75859451293945,49.458770751953125,1.3029594421386719,61.8414421081543,64.06155395507812,18,random,"(4, 5)",-1.7081818008422829
1.4929160308837908,True,RIGHT,16,hard,"(7, 0)",RIGHT,random_hard_14,"(2, 6)",15,2,"(2, 5)",61.87256622314453,62.99330520629883,61.87256622314453,52.226322174072266,1.1207389831542969,62.99330520629883,54.0175895690918,18,random,"(4, 5)",-1.4929160308837908
0.1786786270141576,True,UP,15,hard,"(7, 0)",UP,random_hard_14,"(1, 6)",14,3,"(2, 6)",61.45439147949219,62.13170623779297,61.45439147949219,61.103668212890625,0.6773147583007812,59.6350212097168,62.13170623779297,18,random,"(4, 5)",-0.1786786270141576
2.0316245651245097,False,UP,14,hard,"(7, 0)",DOWN,random_hard_14,"(0, 6)",13,4,"(1, 6)",62.58891677856445,62.27714538574219,62.58891677856445,49.20623016357422,-0.3117713928222656,57.28644943237305,62.27714538574219,18,random,"(4, 5)",-2.0316245651245097
0.27749759674072294,False,LEFT,13,hard,"(7, 0)",DOWN,random_hard_14,"(0, 5)",12,5,"(0, 6)",60.86416244506836,59.95309829711914,60.86416244506836,59.95309829711914,-0.9110641479492188,48.01594161987305,50.66454315185547,18,random,"(4, 5)",0.27749759674072294
1.6674625778198262,True,LEFT,12,hard,"(7, 0)",LEFT,random_hard_14,"(0, 4)",11,6,"(0, 5)",60.397315979003906,60.84908676147461,51.62630081176758,60.84908676147461,0.4517707824707031,60.397315979003906,52.58376693725586,18,random,"(4, 5)",1.6674625778198262
1.1495726394653332,True,DOWN,11,hard,"(7, 0)",DOWN,random_hard_14,"(1, 4)",10,7,"(0, 4)",61.37403106689453,63.15813064575195,63.15813064575195,61.37403106689453,1.7840995788574219,60.73207473754883,54.691261291503906,18,random,"(4, 5)",-1.1495726394653332
2.4645130920410168,False,LEFT,10,hard,"(7, 0)",UP,random_hard_14,"(1, 3)",9,8,"(1, 4)",62.6450080871582,62.1332893371582,55.12784194946289,62.1332893371582,-0.51171875,48.36150360107422,62.6450080871582,18,random,"(4, 5)",2.4645130920410168
0.294609451293951,True,DOWN,9,hard,"(7, 0)",DOWN,random_hard_14,"(2, 3)",8,9,"(1, 3)",64.94580841064453,65.26040649414062,65.26040649414062,52.64955139160156,0.31459808349609375,64.94580841064453,63.946956634521484,18,random,"(4, 5)",-0.294609451293951
1.294976882934563,False,DOWN,8,hard,"(7, 0)",UP,random_hard_14,"(3, 3)",7,10,"(2, 3)",65.63211822509766,63.12642288208008,63.12642288208008,63.304691314697266,-2.505695343017578,50.098812103271484,65.63211822509766,18,random,"(4, 5)",1.294976882934563
0.5666774368286127,False,LEFT,7,hard,"(7, 0)",UP,random_hard_14,"(3, 2)",6,11,"(3, 3)",65.08222198486328,62.1871223449707,51.39793395996094,62.1871223449707,-2.895099639892578,50.09832763671875,65.08222198486328,18,random,"(4, 5)",0.5666774368286127
3.6128262329101517,False,DOWN,6,hard,"(7, 0)",LEFT,random_hard_14,"(4, 2)",5,12,"(3, 2)",63.39777755737305,61.54148864746094,61.54148864746094,63.39777755737305,-1.8562889099121094,61.57136154174805,63.248573303222656,18,random,"(4, 5)",3.6128262329101517
0.5185896301269537,False,DOWN,5,hard,"(7, 0)",UP,random_hard_14,"(5, 2)",4,13,"(4, 2)",65.82254028320312,60.7868766784668,60.7868766784668,63.69075393676758,-5.035663604736328,50.414676666259766,65.82254028320312,18,random,"(4, 5)",0.5185896301269537
1.1548764038085935,False,LEFT,4,hard,"(7, 0)",UP,random_hard_14,"(5, 1)",3,14,"(5, 2)",61.934814453125,60.8380126953125,54.236026763916016,60.8380126953125,-1.0968017578125,49.54319381713867,61.934814453125,18,random,"(4, 5)",1.1548764038085935
2.0074816894531224,True,DOWN,3,hard,"(7, 0)",DOWN,random_hard_14,"(6, 1)",2,15,"(5, 1)",61.325069427490234,62.629180908203125,62.629180908203125,60.82078552246094,1.3041114807128906,58.56846618652344,61.325069427490234,18,random,"(4, 5)",-2.0074816894531224
2.793381271362307,False,LEFT,2,hard,"(7, 0)",UP,random_hard_14,"(6, 0)",1,16,"(6, 1)",61.244140625,57.82853698730469,54.120147705078125,57.82853698730469,-3.4156036376953125,49.954307556152344,61.244140625,18,random,"(4, 5)",2.793381271362307
4.83026195526123,False,DOWN,1,hard,"(7, 0)",RIGHT,random_hard_14,"(7, 0)",0,17,"(6, 0)",61.244361877441406,14.82026195526123,14.82026195526123,49.67331314086914,-46.424099922180176,61.244361877441406,51.067996978759766,18,random,"(4, 5)",-4.83026195526123
0.48537246704101733,True,UP,18,hard,"(7, 5)",UP,random_hard_15,"(1, 6)",17,0,"(2, 6)",59.14674758911133,60.494590759277344,59.01627731323242,59.14674758911133,1.3478431701660156,56.45720672607422,60.494590759277344,18,random,"(2, 6)",-0.48537246704101733
1.327026596069338,False,LEFT,17,hard,"(7, 5)",DOWN,random_hard_15,"(1, 5)",16,1,"(1, 6)",60.62547302246094,58.061500549316406,60.62547302246094,58.061500549316406,-2.5639724731445312,56.65694046020508,59.216800689697266,18,random,"(2, 6)",1.327026596069338
1.5593855285644551,False,LEFT,16,hard,"(7, 5)",DOWN,random_hard_15,"(1, 4)",15,2,"(1, 5)",59.998512268066406,57.595184326171875,59.998512268066406,57.595184326171875,-2.4033279418945312,57.927085876464844,58.61834716796875,18,random,"(2, 6)",1.5593855285644551
0.4989749145507858,False,LEFT,15,hard,"(7, 5)",DOWN,random_hard_15,"(1, 3)",14,3,"(1, 4)",59.76219177246094,58.30297088623047,59.76219177246094,58.30297088623047,-1.4592208862304688,59.360660552978516,58.51728820800781,18,random,"(2, 6)",0.4989749145507858
4.353823738098143,False,LEFT,14,hard,"(7, 5)",DOWN,random_hard_15,"(1, 2)",13,4,"(1, 3)",59.406005859375,55.995567321777344,59.406005859375,55.995567321777344,-3.4104385375976562,58.78726577758789,58.91044998168945,18,random,"(2, 6)",4.353823738098143
0.6469039916992188,False,LEFT,13,hard,"(7, 5)",RIGHT,random_hard_15,"(1, 1)",12,5,"(1, 2)",60.96908187866211,56.90699768066406,58.761756896972656,56.90699768066406,-4.062084197998047,60.96908187866211,57.51715087890625,18,random,"(2, 6)",0.6469039916992188
0.8186157608032261,False,LEFT,12,hard,"(7, 5)",RIGHT,random_hard_15,"(1, 0)",11,6,"(1, 1)",58.145355224609375,56.683467864990234,47.29227828979492,56.683467864990234,-1.4618873596191406,58.145355224609375,55.93663787841797,18,random,"(2, 6)",0.8186157608032261
0.03417732238769844,False,DOWN,11,hard,"(7, 5)",RIGHT,random_hard_15,"(2, 0)",10,7,"(1, 0)",58.093013763427734,56.602256774902344,56.602256774902344,47.51442337036133,-1.4907569885253906,58.093013763427734,55.71481704711914,18,random,"(2, 6)",0.03417732238769844
1.7274628067016593,False,DOWN,10,hard,"(7, 5)",UP,random_hard_15,"(3, 0)",9,8,"(2, 0)",57.21862030029297,56.55228805541992,56.55228805541992,47.425193786621094,-0.6663322448730469,48.75558853149414,57.21862030029297,18,random,"(2, 6)",1.7274628067016593
0.578149719238283,False,DOWN,9,hard,"(7, 5)",UP,random_hard_15,"(4, 0)",8,9,"(3, 0)",58.878536224365234,57.219913482666016,57.219913482666016,47.97696304321289,-1.6586227416992188,57.48077392578125,58.878536224365234,18,random,"(2, 6)",0.578149719238283
1.9731396102905236,False,RIGHT,8,hard,"(7, 5)",UP,random_hard_15,"(4, 1)",7,10,"(4, 0)",58.39198303222656,57.035919189453125,50.326297760009766,46.92435073852539,-1.3560638427734375,57.035919189453125,58.39198303222656,18,random,"(2, 6)",-1.9731396102905236
0.3429581832885731,False,DOWN,7,hard,"(7, 5)",UP,random_hard_15,"(5, 1)",6,11,"(4, 1)",55.62907028198242,55.61296463012695,55.61296463012695,54.040809631347656,-0.01610565185546875,43.944950103759766,55.62907028198242,18,random,"(2, 6)",-0.3429581832885731
2.562451820373539,True,DOWN,6,hard,"(7, 5)",DOWN,random_hard_15,"(6, 1)",5,12,"(5, 1)",54.348060607910156,55.8383903503418,55.8383903503418,46.577545166015625,1.4903297424316406,54.094017028808594,54.348060607910156,18,random,"(2, 6)",2.562451820373539
3.102924766540525,True,DOWN,5,hard,"(7, 5)",DOWN,random_hard_15,"(7, 1)",4,13,"(6, 1)",55.80516052246094,59.000850677490234,59.000850677490234,47.8798942565918,3.195690155029297,45.62946701049805,55.80516052246094,18,random,"(2, 6)",-3.102924766540525
0.7195145416259763,False,RIGHT,4,hard,"(7, 5)",UP,random_hard_15,"(7, 2)",3,14,"(7, 1)",56.472652435302734,54.21718215942383,47.35081100463867,53.54966735839844,-2.2554702758789062,54.21718215942383,56.472652435302734,18,random,"(2, 6)",-0.7195145416259763
0.2957215118408243,False,RIGHT,3,hard,"(7, 5)",LEFT,random_hard_15,"(7, 3)",2,15,"(7, 2)",54.04814910888672,51.45527648925781,47.82768249511719,54.04814910888672,-2.5928726196289062,51.45527648925781,47.50457000732422,18,random,"(2, 6)",0.2957215118408243
3.4723777008056658,False,RIGHT,2,hard,"(7, 5)",LEFT,random_hard_15,"(7, 4)",1,16,"(7, 3)",52.283836364746094,49.809120178222656,47.161136627197266,52.283836364746094,-2.4747161865234375,49.809120178222656,47.36738586425781,18,random,"(2, 6)",3.4723777008056658
1.6912472152709963,False,RIGHT,1,hard,"(7, 5)",LEFT,random_hard_15,"(7, 5)",0,17,"(7, 4)",53.829795837402344,8.298752784729004,46.74396896362305,53.829795837402344,-45.53104305267334,8.298752784729004,52.919551849365234,18,random,"(2, 6)",1.6912472152709963
1.8984331893920938,False,LEFT,18,hard,"(7, 7)",DOWN,random_hard_16,"(5, 0)",17,0,"(5, 1)",46.4048957824707,44.11891174316406,46.4048957824707,44.11891174316406,-2.2859840393066406,37.52360534667969,32.98811340332031,18,random,"(5, 1)",1.8984331893920938
0.9064821624755908,False,UP,17,hard,"(7, 7)",DOWN,random_hard_16,"(4, 0)",16,1,"(5, 0)",46.49226760864258,44.840087890625,46.49226760864258,35.77571105957031,-1.6521797180175781,45.27436828613281,44.840087890625,18,random,"(5, 1)",0.9064821624755908
1.591832160949707,False,UP,16,hard,"(7, 7)",DOWN,random_hard_16,"(3, 0)",15,2,"(4, 0)",46.21875762939453,45.8770751953125,46.21875762939453,35.370445251464844,-0.34168243408203125,34.844093322753906,45.8770751953125,18,random,"(5, 1)",1.591832160949707
0.2985471343994135,True,UP,15,hard,"(7, 7)",UP,random_hard_16,"(2, 0)",14,3,"(3, 0)",45.677284240722656,47.958492279052734,45.677284240722656,35.81682586669922,2.281208038330078,44.8046989440918,47.958492279052734,18,random,"(5, 1)",0.2985471343994135
1.068764190673825,True,UP,14,hard,"(7, 7)",UP,random_hard_16,"(1, 0)",13,4,"(2, 0)",46.0820426940918,48.75458526611328,46.0820426940918,36.88763427734375,2.6725425720214844,38.11391067504883,48.75458526611328,18,random,"(5, 1)",-1.068764190673825
0.7252989578247053,True,RIGHT,13,hard,"(7, 7)",RIGHT,random_hard_16,"(1, 1)",12,5,"(1, 0)",46.862545013427734,48.17759704589844,46.862545013427734,35.98992919921875,1.3150520324707031,48.17759704589844,45.252281188964844,18,random,"(5, 1)",-0.7252989578247053
0.014644355773924644,True,RIGHT,12,hard,"(7, 7)",RIGHT,random_hard_16,"(1, 2)",11,6,"(1, 1)",47.09630584716797,47.941715240478516,37.700225830078125,47.09630584716797,0.8454093933105469,47.941715240478516,46.207374572753906,18,random,"(5, 1)",-0.014644355773924644
0.8761504745483393,True,RIGHT,11,hard,"(7, 7)",RIGHT,random_hard_16,"(1, 3)",10,7,"(1, 2)",46.7191162109375,48.42128372192383,45.98027420043945,46.7191162109375,1.7021675109863281,48.42128372192383,46.646636962890625,18,random,"(5, 1)",-0.8761504745483393
0.8987067031860363,False,RIGHT,10,hard,"(7, 7)",LEFT,random_hard_16,"(1, 4)",9,8,"(1, 3)",48.03548812866211,47.24326705932617,38.787532806396484,48.03548812866211,-0.7922210693359375,47.24326705932617,45.21253967285156,18,random,"(5, 1)",-0.8987067031860363
0.5528307723999006,True,DOWN,9,hard,"(7, 7)",DOWN,random_hard_16,"(2, 4)",8,9,"(1, 4)",46.81558609008789,46.82278823852539,46.82278823852539,46.81558609008789,0.0072021484375,46.39527130126953,37.31346130371094,18,random,"(5, 1)",0.5528307723999006
1.0275031661987342,False,DOWN,8,hard,"(7, 7)",RIGHT,random_hard_16,"(3, 4)",7,10,"(2, 4)",47.864261627197266,47.383827209472656,47.383827209472656,39.790016174316406,-0.4804344177246094,47.864261627197266,45.538970947265625,18,random,"(5, 1)",1.0275031661987342
2.131209983825684,False,DOWN,7,hard,"(7, 7)",RIGHT,random_hard_16,"(4, 4)",6,11,"(3, 4)",48.91043472290039,47.89091110229492,47.89091110229492,44.624595642089844,-1.0195236206054688,48.91043472290039,45.22056198120117,18,random,"(5, 1)",-2.131209983825684
0.2586990737915045,True,RIGHT,6,hard,"(7, 7)",RIGHT,random_hard_16,"(4, 5)",5,12,"(4, 4)",42.791080474853516,46.23202133178711,39.87422561645508,42.66876220703125,3.4409408569335938,46.23202133178711,42.791080474853516,18,random,"(5, 1)",0.2586990737915045
1.7556721878051746,True,DOWN,5,hard,"(7, 7)",DOWN,random_hard_16,"(5, 5)",4,13,"(4, 5)",46.806312561035156,46.97042465209961,46.97042465209961,44.63679504394531,0.16411209106445312,46.806312561035156,43.82174301147461,18,random,"(5, 1)",-1.7556721878051746
1.7994507598876908,True,RIGHT,4,hard,"(7, 7)",RIGHT,random_hard_16,"(5, 6)",3,14,"(5, 5)",43.17212677001953,45.68156814575195,36.82468032836914,35.60176086425781,2.509441375732422,45.68156814575195,43.17212677001953,18,random,"(5, 1)",-1.7994507598876908
0.9811919403076175,False,RIGHT,3,hard,"(7, 7)",LEFT,random_hard_16,"(5, 7)",2,15,"(5, 6)",44.335472106933594,43.60306167602539,34.36001205444336,44.335472106933594,-0.7324104309082031,43.60306167602539,43.452056884765625,18,random,"(5, 1)",0.9811919403076175
3.8240656661987273,False,DOWN,2,hard,"(7, 7)",LEFT,random_hard_16,"(6, 7)",1,16,"(5, 7)",45.044700622558594,37.845855712890625,37.845855712890625,45.044700622558594,-7.198844909667969,35.258358001708984,42.31665802001953,18,random,"(5, 1)",-3.8240656661987273
7.65178466796875,False,DOWN,1,hard,"(7, 7)",UP,random_hard_16,"(7, 7)",0,17,"(6, 7)",34.375545501708984,17.64178466796875,17.64178466796875,19.36717414855957,-16.733760833740234,26.432600021362305,34.375545501708984,18,random,"(5, 1)",-7.65178466796875
3.3032943725585966,True,UP,18,hard,"(4, 7)",UP,random_hard_17,"(2, 0)",17,0,"(3, 0)",63.58634948730469,71.78683471679688,63.28805160522461,56.240760803222656,8.200485229492188,63.58634948730469,71.78683471679688,18,random,"(3, 0)",-3.3032943725585966
0.45454086303710994,True,UP,17,hard,"(4, 7)",UP,random_hard_17,"(1, 0)",16,1,"(2, 0)",68.44729614257812,69.18539428710938,68.44729614257812,55.933685302734375,0.73809814453125,59.91804122924805,69.18539428710938,18,random,"(3, 0)",0.45454086303710994
0.3185353088378946,False,RIGHT,16,hard,"(4, 7)",DOWN,random_hard_17,"(1, 1)",15,2,"(1, 0)",70.35346984863281,69.49821472167969,70.35346984863281,56.68701171875,-0.855255126953125,69.49821472167969,69.27283477783203,18,random,"(3, 0)",-0.3185353088378946
1.3078526306152298,True,RIGHT,15,hard,"(4, 7)",RIGHT,random_hard_17,"(1, 2)",14,3,"(1, 1)",63.52341079711914,69.88856506347656,61.11488723754883,63.52341079711914,6.365154266357422,69.88856506347656,58.9669303894043,18,random,"(3, 0)",1.3078526306152298
2.354446105957024,False,DOWN,14,hard,"(4, 7)",RIGHT,random_hard_17,"(2, 2)",13,4,"(1, 2)",71.92567443847656,71.56025695800781,71.56025695800781,65.90460968017578,-0.36541748046875,71.92567443847656,70.81803894042969,18,random,"(3, 0)",2.354446105957024
4.761274185180653,False,DOWN,13,hard,"(4, 7)",RIGHT,random_hard_17,"(3, 2)",12,5,"(2, 2)",74.67141723632812,70.55923461914062,70.55923461914062,55.98911666870117,-4.1121826171875,74.67141723632812,71.56424713134766,18,random,"(3, 0)",4.761274185180653
2.761744079589832,False,DOWN,12,hard,"(4, 7)",RIGHT,random_hard_17,"(4, 2)",11,6,"(3, 2)",76.09142303466797,72.99866485595703,72.99866485595703,58.11311340332031,-3.0927581787109375,76.09142303466797,73.32298278808594,18,random,"(3, 0)",2.761744079589832
1.3928308868408124,False,DOWN,11,hard,"(4, 7)",RIGHT,random_hard_17,"(5, 2)",10,7,"(4, 2)",76.5357666015625,74.27255249023438,74.27255249023438,69.7468032836914,-2.263214111328125,76.5357666015625,74.74523162841797,18,random,"(3, 0)",1.3928308868408124
2.000754852294918,True,RIGHT,10,hard,"(4, 7)",RIGHT,random_hard_17,"(5, 3)",9,8,"(5, 2)",74.4916763305664,76.43978118896484,66.69075012207031,74.47161102294922,1.9481048583984375,76.43978118896484,74.4916763305664,18,random,"(3, 0)",2.000754852294918
0.5586835479736436,True,RIGHT,9,hard,"(4, 7)",RIGHT,random_hard_17,"(5, 4)",8,9,"(5, 3)",77.0214614868164,79.24296569824219,70.78507995605469,75.81839752197266,2.2215042114257812,79.24296569824219,77.0214614868164,18,random,"(3, 0)",-0.5586835479736436
1.5697583770752033,False,DOWN,8,hard,"(4, 7)",UP,random_hard_17,"(6, 4)",7,10,"(5, 4)",79.48917388916016,79.15249633789062,79.15249633789062,78.43592071533203,-0.33667755126953125,68.51268005371094,79.48917388916016,18,random,"(3, 0)",-1.5697583770752033
0.43363365173340185,False,DOWN,7,hard,"(4, 7)",UP,random_hard_17,"(7, 4)",6,11,"(6, 4)",78.37650299072266,75.51921081542969,75.51921081542969,65.26551818847656,-2.8572921752929688,64.5282974243164,78.37650299072266,18,random,"(3, 0)",-0.43363365173340185
0.8164904022216888,False,RIGHT,6,hard,"(4, 7)",UP,random_hard_17,"(7, 5)",5,12,"(7, 4)",75.85411834716797,70.05581665039062,62.95187759399414,65.91263580322266,-5.798301696777344,70.05581665039062,75.85411834716797,18,random,"(3, 0)",-0.8164904022216888
5.938317718505857,False,RIGHT,5,hard,"(4, 7)",LEFT,random_hard_17,"(7, 6)",4,13,"(7, 5)",69.94881439208984,69.88035583496094,64.20419311523438,69.94881439208984,-0.06845855712890625,69.88035583496094,67.16637420654297,18,random,"(3, 0)",5.938317718505857
1.4600758361816446,True,UP,4,hard,"(4, 7)",UP,random_hard_17,"(6, 6)",3,14,"(7, 6)",68.79313659667969,76.59461975097656,64.2319564819336,68.79313659667969,7.801483154296875,54.63947677612305,76.59461975097656,18,random,"(3, 0)",-1.4600758361816446
0.5651398468017703,True,UP,3,hard,"(4, 7)",UP,random_hard_17,"(5, 6)",2,15,"(6, 6)",70.48371887207031,75.90357971191406,70.48371887207031,64.74384307861328,5.41986083984375,50.72007369995117,75.90357971191406,18,random,"(3, 0)",-0.5651398468017703
5.44461700439453,False,UP,2,hard,"(4, 7)",DOWN,random_hard_17,"(4, 6)",1,16,"(5, 6)",76.10953521728516,75.71737670898438,76.10953521728516,66.17501831054688,-0.39215850830078125,53.71338653564453,75.71737670898438,18,random,"(3, 0)",5.44461700439453
0.7926328277587888,False,RIGHT,1,hard,"(4, 7)",DOWN,random_hard_17,"(4, 7)",0,17,"(4, 6)",81.99191284179688,10.782632827758789,81.99191284179688,69.04215240478516,-71.20928001403809,10.782632827758789,50.69398498535156,18,random,"(3, 0)",-0.7926328277587888
1.142713470458986,False,UP,18,hard,"(5, 7)",RIGHT,random_hard_18,"(6, 1)",17,0,"(7, 1)",68.01339721679688,66.60678100585938,53.88321304321289,55.721534729003906,-1.4066162109375,68.01339721679688,66.60678100585938,18,random,"(7, 1)",-1.142713470458986
0.9425045776367114,False,UP,17,hard,"(5, 7)",LEFT,random_hard_18,"(5, 1)",16,1,"(6, 1)",66.13542175292969,64.7083511352539,64.45193481445312,66.13542175292969,-1.4270706176757812,65.49388885498047,64.7083511352539,18,random,"(7, 1)",0.9425045776367114
1.1167344665527423,False,UP,16,hard,"(5, 7)",LEFT,random_hard_18,"(4, 1)",15,2,"(5, 1)",66.3240966796875,65.83824157714844,65.72135925292969,66.3240966796875,-0.4858551025390625,66.29974365234375,65.83824157714844,18,random,"(7, 1)",-1.1167344665527423
0.8114768218994044,False,UP,15,hard,"(5, 7)",LEFT,random_hard_18,"(3, 1)",14,3,"(4, 1)",65.38536071777344,64.66268920898438,63.55902099609375,65.38536071777344,-0.7226715087890625,63.29169845581055,64.66268920898438,18,random,"(7, 1)",0.8114768218994044
1.5409993743896564,True,UP,14,hard,"(5, 7)",UP,random_hard_18,"(2, 1)",13,4,"(3, 1)",64.84211730957031,66.14562225341797,64.84211730957031,55.00086212158203,1.3035049438476562,54.51165008544922,66.14562225341797,18,random,"(7, 1)",-1.5409993743896564
2.9296269989013553,True,UP,13,hard,"(5, 7)",UP,random_hard_18,"(1, 1)",12,5,"(2, 1)",63.86484909057617,65.26729583740234,63.44887924194336,63.86484909057617,1.4024467468261719,62.67014694213867,65.26729583740234,18,random,"(7, 1)",2.9296269989013553
0.49471733093261605,False,UP,12,hard,"(5, 7)",LEFT,random_hard_18,"(0, 1)",11,6,"(1, 1)",68.89588165283203,67.36656951904297,65.70735168457031,68.89588165283203,-1.5293121337890625,55.854183197021484,67.36656951904297,18,random,"(7, 1)",-0.49471733093261605
1.6367527770996162,False,RIGHT,11,hard,"(5, 7)",LEFT,random_hard_18,"(0, 2)",10,7,"(0, 1)",67.55742645263672,67.52735900878906,66.21929931640625,67.55742645263672,-0.03006744384765625,67.52735900878906,56.43009948730469,18,random,"(7, 1)",-1.6367527770996162
0.17903106689452386,True,RIGHT,10,hard,"(5, 7)",RIGHT,random_hard_18,"(0, 3)",9,8,"(0, 2)",65.5333023071289,66.56626892089844,55.60934066772461,65.5333023071289,1.0329666137695312,66.56626892089844,54.54420471191406,18,random,"(7, 1)",0.17903106689452386
0.25553131103515625,False,DOWN,9,hard,"(5, 7)",LEFT,random_hard_18,"(1, 3)",8,9,"(0, 3)",67.42959594726562,67.19340515136719,67.19340515136719,67.42959594726562,-0.2361907958984375,65.37039184570312,54.705322265625,18,random,"(7, 1)",-0.25553131103515625
0.29740753173828693,True,RIGHT,8,hard,"(5, 7)",RIGHT,random_hard_18,"(1, 4)",7,10,"(1, 3)",65.97103881835938,67.62411499023438,54.31914520263672,56.37372589111328,1.653076171875,67.62411499023438,65.97103881835938,18,random,"(7, 1)",-0.29740753173828693
0.8037816619873013,True,DOWN,7,hard,"(5, 7)",DOWN,random_hard_18,"(2, 4)",6,11,"(1, 4)",67.84907531738281,68.01687622070312,68.01687622070312,67.80304718017578,0.1678009033203125,67.84907531738281,64.74254608154297,18,random,"(7, 1)",0.8037816619873013
0.04531120300292457,False,DOWN,6,hard,"(5, 7)",RIGHT,random_hard_18,"(3, 4)",5,12,"(2, 4)",69.52591705322266,68.0587387084961,68.0587387084961,55.30799102783203,-1.4671783447265625,69.52591705322266,66.605224609375,18,random,"(7, 1)",0.04531120300292457
2.2530171966552643,False,DOWN,5,hard,"(5, 7)",RIGHT,random_hard_18,"(4, 4)",4,13,"(3, 4)",68.80207061767578,65.36579132080078,65.36579132080078,66.54219818115234,-3.436279296875,68.80207061767578,67.28498077392578,18,random,"(7, 1)",2.2530171966552643
2.1344431304931675,False,RIGHT,4,hard,"(5, 7)",UP,random_hard_18,"(4, 5)",3,14,"(4, 4)",68.31192779541016,67.10755157470703,56.808135986328125,58.482765197753906,-1.204376220703125,67.10755157470703,68.31192779541016,18,random,"(7, 1)",-2.1344431304931675
2.6516745758056643,False,RIGHT,3,hard,"(5, 7)",LEFT,random_hard_18,"(4, 6)",2,15,"(4, 5)",65.6395034790039,63.710811614990234,54.330528259277344,65.6395034790039,-1.9286918640136719,63.710811614990234,65.10822296142578,18,random,"(7, 1)",-2.6516745758056643
0.22021686553954822,False,RIGHT,2,hard,"(5, 7)",UP,random_hard_18,"(4, 7)",1,16,"(4, 6)",61.685997009277344,56.057498931884766,40.4140625,59.8745002746582,-5.628498077392578,56.057498931884766,61.685997009277344,18,random,"(7, 1)",-0.22021686553954822
8.976894149780273,False,DOWN,1,hard,"(5, 7)",RIGHT,random_hard_18,"(5, 7)",0,17,"(4, 7)",56.41139602661133,18.966894149780273,18.966894149780273,55.52030944824219,-37.444501876831055,56.41139602661133,45.410423278808594,18,random,"(7, 1)",-8.976894149780273
1.4636088562011622,False,RIGHT,18,hard,"(2, 2)",UP,random_hard_19,"(7, 2)",17,0,"(7, 1)",83.89282989501953,82.66728210449219,73.19049835205078,83.26533508300781,-1.2255477905273438,82.66728210449219,83.89282989501953,18,random,"(7, 1)",1.4636088562011622
2.410846939086923,False,RIGHT,17,hard,"(2, 2)",LEFT,random_hard_19,"(7, 3)",16,1,"(7, 2)",84.99079895019531,84.33220672607422,72.59893035888672,84.99079895019531,-0.6585922241210938,84.33220672607422,75.64585876464844,18,random,"(7, 1)",-2.410846939086923
2.8021660614013797,True,UP,16,hard,"(2, 2)",UP,random_hard_19,"(6, 3)",15,2,"(7, 3)",82.64736938476562,82.75894927978516,72.97587585449219,80.03755187988281,0.11157989501953125,82.64736938476562,82.75894927978516,18,random,"(7, 1)",-2.8021660614013797
1.0459562683105474,False,RIGHT,15,hard,"(2, 2)",UP,random_hard_19,"(6, 4)",14,3,"(6, 3)",80.77452850341797,77.8555908203125,79.11708068847656,67.99916076660156,-2.9189376831054688,77.8555908203125,80.77452850341797,18,random,"(7, 1)",1.0459562683105474
0.05208595275880157,True,RIGHT,14,hard,"(2, 2)",RIGHT,random_hard_19,"(6, 5)",13,4,"(6, 4)",78.41551971435547,79.70863342285156,78.38917541503906,78.41551971435547,1.2931137084960938,79.70863342285156,71.28018951416016,18,random,"(7, 1)",-0.05208595275880157
1.0929604339599592,False,UP,13,hard,"(2, 2)",DOWN,random_hard_19,"(5, 5)",12,5,"(6, 5)",80.47126007080078,79.90462493896484,80.47126007080078,77.8178482055664,-0.5666351318359375,80.22117614746094,79.90462493896484,18,random,"(7, 1)",1.0929604339599592
3.1647421264648443,True,UP,12,hard,"(2, 2)",UP,random_hard_19,"(4, 5)",11,6,"(5, 5)",79.30770111083984,81.82584381103516,79.30770111083984,63.877830505371094,2.5181427001953125,67.7367935180664,81.82584381103516,18,random,"(7, 1)",-3.1647421264648443
0.880559997558592,True,RIGHT,11,hard,"(2, 2)",RIGHT,random_hard_19,"(4, 6)",10,7,"(4, 5)",79.21471405029297,79.46575927734375,79.21471405029297,66.05335235595703,0.25104522705078125,79.46575927734375,75.16365814208984,18,random,"(7, 1)",0.880559997558592
0.4754685211181737,True,UP,10,hard,"(2, 2)",UP,random_hard_19,"(3, 6)",9,8,"(4, 6)",80.0235366821289,81.16799926757812,69.81607818603516,80.0235366821289,1.1444625854492188,77.86071014404297,81.16799926757812,18,random,"(7, 1)",-0.4754685211181737
1.1109083557128798,False,RIGHT,9,hard,"(2, 2)",DOWN,random_hard_19,"(3, 7)",8,9,"(3, 6)",81.51770782470703,81.31234741210938,81.51770782470703,66.70096588134766,-0.20536041259765625,81.31234741210938,69.24454498291016,18,random,"(7, 1)",1.1109083557128798
1.0157208251953023,True,UP,8,hard,"(2, 2)",UP,random_hard_19,"(2, 7)",7,10,"(3, 7)",82.580810546875,83.26591491699219,82.580810546875,81.8414077758789,0.6851043701171875,70.37713623046875,83.26591491699219,18,random,"(7, 1)",1.0157208251953023
4.692000732421874,True,UP,7,hard,"(2, 2)",UP,random_hard_19,"(1, 7)",6,11,"(2, 7)",83.30094909667969,85.14306640625,83.30094909667969,69.42530822753906,1.8421173095703125,70.80296325683594,85.14306640625,18,random,"(7, 1)",-4.692000732421874
2.180029678344738,False,LEFT,6,hard,"(2, 2)",DOWN,random_hard_19,"(1, 6)",5,12,"(1, 7)",81.2738037109375,79.73896026611328,81.2738037109375,79.73896026611328,-1.5348434448242188,68.20549011230469,74.0451889038086,18,random,"(7, 1)",-2.180029678344738
0.5624080657958928,True,LEFT,5,hard,"(2, 2)",LEFT,random_hard_19,"(1, 5)",4,13,"(1, 6)",78.0960922241211,78.35245513916016,69.26152038574219,78.35245513916016,0.2563629150390625,78.0960922241211,76.9836196899414,18,random,"(7, 1)",0.5624080657958928
1.2279900360107376,False,DOWN,4,hard,"(2, 2)",UP,random_hard_19,"(2, 5)",3,14,"(1, 5)",79.72208404541016,78.80838775634766,78.80838775634766,76.43760681152344,-0.9136962890625,79.17495727539062,79.72208404541016,18,random,"(7, 1)",1.2279900360107376
4.503041839599604,False,LEFT,3,hard,"(2, 2)",UP,random_hard_19,"(2, 4)",2,15,"(2, 5)",80.85492706298828,77.58733367919922,70.27120208740234,77.58733367919922,-3.2675933837890625,70.80137634277344,80.85492706298828,18,random,"(7, 1)",4.503041839599604
7.806421661376945,False,LEFT,2,hard,"(2, 2)",UP,random_hard_19,"(2, 3)",1,16,"(2, 4)",82.92967224121094,70.84381866455078,75.90728759765625,70.84381866455078,-12.085853576660156,77.62637329101562,82.92967224121094,18,random,"(7, 1)",7.806421661376945
1.0280978775024412,False,LEFT,1,hard,"(2, 2)",DOWN,random_hard_19,"(2, 2)",0,17,"(2, 3)",79.45478820800781,11.018097877502441,79.45478820800781,11.018097877502441,-68.43669033050537,70.87039184570312,78.27069854736328,18,random,"(7, 1)",-1.0280978775024412
1.5786636352539105,True,RIGHT,23,hard,"(6, 0)",RIGHT,random_hard_20,"(1, 3)",22,0,"(1, 2)",46.12556457519531,52.5936393737793,45.7569580078125,43.40076446533203,6.468074798583984,52.5936393737793,46.12556457519531,23,random,"(1, 2)",1.5786636352539105
0.7721667861938499,True,UP,22,hard,"(6, 0)",UP,random_hard_20,"(0, 3)",21,1,"(1, 3)",50.418785095214844,54.72959899902344,42.26161193847656,50.418785095214844,4.310813903808594,44.629032135009766,54.72959899902344,23,random,"(1, 2)",0.7721667861938499
1.6349530029296844,True,RIGHT,21,hard,"(6, 0)",RIGHT,random_hard_20,"(0, 4)",20,2,"(0, 3)",53.815391540527344,56.07249069213867,53.815391540527344,47.072235107421875,2.257099151611328,56.07249069213867,46.466552734375,23,random,"(1, 2)",-1.6349530029296844
2.0218131256103504,False,RIGHT,20,hard,"(6, 0)",LEFT,random_hard_20,"(0, 5)",19,3,"(0, 4)",54.99751281738281,54.793704986572266,42.87251281738281,54.99751281738281,-0.20380783081054688,54.793704986572266,47.24913787841797,23,random,"(1, 2)",2.0218131256103504
1.1589461517333959,False,DOWN,19,hard,"(6, 0)",RIGHT,random_hard_20,"(1, 5)",18,4,"(0, 5)",57.399513244628906,56.464962005615234,56.464962005615234,57.396671295166016,-0.9345512390136719,57.399513244628906,48.26556396484375,23,random,"(1, 2)",-1.1589461517333959
0.1658496093750017,False,DOWN,18,hard,"(6, 0)",UP,random_hard_20,"(2, 5)",17,5,"(1, 5)",55.87476348876953,53.25491714477539,53.25491714477539,43.96869659423828,-2.6198463439941406,53.2979621887207,55.87476348876953,23,random,"(1, 2)",-0.1658496093750017
2.3983489990234403,False,DOWN,17,hard,"(6, 0)",RIGHT,random_hard_20,"(3, 5)",16,6,"(2, 5)",53.63542175292969,51.395694732666016,51.395694732666016,53.39458465576172,-2.239727020263672,53.63542175292969,51.69779968261719,23,random,"(1, 2)",2.3983489990234403
0.026699485778813425,False,RIGHT,16,hard,"(6, 0)",UP,random_hard_20,"(3, 6)",15,7,"(3, 5)",54.34751892089844,52.33931350708008,41.95643997192383,42.15911102294922,-2.0082054138183594,52.33931350708008,54.34751892089844,23,random,"(1, 2)",0.026699485778813425
2.5431520080566443,False,DOWN,15,hard,"(6, 0)",UP,random_hard_20,"(4, 6)",14,8,"(3, 6)",52.90506362915039,52.27084732055664,52.27084732055664,51.474205017089844,-0.63421630859375,42.65707015991211,52.90506362915039,23,random,"(1, 2)",2.5431520080566443
2.3736880874633783,False,RIGHT,14,hard,"(6, 0)",UP,random_hard_20,"(4, 7)",13,9,"(4, 6)",55.377777099609375,53.11397171020508,39.64128494262695,40.774879455566406,-2.263805389404297,53.11397171020508,55.377777099609375,23,random,"(1, 2)",-2.3736880874633783
3.651580581665037,True,DOWN,13,hard,"(6, 0)",DOWN,random_hard_20,"(5, 7)",12,10,"(4, 7)",49.71141052246094,51.26291275024414,51.26291275024414,49.71141052246094,1.5515022277832031,43.400936126708984,48.850616455078125,23,random,"(1, 2)",3.651580581665037
0.9961053085327123,False,DOWN,12,hard,"(6, 0)",UP,random_hard_20,"(6, 7)",11,11,"(5, 7)",55.479286193847656,52.923336029052734,52.923336029052734,39.770408630371094,-2.555950164794922,41.8880615234375,55.479286193847656,23,random,"(1, 2)",-0.9961053085327123
1.082675666809081,False,DOWN,11,hard,"(6, 0)",UP,random_hard_20,"(7, 7)",10,12,"(6, 7)",52.461849212646484,49.95368194580078,49.95368194580078,38.6513786315918,-2.508167266845703,38.985443115234375,52.461849212646484,23,random,"(1, 2)",1.082675666809081
0.5456155395507807,False,LEFT,10,hard,"(6, 0)",UP,random_hard_20,"(7, 6)",9,13,"(7, 7)",51.56197738647461,49.011566162109375,39.326236724853516,49.011566162109375,-2.5504112243652344,37.004451751708984,51.56197738647461,23,random,"(1, 2)",-0.5456155395507807
0.42022388458251925,True,LEFT,9,hard,"(6, 0)",LEFT,random_hard_20,"(7, 5)",8,14,"(7, 6)",48.129390716552734,48.965606689453125,39.185638427734375,48.965606689453125,0.8362159729003906,48.129390716552734,42.73873519897461,23,random,"(1, 2)",-0.42022388458251925
0.15500343322754162,True,LEFT,8,hard,"(6, 0)",LEFT,random_hard_20,"(7, 4)",7,15,"(7, 5)",46.87519454956055,49.045841217041016,38.44485092163086,49.045841217041016,2.1706466674804688,46.87519454956055,41.77616882324219,23,random,"(1, 2)",0.15500343322754162
2.6354940032958964,True,UP,7,hard,"(6, 0)",UP,random_hard_20,"(6, 4)",6,16,"(7, 4)",43.713382720947266,49.707923889160156,36.47469711303711,36.413734436035156,5.994541168212891,43.713382720947266,49.707923889160156,23,random,"(1, 2)",2.6354940032958964
1.0606108474731428,True,UP,6,hard,"(6, 0)",UP,random_hard_20,"(5, 4)",5,17,"(6, 4)",51.78631591796875,52.882240295410156,51.54816818237305,51.78631591796875,1.0959243774414062,39.823944091796875,52.882240295410156,23,random,"(1, 2)",1.0606108474731428
1.3472209930419936,True,LEFT,5,hard,"(6, 0)",LEFT,random_hard_20,"(5, 3)",4,18,"(5, 4)",53.15251541137695,54.49782943725586,52.336421966552734,54.49782943725586,1.3453140258789062,53.15251541137695,47.319114685058594,23,random,"(1, 2)",1.3472209930419936
3.327609939575197,False,LEFT,4,hard,"(6, 0)",UP,random_hard_20,"(5, 2)",3,19,"(5, 3)",56.41924285888672,54.70138931274414,54.787715911865234,54.70138931274414,-1.7178535461425781,54.43544387817383,56.41924285888672,23,random,"(1, 2)",3.327609939575197
1.1462315368652298,True,LEFT,3,hard,"(6, 0)",LEFT,random_hard_20,"(5, 1)",2,20,"(5, 2)",53.42829132080078,58.62525177001953,47.5450325012207,58.62525177001953,5.19696044921875,53.42829132080078,48.650665283203125,23,random,"(1, 2)",-1.1462315368652298
5.787312316894528,False,LEFT,2,hard,"(6, 0)",UP,random_hard_20,"(5, 0)",1,21,"(5, 1)",58.06971740722656,56.97289276123047,42.82616424560547,56.97289276123047,-1.0968246459960938,55.20980453491211,58.06971740722656,23,random,"(1, 2)",-5.787312316894528
1.5084846115112303,False,DOWN,1,hard,"(6, 0)",RIGHT,random_hard_20,"(6, 0)",0,22,"(5, 0)",51.71270751953125,11.49848461151123,11.49848461151123,45.24755096435547,-40.21422290802002,51.71270751953125,34.395729064941406,23,random,"(1, 2)",-1.5084846115112303
0.10161735534667571,False,DOWN,19,hard,"(2, 7)",RIGHT,random_hard_21,"(1, 2)",18,0,"(0, 2)",80.57868194580078,80.3251953125,80.3251953125,78.86687469482422,-0.25348663330078125,80.57868194580078,71.44478607177734,19,random,"(0, 2)",0.10161735534667571
1.5240930175781244,True,DOWN,18,hard,"(2, 7)",DOWN,random_hard_21,"(2, 2)",17,1,"(1, 2)",80.69933319091797,81.24930572509766,81.24930572509766,77.43851470947266,0.5499725341796875,79.77410125732422,80.69933319091797,19,random,"(0, 2)",-1.5240930175781244
1.614797973632804,False,LEFT,17,hard,"(2, 7)",UP,random_hard_21,"(2, 1)",16,2,"(2, 2)",80.54061889648438,78.49810028076172,71.04400634765625,78.49810028076172,-2.0425186157226562,79.83956146240234,80.54061889648438,19,random,"(0, 2)",1.614797973632804
0.8560529327392601,True,DOWN,16,hard,"(2, 7)",DOWN,random_hard_21,"(3, 1)",15,3,"(2, 1)",80.7393798828125,80.93222045898438,80.93222045898438,69.02342987060547,0.192840576171875,78.47518157958984,80.7393798828125,19,random,"(0, 2)",-0.8560529327392601
1.507107238769521,False,DOWN,15,hard,"(2, 7)",UP,random_hard_21,"(4, 1)",14,4,"(3, 1)",80.8951187133789,79.53651428222656,79.53651428222656,76.54313659667969,-1.3586044311523438,69.46646118164062,80.8951187133789,19,random,"(0, 2)",1.507107238769521
0.47241897583006676,True,DOWN,14,hard,"(2, 7)",DOWN,random_hard_21,"(5, 1)",13,5,"(4, 1)",81.2989273071289,81.87234497070312,81.87234497070312,80.65441131591797,0.5734176635742188,80.81290435791016,81.2989273071289,19,random,"(0, 2)",0.47241897583006676
0.1597127532959064,False,DOWN,13,hard,"(2, 7)",UP,random_hard_21,"(6, 1)",12,6,"(5, 1)",83.18663024902344,82.30792236328125,82.30792236328125,82.15887451171875,-0.8787078857421875,82.51458740234375,83.18663024902344,19,random,"(0, 2)",-0.1597127532959064
0.26710563659668196,False,RIGHT,12,hard,"(2, 7)",UP,random_hard_21,"(6, 2)",11,7,"(6, 1)",82.98809051513672,81.52268981933594,79.99381256103516,81.24063873291016,-1.4654006958007812,81.52268981933594,82.98809051513672,19,random,"(0, 2)",-0.26710563659668196
2.2912658691406307,False,RIGHT,11,hard,"(2, 7)",LEFT,random_hard_21,"(6, 3)",10,8,"(6, 2)",82.0864486694336,81.9219741821289,73.06365966796875,82.0864486694336,-0.1644744873046875,81.9219741821289,82.02286529541016,19,random,"(0, 2)",-2.2912658691406307
1.0070934295654297,True,DOWN,10,hard,"(2, 7)",DOWN,random_hard_21,"(7, 3)",9,9,"(6, 3)",79.86907958984375,80.44515991210938,80.44515991210938,79.2815170288086,0.576080322265625,79.86907958984375,71.00733184814453,19,random,"(0, 2)",-1.0070934295654297
2.0074036407470714,False,RIGHT,9,hard,"(2, 7)",UP,random_hard_21,"(7, 4)",8,10,"(7, 3)",80.25057220458984,79.96989440917969,71.15459442138672,70.90523529052734,-0.28067779541015625,79.96989440917969,80.25057220458984,19,random,"(0, 2)",2.0074036407470714
1.2747233581543043,False,RIGHT,8,hard,"(2, 7)",UP,random_hard_21,"(7, 5)",7,11,"(7, 4)",82.8154525756836,79.31304168701172,71.92347717285156,77.75440216064453,-3.502410888671875,79.31304168701172,82.8154525756836,19,random,"(0, 2)",-1.2747233581543043
0.12929809570313466,True,RIGHT,7,hard,"(2, 7)",RIGHT,random_hard_21,"(7, 6)",6,12,"(7, 5)",78.50878143310547,78.83668518066406,70.09136199951172,78.50878143310547,0.32790374755859375,78.83668518066406,71.14153289794922,19,random,"(0, 2)",-0.12929809570313466
2.3357458496093813,True,UP,6,hard,"(2, 7)",UP,random_hard_21,"(6, 6)",5,13,"(7, 6)",78.6590576171875,79.51251220703125,70.484619140625,78.6590576171875,0.85345458984375,76.58186340332031,79.51251220703125,19,random,"(0, 2)",-2.3357458496093813
0.42713981628418196,False,UP,5,hard,"(2, 7)",DOWN,random_hard_21,"(5, 6)",4,14,"(6, 6)",77.9664306640625,77.69544219970703,77.9664306640625,70.03941345214844,-0.27098846435546875,76.25775146484375,77.69544219970703,19,random,"(0, 2)",-0.42713981628418196
1.1432753753662155,False,RIGHT,4,hard,"(2, 7)",LEFT,random_hard_21,"(5, 7)",3,15,"(5, 6)",78.05889129638672,75.40039825439453,76.74411010742188,78.05889129638672,-2.6584930419921875,75.40039825439453,62.557647705078125,19,random,"(0, 2)",-1.1432753753662155
4.3782196044921875,False,UP,3,hard,"(2, 7)",LEFT,random_hard_21,"(4, 7)",2,16,"(5, 7)",75.01729583740234,72.01097869873047,74.51631164550781,75.01729583740234,-3.006317138671875,62.23554611206055,72.01097869873047,19,random,"(0, 2)",-4.3782196044921875
5.743221282958984,False,UP,2,hard,"(2, 7)",DOWN,random_hard_21,"(3, 7)",1,17,"(4, 7)",68.32601928710938,65.2144775390625,68.32601928710938,57.82166290283203,-3.111541748046875,58.37900924682617,65.2144775390625,19,random,"(0, 2)",-5.743221282958984
2.5822761154174803,False,UP,1,hard,"(2, 7)",LEFT,random_hard_21,"(2, 7)",0,18,"(3, 7)",60.08207702636719,12.57227611541748,48.943058013916016,60.08207702636719,-47.50980091094971,58.681060791015625,12.57227611541748,19,random,"(0, 2)",-2.5822761154174803
2.91622489929199,True,DOWN,18,hard,"(5, 1)",DOWN,random_hard_22,"(1, 4)",17,0,"(0, 4)",75.96669006347656,77.65693664550781,77.65693664550781,75.96669006347656,1.69024658203125,73.11907958984375,68.56243133544922,18,random,"(0, 4)",2.91622489929199
2.046926651000973,False,DOWN,17,hard,"(5, 1)",UP,random_hard_22,"(2, 4)",16,1,"(1, 4)",81.39713287353516,78.02369689941406,78.02369689941406,79.46137237548828,-3.3734359741210938,75.75827026367188,81.39713287353516,18,random,"(0, 4)",2.046926651000973
2.7094589233398523,True,LEFT,16,hard,"(5, 1)",LEFT,random_hard_22,"(2, 3)",15,2,"(2, 4)",79.56723022460938,80.88951873779297,70.6598129272461,80.88951873779297,1.3222885131835938,75.76258087158203,79.56723022460938,18,random,"(0, 4)",-2.7094589233398523
1.9481342315673942,True,DOWN,15,hard,"(5, 1)",DOWN,random_hard_22,"(3, 3)",14,3,"(2, 3)",78.16641998291016,78.9798583984375,78.9798583984375,78.16641998291016,0.8134384155273438,76.8205337524414,77.87242126464844,18,random,"(0, 4)",-1.9481342315673942
1.2021636199951047,True,DOWN,14,hard,"(5, 1)",DOWN,random_hard_22,"(4, 3)",13,4,"(3, 3)",76.23316192626953,77.8199234008789,77.8199234008789,67.29642486572266,1.586761474609375,63.926395416259766,76.23316192626953,18,random,"(0, 4)",1.2021636199951047
1.0472271728515636,False,DOWN,13,hard,"(5, 1)",UP,random_hard_22,"(5, 3)",12,5,"(4, 3)",79.83039093017578,77.11216735839844,77.11216735839844,75.70380401611328,-2.7182235717773438,79.0490951538086,79.83039093017578,18,random,"(0, 4)",1.0472271728515636
6.875228500366205,False,RIGHT,12,hard,"(5, 1)",UP,random_hard_22,"(5, 4)",11,6,"(5, 3)",78.958984375,71.9731674194336,60.190738677978516,50.999176025390625,-6.985816955566406,71.9731674194336,78.958984375,18,random,"(0, 4)",6.875228500366205
0.23015434265137458,False,RIGHT,11,hard,"(5, 1)",UP,random_hard_22,"(5, 5)",10,7,"(5, 4)",79.65494537353516,78.44842529296875,68.73554229736328,78.06863403320312,-1.2065200805664062,78.44842529296875,79.65494537353516,18,random,"(0, 4)",-0.23015434265137458
0.37093193054198537,False,DOWN,10,hard,"(5, 1)",LEFT,random_hard_22,"(6, 5)",9,8,"(5, 5)",79.0184555053711,75.34757995605469,75.34757995605469,79.0184555053711,-3.6708755493164062,75.138427734375,78.75452423095703,18,random,"(0, 4)",0.37093193054198537
2.879096603393549,False,DOWN,9,hard,"(5, 1)",UP,random_hard_22,"(7, 5)",8,9,"(6, 5)",76.49344635009766,72.29698181152344,72.29698181152344,63.841304779052734,-4.196464538574219,70.45674133300781,76.49344635009766,18,random,"(0, 4)",2.879096603393549
5.2607323455810615,False,LEFT,8,hard,"(5, 1)",UP,random_hard_22,"(7, 4)",7,10,"(7, 5)",75.9455337524414,73.56851959228516,63.55077362060547,73.56851959228516,-2.37701416015625,67.66056823730469,75.9455337524414,18,random,"(0, 4)",-5.2607323455810615
1.2842568206787064,True,LEFT,7,hard,"(5, 1)",LEFT,random_hard_22,"(7, 3)",6,11,"(7, 4)",68.45591735839844,69.00786590576172,61.42889404296875,69.00786590576172,0.5519485473632812,68.45591735839844,63.08378601074219,18,random,"(0, 4)",1.2842568206787064
4.958017807006826,False,LEFT,6,hard,"(5, 1)",RIGHT,random_hard_22,"(7, 2)",5,12,"(7, 3)",71.01224517822266,66.02128601074219,58.74942398071289,66.02128601074219,-4.990959167480469,71.01224517822266,69.46834564208984,18,random,"(0, 4)",4.958017807006826
1.1952101135253912,False,LEFT,5,hard,"(5, 1)",UP,random_hard_22,"(7, 1)",4,13,"(7, 2)",71.70636749267578,63.530677795410156,58.42924499511719,63.530677795410156,-8.175689697265625,65.27252197265625,71.70636749267578,18,random,"(0, 4)",1.1952101135253912
3.3888919830322237,True,LEFT,4,hard,"(5, 1)",LEFT,random_hard_22,"(7, 0)",3,14,"(7, 1)",65.06559753417969,65.38978576660156,51.55936050415039,65.38978576660156,0.324188232421875,65.06559753417969,50.85350799560547,18,random,"(0, 4)",3.3888919830322237
9.383970832824708,True,UP,3,hard,"(5, 1)",UP,random_hard_22,"(6, 0)",2,15,"(7, 0)",67.8099365234375,69.48351287841797,59.104183197021484,56.92214584350586,1.6735763549804688,67.8099365234375,69.48351287841797,18,random,"(0, 4)",-9.383970832824708
0.10234272003173572,False,UP,2,hard,"(5, 1)",DOWN,random_hard_22,"(5, 0)",1,16,"(6, 0)",60.71670913696289,50.206443786621094,60.71670913696289,51.76457214355469,-10.510265350341797,52.59871292114258,50.206443786621094,18,random,"(0, 4)",-0.10234272003173572
3.5577714538574217,False,RIGHT,1,hard,"(5, 1)",DOWN,random_hard_22,"(5, 1)",0,17,"(5, 0)",50.620304107666016,13.547771453857422,50.620304107666016,43.14073944091797,-37.072532653808594,13.547771453857422,17.65390396118164,18,random,"(0, 4)",-3.5577714538574217
0.18159423828124943,True,DOWN,18,hard,"(3, 0)",DOWN,random_hard_23,"(1, 7)",17,0,"(0, 7)",63.70779037475586,65.44134521484375,65.44134521484375,63.70779037475586,1.7335548400878906,54.5131950378418,55.72222137451172,18,random,"(0, 7)",0.18159423828124943
0.6674217987060445,True,DOWN,17,hard,"(3, 0)",DOWN,random_hard_23,"(2, 7)",16,1,"(1, 7)",65.1769790649414,66.2958984375,66.2958984375,63.83255386352539,1.1189193725585938,55.08517837524414,65.1769790649414,18,random,"(0, 7)",0.6674217987060445
1.010239181518557,True,DOWN,16,hard,"(3, 0)",DOWN,random_hard_23,"(3, 7)",15,2,"(2, 7)",66.18933868408203,67.64981842041016,67.64981842041016,65.86517333984375,1.460479736328125,56.215579986572266,66.18933868408203,18,random,"(0, 7)",-1.010239181518557
1.8808576202392544,False,DOWN,15,hard,"(3, 0)",LEFT,random_hard_23,"(4, 7)",14,3,"(3, 7)",67.32280731201172,64.56321716308594,64.56321716308594,67.32280731201172,-2.7595901489257812,56.046295166015625,67.18107604980469,18,random,"(0, 7)",1.8808576202392544
2.8600492095947203,False,DOWN,14,hard,"(3, 0)",UP,random_hard_23,"(5, 7)",13,4,"(4, 7)",67.12532806396484,63.605098724365234,63.605098724365234,66.79854583740234,-3.5202293395996094,57.429256439208984,67.12532806396484,18,random,"(0, 7)",2.8600492095947203
2.3581385803222616,False,DOWN,13,hard,"(3, 0)",UP,random_hard_23,"(6, 7)",12,5,"(5, 7)",67.14661407470703,64.88492584228516,64.88492584228516,57.24871063232422,-2.261688232421875,54.151123046875,67.14661407470703,18,random,"(0, 7)",2.3581385803222616
0.4249347686767635,False,LEFT,12,hard,"(3, 0)",UP,random_hard_23,"(6, 6)",11,6,"(6, 7)",67.93238830566406,65.45191192626953,65.88885498046875,65.45191192626953,-2.4804763793945312,53.473716735839844,67.93238830566406,18,random,"(0, 7)",-0.4249347686767635
0.49797554016112144,True,LEFT,11,hard,"(3, 0)",LEFT,random_hard_23,"(6, 5)",10,7,"(6, 6)",64.32963562011719,65.69391632080078,54.90116500854492,65.69391632080078,1.3642807006835938,64.32963562011719,56.82283020019531,18,random,"(0, 7)",0.49797554016112144
0.7580284881591837,False,DOWN,10,hard,"(3, 0)",UP,random_hard_23,"(7, 5)",9,8,"(6, 5)",66.87059783935547,66.48764038085938,66.48764038085938,57.555633544921875,-0.38295745849609375,61.98349380493164,66.87059783935547,18,random,"(0, 7)",-0.7580284881591837
1.5777391815185524,True,LEFT,9,hard,"(3, 0)",LEFT,random_hard_23,"(7, 4)",8,9,"(7, 5)",66.23291015625,66.40364837646484,56.633644104003906,66.40364837646484,0.17073822021484375,57.25139236450195,66.23291015625,18,random,"(0, 7)",1.5777391815185524
0.5762039947509834,True,LEFT,8,hard,"(3, 0)",LEFT,random_hard_23,"(7, 3)",7,10,"(7, 4)",65.44937133789062,68.67816925048828,53.99501037597656,68.67816925048828,3.2287979125976562,65.44937133789062,56.11125946044922,18,random,"(0, 7)",-0.5762039947509834
1.2344359588623064,True,UP,7,hard,"(3, 0)",UP,random_hard_23,"(6, 3)",6,11,"(7, 3)",66.6211929321289,68.79996490478516,56.6828498840332,66.6211929321289,2.17877197265625,65.54715728759766,68.79996490478516,18,random,"(0, 7)",-1.2344359588623064
1.9078447723388763,True,UP,6,hard,"(3, 0)",UP,random_hard_23,"(5, 3)",5,12,"(6, 3)",64.65021514892578,68.25811004638672,63.77513122558594,64.65021514892578,3.6078948974609375,52.346927642822266,68.25811004638672,18,random,"(0, 7)",-1.9078447723388763
0.4233416748046892,True,LEFT,5,hard,"(3, 0)",LEFT,random_hard_23,"(5, 2)",4,13,"(5, 3)",64.9812240600586,67.03057098388672,64.9812240600586,67.03057098388672,2.049346923828125,57.44356155395508,57.662208557128906,18,random,"(0, 7)",-0.4233416748046892
0.5182003021240149,True,UP,4,hard,"(3, 0)",UP,random_hard_23,"(4, 2)",3,14,"(5, 2)",66.94407653808594,67.29013061523438,64.5860824584961,66.94407653808594,0.3460540771484375,66.40049743652344,67.29013061523438,18,random,"(0, 7)",0.5182003021240149
0.8927587127685541,True,UP,3,hard,"(3, 0)",UP,random_hard_23,"(3, 2)",2,15,"(4, 2)",65.81533813476562,68.50336456298828,65.81533813476562,65.64720916748047,2.6880264282226562,58.18182373046875,68.50336456298828,18,random,"(0, 7)",-0.8927587127685541
3.7046717834472673,False,LEFT,2,hard,"(3, 0)",UP,random_hard_23,"(3, 1)",1,16,"(3, 2)",68.30364227294922,60.10565948486328,65.98346710205078,60.10565948486328,-8.197982788085938,65.73638916015625,68.30364227294922,18,random,"(0, 7)",3.7046717834472673
0.7416293716430662,False,LEFT,1,hard,"(3, 0)",DOWN,random_hard_23,"(3, 0)",0,17,"(3, 1)",64.46498107910156,10.731629371643066,64.46498107910156,10.731629371643066,-53.733351707458496,58.137149810791016,63.613731384277344,18,random,"(0, 7)",-0.7416293716430662
4.13159076690674,True,UP,20,hard,"(7, 0)",UP,random_hard_24,"(0, 0)",19,0,"(1, 0)",51.396873474121094,55.245731353759766,46.56686782836914,51.396873474121094,3.848857879638672,50.42695999145508,55.245731353759766,20,random,"(1, 0)",4.13159076690674
0.9129212188720714,True,RIGHT,19,hard,"(7, 0)",RIGHT,random_hard_24,"(0, 1)",18,1,"(0, 0)",55.61262130737305,59.9871940612793,55.61262130737305,50.68590545654297,4.37457275390625,59.9871940612793,46.0007209777832,20,random,"(1, 0)",-0.9129212188720714
2.634168777465817,True,RIGHT,18,hard,"(7, 0)",RIGHT,random_hard_24,"(0, 2)",17,2,"(0, 1)",58.76717758178711,59.68108367919922,44.42997360229492,58.76717758178711,0.9139060974121094,59.68108367919922,43.82143020629883,20,random,"(1, 0)",-2.634168777465817
2.9016739654541013,False,DOWN,17,hard,"(7, 0)",LEFT,random_hard_24,"(1, 2)",16,3,"(0, 2)",57.63324737548828,57.59022521972656,57.59022521972656,57.63324737548828,-0.04302215576171875,47.804344177246094,46.60281753540039,20,random,"(1, 0)",2.9016739654541013
0.8157850265502944,True,RIGHT,16,hard,"(7, 0)",RIGHT,random_hard_24,"(1, 3)",15,4,"(1, 2)",57.94344711303711,61.11302947998047,49.76388168334961,50.06965637207031,3.1695823669433594,61.11302947998047,57.94344711303711,20,random,"(1, 0)",-0.8157850265502944
2.0055092620849564,True,RIGHT,15,hard,"(7, 0)",RIGHT,random_hard_24,"(1, 4)",14,5,"(1, 3)",60.8370246887207,60.91640853881836,60.8370246887207,58.92366027832031,0.07938385009765625,60.91640853881836,45.91541290283203,20,random,"(1, 0)",-2.0055092620849564
2.6692746734619135,True,RIGHT,14,hard,"(7, 0)",RIGHT,random_hard_24,"(1, 5)",13,6,"(1, 4)",59.25475311279297,59.51605987548828,52.50844955444336,58.172706604003906,0.2613067626953125,59.51605987548828,59.25475311279297,20,random,"(1, 0)",2.6692746734619135
1.9408041763305661,False,RIGHT,13,hard,"(7, 0)",LEFT,random_hard_24,"(1, 6)",12,7,"(1, 5)",62.823570251464844,61.74106216430664,53.060176849365234,62.823570251464844,-1.0825080871582031,61.74106216430664,58.291786193847656,20,random,"(1, 0)",-1.9408041763305661
1.0624328231811546,True,DOWN,12,hard,"(7, 0)",DOWN,random_hard_24,"(2, 6)",11,8,"(1, 6)",59.92304992675781,60.41440200805664,60.41440200805664,59.92304992675781,0.4913520812988281,47.367530822753906,42.958866119384766,20,random,"(1, 0)",1.0624328231811546
1.5222456359863301,True,DOWN,11,hard,"(7, 0)",DOWN,random_hard_24,"(3, 6)",10,9,"(2, 6)",59.304473876953125,62.107913970947266,62.107913970947266,49.51724624633789,2.8034400939941406,58.249610900878906,59.304473876953125,20,random,"(1, 0)",1.5222456359863301
0.13655220031738224,True,DOWN,10,hard,"(7, 0)",DOWN,random_hard_24,"(4, 6)",9,10,"(3, 6)",62.799381256103516,64.28298950195312,64.28298950195312,60.57220458984375,1.4836082458496094,62.799381256103516,57.01878356933594,20,random,"(1, 0)",0.13655220031738224
0.48525428771972656,True,DOWN,9,hard,"(7, 0)",DOWN,random_hard_24,"(5, 6)",8,11,"(4, 6)",63.393497467041016,65.0803451538086,65.0803451538086,54.414405822753906,1.6868476867675781,62.34611129760742,63.393497467041016,20,random,"(1, 0)",-0.48525428771972656
0.32696327209471576,False,LEFT,8,hard,"(7, 0)",UP,random_hard_24,"(5, 5)",7,12,"(5, 6)",65.2576675415039,64.64881896972656,63.91636276245117,64.64881896972656,-0.6088485717773438,50.998294830322266,65.2576675415039,20,random,"(1, 0)",0.32696327209471576
2.1973954391479467,False,LEFT,7,hard,"(7, 0)",DOWN,random_hard_24,"(5, 4)",6,13,"(5, 5)",65.64220428466797,65.5041275024414,65.64220428466797,65.5041275024414,-0.1380767822265625,64.04474639892578,56.013427734375,20,random,"(1, 0)",-2.1973954391479467
2.487942466735838,False,LEFT,6,hard,"(7, 0)",DOWN,random_hard_24,"(5, 3)",5,14,"(5, 4)",63.956295013427734,63.77730178833008,63.956295013427734,63.77730178833008,-0.17899322509765625,61.860897064208984,59.94623947143555,20,random,"(1, 0)",-2.487942466735838
2.027468299865724,True,LEFT,5,hard,"(7, 0)",LEFT,random_hard_24,"(5, 2)",4,15,"(5, 3)",61.30486297607422,61.91854476928711,59.66823196411133,61.91854476928711,0.6136817932128906,61.30486297607422,58.629520416259766,20,random,"(1, 0)",-2.027468299865724
3.5499920654296915,False,LEFT,4,hard,"(7, 0)",RIGHT,random_hard_24,"(5, 1)",3,16,"(5, 2)",60.50613784790039,58.90771484375,45.52708053588867,58.90771484375,-1.5984230041503906,60.50613784790039,55.256309509277344,20,random,"(1, 0)",3.5499920654296915
0.3626493453979478,False,DOWN,3,hard,"(7, 0)",RIGHT,random_hard_24,"(6, 1)",2,17,"(5, 1)",63.09869384765625,56.77116775512695,56.77116775512695,46.298580169677734,-6.327526092529297,63.09869384765625,43.53413391113281,20,random,"(1, 0)",0.3626493453979478
3.4108061218261696,False,DOWN,2,hard,"(7, 0)",UP,random_hard_24,"(7, 1)",1,18,"(6, 1)",57.72102737426758,55.49753189086914,55.49753189086914,55.95384216308594,-2.2234954833984375,48.4608154296875,57.72102737426758,20,random,"(1, 0)",-3.4108061218261696
4.100390186309815,False,LEFT,1,hard,"(7, 0)",UP,random_hard_24,"(7, 0)",0,19,"(7, 1)",52.622955322265625,5.8896098136901855,43.22896957397461,5.8896098136901855,-46.73334550857544,43.042015075683594,52.622955322265625,20,random,"(1, 0)",4.100390186309815
1.5236543273925776,True,LEFT,18,hard,"(1, 6)",LEFT,random_hard_25,"(2, 0)",17,0,"(2, 1)",69.98246002197266,77.92210388183594,69.98246002197266,77.92210388183594,7.939643859863281,69.20429992675781,67.5992660522461,18,random,"(2, 1)",-1.5236543273925776
2.3015592956543003,False,DOWN,17,hard,"(1, 6)",RIGHT,random_hard_25,"(3, 0)",16,1,"(2, 0)",77.18025207519531,75.83100891113281,75.83100891113281,68.46015930175781,-1.3492431640625,77.18025207519531,63.61308288574219,18,random,"(2, 1)",-2.3015592956543003
1.247525329589834,True,DOWN,16,hard,"(1, 6)",DOWN,random_hard_25,"(4, 0)",15,2,"(3, 0)",73.4926986694336,74.28227233886719,74.28227233886719,66.43211364746094,0.7895736694335938,67.3883056640625,73.4926986694336,18,random,"(2, 1)",1.247525329589834
0.3606515502929568,False,DOWN,15,hard,"(1, 6)",UP,random_hard_25,"(5, 0)",14,3,"(4, 0)",76.30282592773438,74.86726379394531,74.86726379394531,69.37097930908203,-1.4355621337890625,65.0740966796875,76.30282592773438,18,random,"(2, 1)",0.3606515502929568
5.4200180816650345,False,DOWN,14,hard,"(1, 6)",UP,random_hard_25,"(6, 0)",13,4,"(5, 0)",75.99789428710938,71.36512756347656,71.36512756347656,65.3652572631836,-4.6327667236328125,60.335636138916016,75.99789428710938,18,random,"(2, 1)",5.4200180816650345
4.169227828979487,False,DOWN,13,hard,"(1, 6)",UP,random_hard_25,"(7, 0)",12,5,"(6, 0)",77.57085418701172,74.10054016113281,74.10054016113281,64.84033966064453,-3.4703140258789062,61.879188537597656,77.57085418701172,18,random,"(2, 1)",4.169227828979487
0.8838875579833996,False,RIGHT,12,hard,"(1, 6)",UP,random_hard_25,"(7, 1)",11,6,"(7, 0)",79.07047271728516,76.02490234375,66.94944763183594,65.27877044677734,-3.0455703735351562,76.02490234375,79.07047271728516,18,random,"(2, 1)",0.8838875579833996
1.0609243774413954,False,RIGHT,11,hard,"(1, 6)",LEFT,random_hard_25,"(7, 2)",10,7,"(7, 1)",77.69574737548828,75.89879608154297,68.618896484375,77.69574737548828,-1.7969512939453125,75.89879608154297,65.21292877197266,18,random,"(2, 1)",1.0609243774413954
3.5822233581542946,True,UP,10,hard,"(1, 6)",UP,random_hard_25,"(6, 2)",9,8,"(7, 2)",75.73365020751953,77.7471923828125,66.08132934570312,75.73365020751953,2.0135421752929688,66.42233276367188,77.7471923828125,18,random,"(2, 1)",3.5822233581542946
2.793913345336918,True,UP,9,hard,"(1, 6)",UP,random_hard_25,"(5, 2)",8,9,"(6, 2)",76.74402618408203,82.16102600097656,76.74402618408203,67.94445037841797,5.416999816894531,76.1623306274414,82.16102600097656,18,random,"(2, 1)",-2.793913345336918
1.4011270904540964,False,RIGHT,8,hard,"(1, 6)",UP,random_hard_25,"(5, 3)",7,10,"(5, 2)",80.17890167236328,77.15150451660156,76.54566955566406,69.73411560058594,-3.0273971557617188,77.15150451660156,80.17890167236328,18,random,"(2, 1)",1.4011270904540964
2.930555038452141,True,RIGHT,7,hard,"(1, 6)",RIGHT,random_hard_25,"(5, 4)",6,11,"(5, 3)",77.05571746826172,79.35619354248047,74.31672668457031,77.05571746826172,2.30047607421875,79.35619354248047,71.95571899414062,18,random,"(2, 1)",2.930555038452141
2.4051483917236283,False,RIGHT,6,hard,"(1, 6)",UP,random_hard_25,"(5, 5)",5,12,"(5, 4)",83.1280288696289,79.33860778808594,78.909912109375,80.94402313232422,-3.7894210815429688,79.33860778808594,83.1280288696289,18,random,"(2, 1)",2.4051483917236283
1.776422805786126,False,RIGHT,5,hard,"(1, 6)",LEFT,random_hard_25,"(5, 6)",4,13,"(5, 5)",82.57955169677734,81.90419006347656,79.77728271484375,82.57955169677734,-0.6753616333007812,81.90419006347656,76.34957122802734,18,random,"(2, 1)",1.776422805786126
0.04315711975097258,True,UP,4,hard,"(1, 6)",UP,random_hard_25,"(4, 6)",3,14,"(5, 6)",81.5853042602539,84.53597259521484,78.74673461914062,81.5853042602539,2.9506683349609375,81.42610168457031,84.53597259521484,18,random,"(2, 1)",0.04315711975097258
4.6749900054931715,True,UP,3,hard,"(1, 6)",UP,random_hard_25,"(3, 6)",2,15,"(4, 6)",83.09318542480469,85.44356536865234,81.30804443359375,72.3099136352539,2.3503799438476562,83.09318542480469,85.44356536865234,18,random,"(2, 1)",-4.6749900054931715
10.441586074829104,True,UP,2,hard,"(1, 6)",UP,random_hard_25,"(2, 6)",1,16,"(3, 6)",80.70413208007812,81.59452056884766,78.64080810546875,74.7756118774414,0.8903884887695312,80.70413208007812,81.59452056884766,18,random,"(2, 1)",-10.441586074829104
6.498336563110351,False,UP,1,hard,"(1, 6)",LEFT,random_hard_25,"(1, 6)",0,17,"(2, 6)",71.88175201416016,16.48833656311035,56.52983474731445,71.88175201416016,-55.393415451049805,65.4163589477539,16.48833656311035,18,random,"(2, 1)",-6.498336563110351
0.9808096313476611,False,DOWN,18,hard,"(0, 7)",LEFT,random_hard_26,"(5, 1)",17,0,"(4, 1)",62.999996185302734,61.786861419677734,61.786861419677734,62.999996185302734,-1.213134765625,61.12058639526367,61.190364837646484,18,random,"(4, 1)",0.9808096313476611
0.33148513793945256,False,LEFT,17,hard,"(0, 7)",UP,random_hard_26,"(5, 0)",16,1,"(5, 1)",63.41178894042969,63.312984466552734,54.29883575439453,63.312984466552734,-0.09880447387695312,56.8149299621582,63.41178894042969,18,random,"(4, 1)",-0.33148513793945256
1.9240532684326155,False,DOWN,16,hard,"(0, 7)",RIGHT,random_hard_26,"(6, 0)",15,2,"(5, 0)",63.627777099609375,61.69044876098633,61.69044876098633,54.94896697998047,-1.9373283386230469,63.627777099609375,62.77511978149414,18,random,"(4, 1)",1.9240532684326155
0.6952201461791958,False,DOWN,15,hard,"(0, 7)",UP,random_hard_26,"(7, 0)",14,3,"(6, 0)",64.26717376708984,63.51808547973633,63.51808547973633,54.851505279541016,-0.7490882873535156,53.4731559753418,64.26717376708984,18,random,"(4, 1)",-0.6952201461791958
0.8711299133300656,True,RIGHT,14,hard,"(0, 7)",RIGHT,random_hard_26,"(7, 1)",13,4,"(7, 0)",63.32175827026367,63.4675407409668,52.32320022583008,54.1900634765625,0.145782470703125,63.4675407409668,63.32175827026367,18,random,"(4, 1)",0.8711299133300656
0.6930313873291141,True,RIGHT,13,hard,"(0, 7)",RIGHT,random_hard_26,"(7, 2)",12,5,"(7, 1)",63.57244873046875,64.9986572265625,53.760623931884766,63.57244873046875,1.42620849609375,64.9986572265625,53.71955108642578,18,random,"(4, 1)",-0.6930313873291141
0.49215728759764943,True,RIGHT,12,hard,"(0, 7)",RIGHT,random_hard_26,"(7, 3)",11,6,"(7, 2)",64.90470123291016,64.96527862548828,55.811119079589844,64.63291931152344,0.060577392578125,64.96527862548828,64.90470123291016,18,random,"(4, 1)",0.49215728759764943
0.9118048858642567,True,RIGHT,11,hard,"(0, 7)",RIGHT,random_hard_26,"(7, 4)",10,7,"(7, 3)",63.99885559082031,66.12872314453125,52.42924880981445,63.99885559082031,2.1298675537109375,66.12872314453125,60.65497589111328,18,random,"(4, 1)",0.9118048858642567
0.10099884033203921,True,UP,10,hard,"(0, 7)",UP,random_hard_26,"(6, 4)",9,8,"(7, 4)",63.40601348876953,67.7278060913086,56.21843338012695,63.40601348876953,4.3217926025390625,58.69895553588867,67.7278060913086,18,random,"(4, 1)",-0.10099884033203921
2.5078173828125045,True,UP,9,hard,"(0, 7)",UP,random_hard_26,"(5, 4)",8,9,"(6, 4)",65.79266357421875,68.32000732421875,65.79266357421875,57.13941192626953,2.52734375,65.15043640136719,68.32000732421875,18,random,"(4, 1)",-2.5078173828125045
1.64002670288086,False,RIGHT,8,hard,"(0, 7)",LEFT,random_hard_26,"(5, 5)",7,10,"(5, 4)",66.487060546875,66.35031127929688,65.99906921386719,66.487060546875,-0.136749267578125,66.35031127929688,60.10755920410156,18,random,"(4, 1)",1.64002670288086
0.4086525726318371,True,UP,7,hard,"(0, 7)",UP,random_hard_26,"(4, 5)",6,11,"(5, 5)",67.87357330322266,68.68721008300781,66.76770782470703,67.87357330322266,0.8136367797851562,55.92771530151367,68.68721008300781,18,random,"(4, 1)",0.4086525726318371
1.6587477874755905,True,UP,6,hard,"(0, 7)",UP,random_hard_26,"(3, 5)",5,12,"(4, 5)",67.66012573242188,69.80390167236328,67.66012573242188,56.52140426635742,2.1437759399414062,66.18123626708984,69.80390167236328,18,random,"(4, 1)",-1.6587477874755905
1.3177448272705163,True,UP,5,hard,"(0, 7)",UP,random_hard_26,"(2, 5)",4,13,"(3, 5)",68.71614837646484,68.84358978271484,67.57939147949219,67.7330551147461,0.12744140625,68.71614837646484,68.84358978271484,18,random,"(4, 1)",-1.3177448272705163
0.5767965698242108,False,RIGHT,4,hard,"(0, 7)",LEFT,random_hard_26,"(2, 6)",3,14,"(2, 5)",68.21802520751953,67.9609146118164,67.902587890625,68.21802520751953,-0.257110595703125,67.9609146118164,57.80328369140625,18,random,"(4, 1)",0.5767965698242108
0.17826774597168082,True,UP,3,hard,"(0, 7)",UP,random_hard_26,"(1, 6)",2,15,"(2, 6)",68.87211608886719,69.2401123046875,66.56483459472656,68.87211608886719,0.3679962158203125,65.49882507324219,69.2401123046875,18,random,"(4, 1)",0.17826774597168082
3.8647900390624983,False,UP,2,hard,"(0, 7)",DOWN,random_hard_26,"(0, 6)",1,16,"(1, 6)",70.12967681884766,67.7969741821289,70.12967681884766,51.82387161254883,-2.33270263671875,50.67991256713867,67.7969741821289,18,random,"(4, 1)",3.8647900390624983
1.1359765624999998,False,RIGHT,1,hard,"(0, 7)",DOWN,random_hard_26,"(0, 7)",0,17,"(0, 6)",72.39572143554688,11.1259765625,72.39572143554688,44.88462829589844,-61.269744873046875,11.1259765625,57.0491828918457,18,random,"(4, 1)",-1.1359765624999998
3.8349670410156165,False,UP,19,hard,"(5, 6)",DOWN,random_hard_27,"(0, 3)",18,0,"(1, 3)",74.91661071777344,68.85172271728516,74.91661071777344,71.59046936035156,-6.064888000488281,74.33666229248047,68.85172271728516,19,random,"(1, 3)",3.8349670410156165
3.7713851928710938,False,LEFT,18,hard,"(5, 6)",DOWN,random_hard_27,"(0, 2)",17,1,"(0, 3)",73.43099975585938,69.90612030029297,73.43099975585938,69.90612030029297,-3.5248794555664062,71.85437774658203,57.919429779052734,19,random,"(1, 3)",3.7713851928710938
0.7668685913085938,False,LEFT,17,hard,"(5, 6)",DOWN,random_hard_27,"(0, 1)",16,2,"(0, 2)",74.43182373046875,69.64543151855469,74.43182373046875,69.64543151855469,-4.7863922119140625,70.0836181640625,60.70241165161133,19,random,"(1, 3)",0.7668685913085938
2.2913491058349535,False,LEFT,16,hard,"(5, 6)",RIGHT,random_hard_27,"(0, 0)",15,3,"(0, 1)",71.13363647460938,69.35005950927734,61.934051513671875,69.35005950927734,-1.7835769653320312,71.13363647460938,58.89210510253906,19,random,"(1, 3)",2.2913491058349535
3.2368113708496082,True,DOWN,15,hard,"(5, 6)",DOWN,random_hard_27,"(1, 0)",14,4,"(0, 0)",68.83478546142578,72.37516021728516,72.37516021728516,63.20451736450195,3.540374755859375,68.83478546142578,57.547706604003906,19,random,"(1, 3)",-3.2368113708496082
0.9403585815429665,True,DOWN,14,hard,"(5, 6)",DOWN,random_hard_27,"(2, 0)",13,5,"(1, 0)",66.39148712158203,69.84681701660156,69.84681701660156,61.151458740234375,3.4553298950195312,57.39885711669922,66.39148712158203,19,random,"(1, 3)",0.9403585815429665
4.006250305175783,True,DOWN,13,hard,"(5, 6)",DOWN,random_hard_27,"(3, 0)",12,6,"(2, 0)",65.03557586669922,71.51229858398438,71.51229858398438,59.915184020996094,6.476722717285156,58.973995208740234,65.03557586669922,19,random,"(1, 3)",-4.006250305175783
1.319848480224607,True,DOWN,12,hard,"(5, 6)",DOWN,random_hard_27,"(4, 0)",11,7,"(3, 0)",66.64905548095703,68.19802856445312,68.19802856445312,61.13134002685547,1.5489730834960938,66.52613830566406,66.64905548095703,19,random,"(1, 3)",1.319848480224607
0.7156194305419916,True,DOWN,11,hard,"(5, 6)",DOWN,random_hard_27,"(5, 0)",10,8,"(4, 0)",68.03329467773438,70.23017883300781,70.23017883300781,57.72586441040039,2.1968841552734375,58.16098403930664,68.03329467773438,19,random,"(1, 3)",0.7156194305419916
2.2518658447265523,False,DOWN,10,hard,"(5, 6)",RIGHT,random_hard_27,"(6, 0)",9,9,"(5, 0)",71.67252349853516,70.81417083740234,70.81417083740234,60.14716339111328,-0.8583526611328125,71.67252349853516,67.46124267578125,19,random,"(1, 3)",2.2518658447265523
0.6004560089111379,True,DOWN,9,hard,"(5, 6)",DOWN,random_hard_27,"(7, 0)",8,10,"(6, 0)",68.79412841796875,73.81417846679688,73.81417846679688,59.279930114746094,5.020050048828125,63.68057632446289,68.79412841796875,19,random,"(1, 3)",-0.6004560089111379
1.6927816772461028,True,RIGHT,8,hard,"(5, 6)",RIGHT,random_hard_27,"(7, 1)",7,11,"(7, 0)",69.66667175292969,73.9633560180664,62.93770217895508,60.886146545410156,4.296684265136719,73.9633560180664,69.66667175292969,19,random,"(1, 3)",-1.6927816772461028
1.2052267456054722,True,RIGHT,7,hard,"(5, 6)",RIGHT,random_hard_27,"(7, 2)",6,12,"(7, 1)",69.6393814086914,73.01068115234375,60.00709915161133,69.6393814086914,3.3712997436523438,73.01068115234375,54.25987243652344,19,random,"(1, 3)",-1.2052267456054722
3.071779022216802,True,RIGHT,6,hard,"(5, 6)",RIGHT,random_hard_27,"(7, 3)",5,13,"(7, 2)",68.62397003173828,72.54086303710938,58.78786087036133,68.62397003173828,3.9168930053710938,72.54086303710938,60.61560821533203,19,random,"(1, 3)",-3.071779022216802
1.0886708831787217,True,RIGHT,5,hard,"(5, 6)",RIGHT,random_hard_27,"(7, 4)",4,14,"(7, 3)",69.14259338378906,70.18089294433594,58.586185455322266,69.14259338378906,1.038299560546875,70.18089294433594,58.168575286865234,19,random,"(1, 3)",-1.0886708831787217
4.438333053588863,True,UP,4,hard,"(5, 6)",UP,random_hard_27,"(6, 4)",3,15,"(7, 4)",69.0963134765625,69.80022430419922,59.72239303588867,69.0963134765625,0.7039108276367188,66.47573852539062,69.80022430419922,19,random,"(1, 3)",4.438333053588863
1.1758666992187585,True,UP,3,hard,"(5, 6)",UP,random_hard_27,"(5, 4)",2,16,"(6, 4)",71.86919403076172,74.99854278564453,71.86919403076172,55.74150848388672,3.1293487548828125,68.53739166259766,74.99854278564453,19,random,"(1, 3)",-1.1758666992187585
6.859392318725597,True,RIGHT,2,hard,"(5, 6)",RIGHT,random_hard_27,"(5, 5)",1,17,"(5, 4)",68.11585998535156,74.57846069335938,68.11585998535156,59.03437042236328,6.4626007080078125,74.57846069335938,62.38948059082031,19,random,"(1, 3)",-6.859392318725597
2.320917835235596,False,RIGHT,1,hard,"(5, 6)",LEFT,random_hard_27,"(5, 6)",0,18,"(5, 5)",68.41320037841797,7.669082164764404,63.53135681152344,68.41320037841797,-60.744118213653564,7.669082164764404,57.018150329589844,19,random,"(1, 3)",2.320917835235596
0.5183160400390605,True,UP,18,hard,"(7, 2)",UP,random_hard_28,"(5, 7)",17,0,"(6, 7)",49.40119934082031,53.037864685058594,49.40119934082031,39.87998962402344,3.6366653442382812,38.21753692626953,53.037864685058594,18,random,"(6, 7)",-0.5183160400390605
0.5268095397949182,True,UP,17,hard,"(7, 2)",UP,random_hard_28,"(4, 7)",16,1,"(5, 7)",50.14783477783203,53.060150146484375,49.695457458496094,50.14783477783203,2.9123153686523438,41.77488708496094,53.060150146484375,18,random,"(6, 7)",-0.5268095397949182
0.5154470062255854,True,UP,16,hard,"(7, 2)",UP,random_hard_28,"(3, 7)",15,2,"(4, 7)",52.114112854003906,53.07408142089844,51.65542221069336,52.114112854003906,0.9599685668945312,41.69157791137695,53.07408142089844,18,random,"(6, 7)",0.5154470062255854
0.519901618957519,True,UP,15,hard,"(7, 2)",UP,random_hard_28,"(2, 7)",14,3,"(3, 7)",53.83090591430664,54.14093780517578,53.322540283203125,53.83090591430664,0.3100318908691406,42.794559478759766,54.14093780517578,18,random,"(6, 7)",-0.519901618957519
0.29879707336426264,False,UP,14,hard,"(7, 2)",DOWN,random_hard_28,"(1, 7)",13,4,"(2, 7)",54.17276382446289,52.78070068359375,54.17276382446289,52.76713562011719,-1.3920631408691406,43.49626922607422,52.78070068359375,18,random,"(6, 7)",0.29879707336426264
2.101301383972171,False,LEFT,13,hard,"(7, 2)",DOWN,random_hard_28,"(1, 6)",12,5,"(1, 7)",53.625755310058594,52.88433837890625,53.625755310058594,52.88433837890625,-0.7414169311523438,44.02872085571289,52.74231719970703,18,random,"(6, 7)",2.101301383972171
3.7501414489746097,False,LEFT,12,hard,"(7, 2)",DOWN,random_hard_28,"(1, 5)",11,6,"(1, 6)",55.551151275634766,51.4384765625,55.551151275634766,51.4384765625,-4.112674713134766,53.28388214111328,52.835906982421875,18,random,"(6, 7)",3.7501414489746097
1.73894351959229,False,LEFT,11,hard,"(7, 2)",RIGHT,random_hard_28,"(1, 4)",10,7,"(1, 5)",55.75617980957031,54.68742752075195,46.46957778930664,54.68742752075195,-1.0687522888183594,55.75617980957031,51.42245864868164,18,random,"(6, 7)",1.73894351959229
0.6055616378784165,False,DOWN,10,hard,"(7, 2)",RIGHT,random_hard_28,"(2, 4)",9,8,"(1, 4)",57.00643539428711,56.037174224853516,56.037174224853516,56.26648712158203,-0.9692611694335938,57.00643539428711,54.779571533203125,18,random,"(6, 7)",-0.6055616378784165
3.1675142669677783,False,LEFT,9,hard,"(7, 2)",UP,random_hard_28,"(2, 3)",8,9,"(2, 4)",56.00162887573242,52.1881103515625,53.953582763671875,52.1881103515625,-3.813518524169922,44.31023025512695,56.00162887573242,18,random,"(6, 7)",3.1675142669677783
0.35332504272460596,False,LEFT,8,hard,"(7, 2)",UP,random_hard_28,"(2, 2)",7,10,"(2, 3)",55.92487335205078,54.47284698486328,43.17525863647461,54.47284698486328,-1.4520263671875,52.804073333740234,55.92487335205078,18,random,"(6, 7)",-0.35332504272460596
0.4213258361816443,False,DOWN,7,hard,"(7, 2)",RIGHT,random_hard_28,"(3, 2)",6,11,"(2, 2)",54.67628479003906,52.468143463134766,52.468143463134766,53.514732360839844,-2.208141326904297,54.67628479003906,54.546058654785156,18,random,"(6, 7)",0.4213258361816443
2.718502960205079,False,LEFT,6,hard,"(7, 2)",UP,random_hard_28,"(3, 1)",5,12,"(3, 2)",53.433807373046875,50.69054412841797,41.77277374267578,50.69054412841797,-2.7432632446289062,41.890045166015625,53.433807373046875,18,random,"(6, 7)",2.718502960205079
0.06019073486327642,True,DOWN,5,hard,"(7, 2)",DOWN,random_hard_28,"(4, 1)",4,13,"(3, 1)",52.964996337890625,53.95863342285156,53.95863342285156,44.58061218261719,0.9936370849609375,52.8995475769043,52.964996337890625,18,random,"(6, 7)",-0.06019073486327642
0.5317262649536119,False,DOWN,4,hard,"(7, 2)",UP,random_hard_28,"(5, 1)",3,14,"(4, 1)",54.452972412109375,52.27057647705078,52.27057647705078,49.966590881347656,-2.1823959350585938,44.67525100708008,54.452972412109375,18,random,"(6, 7)",0.5317262649536119
1.1239888000488278,False,DOWN,3,hard,"(7, 2)",UP,random_hard_28,"(6, 1)",2,15,"(5, 1)",53.345760345458984,52.605430603027344,52.605430603027344,52.07109069824219,-0.7403297424316406,48.85228729248047,53.345760345458984,18,random,"(6, 7)",1.1239888000488278
1.916741828918454,False,RIGHT,2,hard,"(7, 2)",UP,random_hard_28,"(6, 2)",1,16,"(6, 1)",54.28224182128906,44.18179702758789,39.0515251159668,50.78078079223633,-10.100444793701172,44.18179702758789,54.28224182128906,18,random,"(6, 7)",-1.916741828918454
0.9983661270141599,False,DOWN,1,hard,"(7, 2)",RIGHT,random_hard_28,"(7, 2)",0,17,"(6, 2)",42.70207595825195,10.98836612701416,10.98836612701416,41.58131790161133,-31.713709831237793,42.70207595825195,37.9400749206543,18,random,"(6, 7)",-0.9983661270141599
0.27954414367675895,True,DOWN,18,hard,"(4, 2)",DOWN,random_hard_29,"(2, 7)",17,0,"(1, 7)",58.588531494140625,67.50550079345703,67.50550079345703,56.087459564208984,8.916969299316406,56.43741226196289,58.588531494140625,18,random,"(1, 7)",-0.27954414367675895
0.7495408630370974,True,DOWN,17,hard,"(4, 2)",DOWN,random_hard_29,"(3, 7)",16,1,"(2, 7)",64.82332611083984,67.91510772705078,67.91510772705078,56.71610641479492,3.0917816162109375,56.64519119262695,64.82332611083984,18,random,"(1, 7)",0.7495408630370974
0.7313755798339798,True,DOWN,16,hard,"(4, 2)",DOWN,random_hard_29,"(4, 7)",15,2,"(3, 7)",67.62295532226562,69.36833190917969,69.36833190917969,61.078025817871094,1.7453765869140625,57.79691696166992,67.62295532226562,18,random,"(1, 7)",0.7313755798339798
0.4812111663818257,False,DOWN,15,hard,"(4, 2)",UP,random_hard_29,"(5, 7)",14,3,"(4, 7)",70.81788635253906,69.64761352539062,69.64761352539062,68.8546142578125,-1.1702728271484375,60.48526382446289,70.81788635253906,18,random,"(1, 7)",0.4812111663818257
0.6038067626953136,False,DOWN,14,hard,"(4, 2)",UP,random_hard_29,"(6, 7)",13,4,"(5, 7)",70.84729766845703,69.00861358642578,69.00861358642578,60.133018493652344,-1.83868408203125,60.08956527709961,70.84729766845703,18,random,"(1, 7)",-0.6038067626953136
0.8312740325927734,False,LEFT,13,hard,"(4, 2)",UP,random_hard_29,"(6, 6)",12,5,"(6, 7)",69.10586547851562,67.27751922607422,67.40464782714844,67.27751922607422,-1.8283462524414062,59.61684036254883,69.10586547851562,18,random,"(1, 7)",0.8312740325927734
0.9863400268554585,False,LEFT,12,hard,"(4, 2)",RIGHT,random_hard_29,"(6, 5)",11,6,"(6, 6)",68.8068618774414,67.6973876953125,67.26405334472656,67.6973876953125,-1.1094741821289062,68.8068618774414,61.02081298828125,18,random,"(1, 7)",0.9863400268554585
3.5357642364501913,False,LEFT,11,hard,"(4, 2)",UP,random_hard_29,"(6, 4)",10,7,"(6, 5)",69.38760375976562,66.01042938232422,67.51403045654297,66.01042938232422,-3.3771743774414062,68.93863677978516,69.38760375976562,18,random,"(1, 7)",3.5357642364501913
4.329071807861325,False,LEFT,10,hard,"(4, 2)",RIGHT,random_hard_29,"(6, 3)",9,8,"(6, 4)",70.25878143310547,64.87616729736328,65.60379028320312,64.87616729736328,-5.3826141357421875,70.25878143310547,67.58317565917969,18,random,"(1, 7)",4.329071807861325
0.8654040527343625,False,LEFT,9,hard,"(4, 2)",RIGHT,random_hard_29,"(6, 2)",8,9,"(6, 3)",69.91438293457031,65.40912628173828,66.59566497802734,65.40912628173828,-4.505256652832031,69.91438293457031,59.19133758544922,18,random,"(1, 7)",0.8654040527343625
0.701583328247068,False,LEFT,8,hard,"(4, 2)",RIGHT,random_hard_29,"(6, 1)",7,10,"(6, 2)",66.95407104492188,65.5074691772461,61.02204895019531,65.5074691772461,-1.4466018676757812,66.95407104492188,46.376007080078125,18,random,"(1, 7)",0.701583328247068
1.1588932037353459,False,UP,7,hard,"(4, 2)",DOWN,random_hard_29,"(5, 1)",6,11,"(6, 1)",66.88793182373047,63.5323486328125,66.88793182373047,66.41364288330078,-3.3555831909179688,64.91561889648438,63.5323486328125,18,random,"(1, 7)",1.1588932037353459
4.406078109741202,True,LEFT,6,hard,"(4, 2)",LEFT,random_hard_29,"(5, 0)",5,12,"(5, 1)",60.37185287475586,65.35478973388672,60.37185287475586,65.35478973388672,4.982936859130859,53.20162582397461,49.039398193359375,18,random,"(1, 7)",4.406078109741202
2.2893372344970686,False,UP,5,hard,"(4, 2)",DOWN,random_hard_29,"(4, 0)",4,13,"(5, 0)",70.47562408447266,67.12594604492188,70.47562408447266,57.56536102294922,-3.3496780395507812,66.9124526977539,67.12594604492188,18,random,"(1, 7)",2.2893372344970686
2.2400659179687494,True,UP,4,hard,"(4, 2)",UP,random_hard_29,"(3, 0)",3,14,"(4, 0)",69.68954467773438,70.12654876708984,69.68954467773438,52.84337615966797,0.43700408935546875,55.74516296386719,70.12654876708984,18,random,"(1, 7)",-2.2400659179687494
0.6970767211913937,False,RIGHT,3,hard,"(4, 2)",DOWN,random_hard_29,"(3, 1)",2,15,"(3, 0)",68.58230590820312,66.01477813720703,68.58230590820312,54.046573638916016,-2.5675277709960938,66.01477813720703,67.32072448730469,18,random,"(1, 7)",0.6970767211913937
7.101904144287104,False,RIGHT,2,hard,"(4, 2)",LEFT,random_hard_29,"(3, 2)",1,16,"(3, 1)",67.39581298828125,62.28485107421875,53.92464828491211,67.39581298828125,-5.1109619140625,62.28485107421875,67.01829528808594,18,random,"(1, 7)",7.101904144287104
14.546853790283203,False,DOWN,1,hard,"(4, 2)",RIGHT,random_hard_29,"(4, 2)",0,17,"(3, 2)",70.09773254394531,24.536853790283203,24.536853790283203,61.67755126953125,-45.56087875366211,70.09773254394531,38.39509963989258,18,random,"(1, 7)",-14.546853790283203
